2026-01-20 15:51:14.136 [INFO] [TRACER] Tracing enabled, writing to: ./erpl_web_trace.log
2026-01-20 15:51:14.137 [INFO] [TRACER] Trace level set to: DEBUG
2026-01-20 15:51:16.99 [DEBUG] [SECRET_BEARER] Creating HTTP Bearer token secret
2026-01-20 15:51:16.99 [DEBUG] [SECRET_BEARER] Using custom scope with 1 entries
2026-01-20 15:51:16.99 [DEBUG] [SECRET_BEARER] Set token parameter
2026-01-20 15:51:16.99 [INFO] [SECRET_BEARER] Successfully created HTTP Bearer token secret
2026-01-20 15:51:17.455 [DEBUG] [HTTP_AUTH] Found http_bearer secret for URL: http://localhost:4444/odata/ADMIN/app
2026-01-20 15:51:17.455 [INFO] [ODATA_BIND] Binding OData read function for URL: http://localhost:4444/odata/ADMIN/app
2026-01-20 15:51:17.455 [DEBUG] [ODATA_FACTORY] Probing URL: http://localhost:4444/odata/ADMIN/app
2026-01-20 15:51:17.456 [INFO] [HTTP_REQUEST_REPRO] Reproduce with: SELECT * FROM http_get('http://localhost:4444/odata/ADMIN/app?$format=json', headers := MAP{'Authorization': 'Bearer eyJhbGciOiJIUzI1NiJ9.eyJpc3MiOiJodHRwOi8vbG9jYWxob3N0OjQ0NDQiLCJzdWIiOiJ7XCJhY3RpdmVcIjp0cnVlLFwiZXhjbHVkZWRcIjpmYWxzZSxcImZpcnN0X25hbWVcIjpcIlN1cGVyXCIsXCJsYW5nX2lkXCI6MSxcImxhc3RfbmFtZVwiOlwiQWRtaW5cIixcInJvbGVfaWRcIjoxLFwidXNlcl9pZFwiOjEsXCJ1c2VybmFtZVwiOlwicm9vdFwifSIsImF1ZCI6WyJodHRwOi8vbG9jYWxob3N0OjQ0NDQiXSwiZXhwIjoxNzc0MDg0NzU1LjgzMzE4OTcsIm5iZiI6MTc2ODkwMDc1NS44MzMxOTA3LCJpYXQiOjE3Njg5MDA3NTUuODMzMTkwMn0.nKV-u4pSDHrsDNaaPkCnfXSs8jOtofXSggQ-MS5CtQA'}, url_encode := false);
2026-01-20 15:51:17.456 [INFO] [HTTP_REQUEST] Executing GET request to: /odata/ADMIN/app?$format=json
2026-01-20 15:51:17.456 [DEBUG] [HTTP_REQUEST] Request headers:
2026-01-20 15:51:17.456 [DEBUG] [HTTP_REQUEST]   Authorization: Bearer eyJhbGciOiJIUzI1NiJ9.eyJpc3MiOiJodHRwOi8vbG9jYWxob3N0OjQ0NDQiLCJzdWIiOiJ7XCJhY3RpdmVcIjp0cnVlLFwiZXhjbHVkZWRcIjpmYWxzZSxcImZpcnN0X25hbWVcIjpcIlN1cGVyXCIsXCJsYW5nX2lkXCI6MSxcImxhc3RfbmFtZVwiOlwiQWRtaW5cIixcInJvbGVfaWRcIjoxLFwidXNlcl9pZFwiOjEsXCJ1c2VybmFtZVwiOlwicm9vdFwifSIsImF1ZCI6WyJodHRwOi8vbG9jYWxob3N0OjQ0NDQiXSwiZXhwIjoxNzc0MDg0NzU1LjgzMzE4OTcsIm5iZiI6MTc2ODkwMDc1NS44MzMxOTA3LCJpYXQiOjE3Njg5MDA3NTUuODMzMTkwMn0.nKV-u4pSDHrsDNaaPkCnfXSs8jOtofXSggQ-MS5CtQA
2026-01-20 15:51:17.469 [INFO] [HTTP_RESPONSE] Response status: 200
2026-01-20 15:51:17.469 [DEBUG] [HTTP_RESPONSE] Response headers:
2026-01-20 15:51:17.469 [DEBUG] [HTTP_RESPONSE]   Access-Control-Allow-Headers: Content-Type, Authorization, enctype
2026-01-20 15:51:17.469 [DEBUG] [HTTP_RESPONSE]   Access-Control-Allow-Methods: GET, POST, PUT, DELETE, OPTIONS
2026-01-20 15:51:17.469 [DEBUG] [HTTP_RESPONSE]   Access-Control-Allow-Origin: *
2026-01-20 15:51:17.469 [DEBUG] [HTTP_RESPONSE]   Content-Length: 868
2026-01-20 15:51:17.469 [DEBUG] [HTTP_RESPONSE]   Content-Type: application/json
2026-01-20 15:51:17.469 [DEBUG] [HTTP_RESPONSE]   Date: Tue, 20 Jan 2026 16:51:17 GMT
2026-01-20 15:51:17.469 [DEBUG] [HTTP_RESPONSE]   Vary: Authorization
2026-01-20 15:51:17.469 [DEBUG] [HTTP_RESPONSE] Response body (868 bytes)
2026-01-20 15:51:17.469 [DEBUG] [HTTP_RESPONSE] Response body: {"@odata.context":"http://localhost:4444/odata/ADMIN/app","@odata.count":3,"value":[{"app":"ADMIN","app_desc":"Admin","app_id":1,"attach_logo":null,"config":"{}","created_at":"2025-11-05T18:55:00.130747Z","db":"ADMIN","email":null,"excluded":false,"updated_at":"2025-11-05T18:55:00.130747Z","user_id":1,"username":"root","version":"1.0.0"},{"app":"ETLX","app_desc":"ETLX UI in CS","app_id":2,"attach_logo":null,"config":null,"created_at":"2025-11-05T19:01:54.055156Z","db":"ETLX","email":null,"excluded":false,"updated_at":"2025-11-05T19:01:54.055156Z","user_id":1,"username":"root","version":"1.0.0"},{"app":"SAAS","app_desc":"CS SASS Backend","app_id":3,"attach_logo":null,"config":null,"created_at":"2026-01-10T18:53:52.783348Z","db":"SAAS","email":null,"excluded":false,"updated_at":"2026-01-10T18:53:52.783348Z","user_id":1,"username":"root","version":"1.0.0"}]}

2026-01-20 15:51:17.469 [DEBUG] [CHARSET_CONVERTER] No charset specified, defaulting to UTF-8 converter
2026-01-20 15:51:17.469 [DEBUG] [CHARSET_CONVERTER] Creating charset converter for content type: application/json
2026-01-20 15:51:17.469 [DEBUG] [CHARSET_CONVERTER] Charset converter initialized with charset: utf-8
2026-01-20 15:51:17.469 [DEBUG] [CHARSET_CONVERTER] Converting 868 bytes using charset: utf-8
2026-01-20 15:51:17.469 [DEBUG] [CHARSET_CONVERTER] Converting from bytes using charset: utf-8
2026-01-20 15:51:17.469 [DEBUG] [CHARSET_CONVERTER] Using default UTF-8 conversion
2026-01-20 15:51:17.469 [DEBUG] [CHARSET_CONVERTER] Using UTF-8 converter for output
2026-01-20 15:51:17.469 [DEBUG] [DETECT_VERSION] Starting OData version detection
2026-01-20 15:51:17.470 [DEBUG] [DETECT_VERSION] Found 'value' array, detecting as V4
2026-01-20 15:51:17.470 [INFO] [ODATA_FACTORY] Probe result - Version: 2, IsServiceRoot: false
2026-01-20 15:51:17.470 [INFO] [ODATA_FACTORY] Content preview: {"@odata.context":"http://localhost:4444/odata/ADMIN/app","@odata.count":3,"value":[{"app":"ADMIN","app_desc":"Admin","app_id":1,"attach_logo":null,"config":"{}","created_at":"2025-11-05T18:55:00.1307...
2026-01-20 15:51:17.470 [INFO] [ODATA_READ_BIND] Creating bind data from probe result - is_service_root: false
2026-01-20 15:51:17.470 [INFO] [ODATA_READ_BIND] Taking entity set path
2026-01-20 15:51:17.470 [DEBUG] [ODATA_FACTORY] Creating ODataEntitySetClient
2026-01-20 15:51:17.470 [DEBUG] [ODATA_READ_BIND] Creating bind data from entity set client
2026-01-20 15:51:17.470 [DEBUG] [ODATA_READ_BIND] Parsing OData v4 response format
2026-01-20 15:51:17.470 [DEBUG] [ODATA_READ_BIND] Found 'value' array in OData v4 response
2026-01-20 15:51:17.470 [DEBUG] [ODATA_READ_BIND] Found first row object in OData v4 response
2026-01-20 15:51:17.470 [WARN] [ODATA_READ_BIND] Could not find 'd' object in OData v2 response
2026-01-20 15:51:17.470 [DEBUG] [ODATA_READ_BIND] Stored 0 extracted column names
2026-01-20 15:51:17.470 [INFO] [ODATA_READ_BIND] GetResultNames called - service_root_mode: false
2026-01-20 15:51:17.470 [INFO] [ODATA_READ_BIND] Calling odata_client->GetResultNames() for metadata
2026-01-20 15:51:17.470 [INFO] [ODATA_CLIENT] Resolved metadata URL: http://localhost:4444/odata/ADMIN/$metadata
2026-01-20 15:51:17.470 [DEBUG] [ODATA_CLIENT] OData Metadata HTTP Request:
  URL: http://localhost:4444/odata/ADMIN/$metadata
  Method: GET
  Headers:
    Connection: close
    Authorization: Bearer eyJhbGciOiJIUzI1NiJ9.eyJpc3MiOiJodHRwOi8vbG9jYWxob3N0OjQ0NDQiLCJzdWIiOiJ7XCJhY3RpdmVcIjp0cnVlLFwiZXhjbHVkZWRcIjpmYWxzZSxcImZpcnN0X25hbWVcIjpcIlN1cGVyXCIsXCJsYW5nX2lkXCI6MSxcImxhc3RfbmFtZVwiOlwiQWRtaW5cIixcInJvbGVfaWRcIjoxLFwidXNlcl9pZFwiOjEsXCJ1c2VybmFtZVwiOlwicm9vdFwifSIsImF1ZCI6WyJodHRwOi8vbG9jYWxob3N0OjQ0NDQiXSwiZXhwIjoxNzc0MDg0NzU1LjgzMzE4OTcsIm5iZiI6MTc2ODkwMDc1NS44MzMxOTA3LCJpYXQiOjE3Njg5MDA3NTUuODMzMTkwMn0.nKV-u4pSDHrsDNaaPkCnfXSs8jOtofXSggQ-MS5CtQA
    Accept: application/xml
2026-01-20 15:51:17.470 [DEBUG] [ODATA_CLIENT] Metadata request attempt 1 of 3
2026-01-20 15:51:17.470 [INFO] [HTTP_REQUEST_REPRO] Reproduce with: SELECT * FROM http_get('http://localhost:4444/odata/ADMIN/$metadata', headers := MAP{'Accept': 'application/xml', 'Authorization': 'Bearer eyJhbGciOiJIUzI1NiJ9.eyJpc3MiOiJodHRwOi8vbG9jYWxob3N0OjQ0NDQiLCJzdWIiOiJ7XCJhY3RpdmVcIjp0cnVlLFwiZXhjbHVkZWRcIjpmYWxzZSxcImZpcnN0X25hbWVcIjpcIlN1cGVyXCIsXCJsYW5nX2lkXCI6MSxcImxhc3RfbmFtZVwiOlwiQWRtaW5cIixcInJvbGVfaWRcIjoxLFwidXNlcl9pZFwiOjEsXCJ1c2VybmFtZVwiOlwicm9vdFwifSIsImF1ZCI6WyJodHRwOi8vbG9jYWxob3N0OjQ0NDQiXSwiZXhwIjoxNzc0MDg0NzU1LjgzMzE4OTcsIm5iZiI6MTc2ODkwMDc1NS44MzMxOTA3LCJpYXQiOjE3Njg5MDA3NTUuODMzMTkwMn0.nKV-u4pSDHrsDNaaPkCnfXSs8jOtofXSggQ-MS5CtQA', 'Connection': 'close'}, url_encode := false);
2026-01-20 15:51:17.470 [INFO] [HTTP_REQUEST] Executing GET request to: /odata/ADMIN/$metadata
2026-01-20 15:51:17.470 [DEBUG] [HTTP_REQUEST] Request headers:
2026-01-20 15:51:17.470 [DEBUG] [HTTP_REQUEST]   Accept: application/xml
2026-01-20 15:51:17.470 [DEBUG] [HTTP_REQUEST]   Authorization: Bearer eyJhbGciOiJIUzI1NiJ9.eyJpc3MiOiJodHRwOi8vbG9jYWxob3N0OjQ0NDQiLCJzdWIiOiJ7XCJhY3RpdmVcIjp0cnVlLFwiZXhjbHVkZWRcIjpmYWxzZSxcImZpcnN0X25hbWVcIjpcIlN1cGVyXCIsXCJsYW5nX2lkXCI6MSxcImxhc3RfbmFtZVwiOlwiQWRtaW5cIixcInJvbGVfaWRcIjoxLFwidXNlcl9pZFwiOjEsXCJ1c2VybmFtZVwiOlwicm9vdFwifSIsImF1ZCI6WyJodHRwOi8vbG9jYWxob3N0OjQ0NDQiXSwiZXhwIjoxNzc0MDg0NzU1LjgzMzE4OTcsIm5iZiI6MTc2ODkwMDc1NS44MzMxOTA3LCJpYXQiOjE3Njg5MDA3NTUuODMzMTkwMn0.nKV-u4pSDHrsDNaaPkCnfXSs8jOtofXSggQ-MS5CtQA
2026-01-20 15:51:17.470 [DEBUG] [HTTP_REQUEST]   Connection: close
2026-01-20 15:51:17.485 [INFO] [HTTP_RESPONSE] Response status: 200
2026-01-20 15:51:17.486 [DEBUG] [HTTP_RESPONSE] Response headers:
2026-01-20 15:51:17.486 [DEBUG] [HTTP_RESPONSE]   Access-Control-Allow-Headers: Content-Type, Authorization, enctype
2026-01-20 15:51:17.486 [DEBUG] [HTTP_RESPONSE]   Access-Control-Allow-Methods: GET, POST, PUT, DELETE, OPTIONS
2026-01-20 15:51:17.486 [DEBUG] [HTTP_RESPONSE]   Access-Control-Allow-Origin: *
2026-01-20 15:51:17.486 [DEBUG] [HTTP_RESPONSE]   Connection: close
2026-01-20 15:51:17.486 [DEBUG] [HTTP_RESPONSE]   Content-Type: application/xml
2026-01-20 15:51:17.486 [DEBUG] [HTTP_RESPONSE]   Date: Tue, 20 Jan 2026 16:51:17 GMT
2026-01-20 15:51:17.486 [DEBUG] [HTTP_RESPONSE]   Transfer-Encoding: chunked
2026-01-20 15:51:17.486 [DEBUG] [HTTP_RESPONSE]   Vary: Authorization
2026-01-20 15:51:17.486 [DEBUG] [HTTP_RESPONSE] Response body (54495 bytes)
2026-01-20 15:51:17.486 [DEBUG] [HTTP_RESPONSE] Response body (truncated): <?xml version="1.0" encoding="utf-8"?>
<edmx:Edmx Version="4.0"
 xmlns:edmx="http://docs.oasis-open.org/odata/ns/edmx"
 xmlns="http://docs.oasis-open.org/odata/ns/edm">
 <edmx:DataServices><Schema Namespace="ADMIN"><EntityType Name="etl_rbase_input"><Key><PropertyRef Name="etl_rbase_input_id"/></Key><Property Name="etl_rbase_input_id" Type="Edm.Int32" Nullable="false"/><Property Name="etl_rbase_input" Type="Edm.String" Nullable="false"/><Property Name="etl_rbase_input_desc" Type="Edm.String" Nullable="true"/><Property Name="etl_report_base_id" Type="Edm.Int32" Nullable="false"/><Property Name="input_type_id" Type="Edm.Int32" Nullable="true"/><Property Name="save_only_temp" Type="Edm.Boolean" Nullable="true"/><Property Name="replace_existing_data" Type="Edm.Boolean" Nullable="true"/><Property Name="check_ref_date" Type="Edm.Boolean" Nullable="true"/><Property Name="ref_date_field" Type="Edm.String" Nullable="true"/><Property Name="date_format_org" Type="Edm.String" Nullable="true"/><Pro...
2026-01-20 15:51:17.486 [DEBUG] [CHARSET_CONVERTER] No charset specified, defaulting to UTF-8 converter
2026-01-20 15:51:17.486 [DEBUG] [CHARSET_CONVERTER] Creating charset converter for content type: application/xml
2026-01-20 15:51:17.486 [DEBUG] [CHARSET_CONVERTER] Charset converter initialized with charset: utf-8
2026-01-20 15:51:17.486 [DEBUG] [CHARSET_CONVERTER] Converting 54495 bytes using charset: utf-8
2026-01-20 15:51:17.486 [DEBUG] [CHARSET_CONVERTER] Converting from bytes using charset: utf-8
2026-01-20 15:51:17.486 [DEBUG] [CHARSET_CONVERTER] Using default UTF-8 conversion
2026-01-20 15:51:17.487 [DEBUG] [CHARSET_CONVERTER] Using UTF-8 converter for output
2026-01-20 15:51:17.487 [DEBUG] [CHARSET_CONVERTER] No charset specified, defaulting to UTF-8 converter
2026-01-20 15:51:17.487 [DEBUG] [CHARSET_CONVERTER] Creating charset converter for content type: application/xml
2026-01-20 15:51:17.487 [DEBUG] [CHARSET_CONVERTER] Charset converter initialized with charset: utf-8
2026-01-20 15:51:17.487 [DEBUG] [CHARSET_CONVERTER] Converting 54495 bytes using charset: utf-8
2026-01-20 15:51:17.487 [DEBUG] [CHARSET_CONVERTER] Converting from bytes using charset: utf-8
2026-01-20 15:51:17.487 [DEBUG] [CHARSET_CONVERTER] Using default UTF-8 conversion
2026-01-20 15:51:17.488 [DEBUG] [CHARSET_CONVERTER] Using UTF-8 converter for output
2026-01-20 15:51:17.488 [DEBUG] [CHARSET_CONVERTER] No charset specified, defaulting to UTF-8 converter
2026-01-20 15:51:17.489 [DEBUG] [CHARSET_CONVERTER] Creating charset converter for content type: application/xml
2026-01-20 15:51:17.489 [DEBUG] [CHARSET_CONVERTER] Charset converter initialized with charset: utf-8
2026-01-20 15:51:17.489 [DEBUG] [CHARSET_CONVERTER] Converting 54495 bytes using charset: utf-8
2026-01-20 15:51:17.489 [DEBUG] [CHARSET_CONVERTER] Converting from bytes using charset: utf-8
2026-01-20 15:51:17.489 [DEBUG] [CHARSET_CONVERTER] Using default UTF-8 conversion
2026-01-20 15:51:17.489 [DEBUG] [CHARSET_CONVERTER] Using UTF-8 converter for output
2026-01-20 15:51:17.489 [DEBUG] [ODATA_CLIENT] OData Metadata HTTP Success Response:
  Status Code: 200
  Content Type: application/xml
  Response Headers:
    Vary: Authorization
    Transfer-Encoding: chunked
    Content-Type: application/xml
    Connection: close
    Date: Tue, 20 Jan 2026 16:51:17 GMT
    Access-Control-Allow-Origin: *
    Access-Control-Allow-Methods: GET, POST, PUT, DELETE, OPTIONS
    Access-Control-Allow-Headers: Content-Type, Authorization, enctype
  Response Body Size: 54495 bytes
  Response Body Preview (first 4000 chars): <?xml version="1.0" encoding="utf-8"?>
<edmx:Edmx Version="4.0"
 xmlns:edmx="http://docs.oasis-open.org/odata/ns/edmx"
 xmlns="http://docs.oasis-open.org/odata/ns/edm">
 <edmx:DataServices><Schema Namespace="ADMIN"><EntityType Name="etl_rbase_input"><Key><PropertyRef Name="etl_rbase_input_id"/></Key><Property Name="etl_rbase_input_id" Type="Edm.Int32" Nullable="false"/><Property Name="etl_rbase_input" Type="Edm.String" Nullable="false"/><Property Name="etl_rbase_input_desc" Type="Edm.String" Nullable="true"/><Property Name="etl_report_base_id" Type="Edm.Int32" Nullable="false"/><Property Name="input_type_id" Type="Edm.Int32" Nullable="true"/><Property Name="save_only_temp" Type="Edm.Boolean" Nullable="true"/><Property Name="replace_existing_data" Type="Edm.Boolean" Nullable="true"/><Property Name="check_ref_date" Type="Edm.Boolean" Nullable="true"/><Property Name="ref_date_field" Type="Edm.String" Nullable="true"/><Property Name="date_format_org" Type="Edm.String" Nullable="true"/><Property Name="other_date_fields" Type="Edm.String" Nullable="true"/><Property Name="ref_id_keys" Type="Edm.String" Nullable="true"/><Property Name="last_update_date_field" Type="Edm.String" Nullable="true"/><Property Name="incremental_extract" Type="Edm.Boolean" Nullable="true"/><Property Name="destination_table" Type="Edm.String" Nullable="false"/><Property Name="database" Type="Edm.String" Nullable="false"/><Property Name="allow_import" Type="Edm.Boolean" Nullable="true"/><Property Name="multiple_sheets" Type="Edm.Boolean" Nullable="true"/><Property Name="specific_sheets" Type="Edm.String" Nullable="true"/><Property Name="specific_range" Type="Edm.String" Nullable="true"/><Property Name="columns_to_import" Type="Edm.String" Nullable="true"/><Property Name="txt_fix_format_layout" Type="Edm.String" Nullable="true"/><Property Name="headers" Type="Edm.String" Nullable="true"/><Property Name="spreadsheet_forms" Type="Edm.Boolean" Nullable="true"/><Property Name="spreadsheet_forms_map" Type="Edm.String" Nullable="true"/><Property Name="etl_rbase_input_conf" Type="Edm.String" Nullable="true"/><Property Name="active" Type="Edm.Boolean" Nullable="true"/><Property Name="user_id" Type="Edm.Int32" Nullable="true"/><Property Name="app_id" Type="Edm.Int32" Nullable="true"/><Property Name="created_at" Type="Edm.DateTimeOffset" Nullable="true"/><Property Name="updated_at" Type="Edm.DateTimeOffset" Nullable="true"/><Property Name="excluded" Type="Edm.Boolean" Nullable="true"/></EntityType><EntityType Name="column_level_access"><Key><PropertyRef Name="column_level_access_id"/></Key><Property Name="column_level_access_id" Type="Edm.Int32" Nullable="false"/><Property Name="column" Type="Edm.Int32" Nullable="false"/><Property Name="table_id" Type="Edm.Int32" Nullable="true"/><Property Name="table" Type="Edm.String" Nullable="false"/><Property Name="db" Type="Edm.String" Nullable="false"/><Property Name="user_id" Type="Edm.Int32" Nullable="true"/><Property Name="app_id" Type="Edm.Int32" Nullable="true"/><Property Name="create" Type="Edm.Boolean" Nullable="true"/><Property Name="read" Type="Edm.Boolean" Nullable="true"/><Property Name="update" Type="Edm.Boolean" Nullable="true"/><Property Name="created_at" Type="Edm.DateTimeOffset" Nullable="true"/><Property Name="updated_at" Type="Edm.DateTimeOffset" Nullable="true"/><Property Name="excluded" Type="Edm.Boolean" Nullable="true"/></EntityType><EntityType Name="translate_table_field"><Key><PropertyRef Name="transl_tbl_field_id"/></Key><Property Name="transl_tbl_field_id" Type="Edm.Int32" Nullable="false"/><Property Name="field_org_desc" Type="Edm.String" Nullable="false"/><Property Name="field_transl_desc" Type="Edm.String" Nullable="false"/><Property Name="field" Type="Edm.String" Nullable="false"/><Property Name="table" Type="Edm.String" Nullable="false"/><Property Name="db" Type="Edm.String" Nullable="false"/><Property Name="lang" Type="Edm.String" Nullable="false"/><Property Name="user_id" Type="Edm.Int32" Nullable="
2026-01-20 15:51:17.489 [DEBUG] [CHARSET_CONVERTER] No charset specified, defaulting to UTF-8 converter
2026-01-20 15:51:17.489 [DEBUG] [CHARSET_CONVERTER] Creating charset converter for content type: application/xml
2026-01-20 15:51:17.489 [DEBUG] [CHARSET_CONVERTER] Charset converter initialized with charset: utf-8
2026-01-20 15:51:17.490 [DEBUG] [CHARSET_CONVERTER] Converting 54495 bytes using charset: utf-8
2026-01-20 15:51:17.490 [DEBUG] [CHARSET_CONVERTER] Converting from bytes using charset: utf-8
2026-01-20 15:51:17.490 [DEBUG] [CHARSET_CONVERTER] Using default UTF-8 conversion
2026-01-20 15:51:17.490 [DEBUG] [CHARSET_CONVERTER] Using UTF-8 converter for output
2026-01-20 15:51:17.491 [DEBUG] [ODATA_CLIENT] GetCurrentEntitySetType called
2026-01-20 15:51:17.491 [DEBUG] [ODATA_CLIENT] Current URL path: /odata/ADMIN/app
2026-01-20 15:51:17.491 [DEBUG] [ODATA_CLIENT] Input parameters count: 0
2026-01-20 15:51:17.491 [DEBUG] [ODATA_CLIENT] Current entity name from fragment: empty
2026-01-20 15:51:17.491 [DEBUG] [ODATA_CLIENT] No entity name from @odata.context; deferring to metadata lookup
2026-01-20 15:51:17.491 [DEBUG] [ODATA_CLIENT] Final entity set name: 
2026-01-20 15:51:17.491 [DEBUG] [ODATA_CLIENT] Using stored metadata context URL: http://localhost:4444/odata/ADMIN/$metadata
2026-01-20 15:51:17.491 [DEBUG] [ODATA_CLIENT] Derived entity set candidate from URL: app
2026-01-20 15:51:17.491 [DEBUG] [ODATA_CLIENT] Resolved entity set from URL path: app
2026-01-20 15:51:17.491 [DEBUG] [ODATA_CLIENT] Using stored metadata context URL: http://localhost:4444/odata/ADMIN/$metadata
2026-01-20 15:51:17.491 [DEBUG] [ODATA_CLIENT] GetCurrentEntitySetType called
2026-01-20 15:51:17.491 [DEBUG] [ODATA_CLIENT] Current URL path: /odata/ADMIN/app
2026-01-20 15:51:17.492 [DEBUG] [ODATA_CLIENT] Input parameters count: 0
2026-01-20 15:51:17.492 [DEBUG] [ODATA_CLIENT] Current entity name from fragment: empty
2026-01-20 15:51:17.492 [DEBUG] [ODATA_CLIENT] No entity name from @odata.context; deferring to metadata lookup
2026-01-20 15:51:17.492 [DEBUG] [ODATA_CLIENT] Final entity set name: 
2026-01-20 15:51:17.492 [DEBUG] [ODATA_CLIENT] Using stored metadata context URL: http://localhost:4444/odata/ADMIN/$metadata
2026-01-20 15:51:17.492 [DEBUG] [ODATA_CLIENT] Derived entity set candidate from URL: app
2026-01-20 15:51:17.492 [DEBUG] [ODATA_CLIENT] Resolved entity set from URL path: app
2026-01-20 15:51:17.492 [DEBUG] [ODATA_CLIENT] Using stored metadata context URL: http://localhost:4444/odata/ADMIN/$metadata
2026-01-20 15:51:17.492 [DEBUG] [ODATA_CLIENT] Using stored metadata context URL: http://localhost:4444/odata/ADMIN/$metadata
2026-01-20 15:51:17.492 [DEBUG] [ODATA_CLIENT] GetCurrentEntitySetType called
2026-01-20 15:51:17.492 [DEBUG] [ODATA_CLIENT] Current URL path: /odata/ADMIN/app
2026-01-20 15:51:17.492 [DEBUG] [ODATA_CLIENT] Input parameters count: 0
2026-01-20 15:51:17.492 [DEBUG] [ODATA_CLIENT] Current entity name from fragment: empty
2026-01-20 15:51:17.492 [DEBUG] [ODATA_CLIENT] No entity name from @odata.context; deferring to metadata lookup
2026-01-20 15:51:17.492 [DEBUG] [ODATA_CLIENT] Final entity set name: 
2026-01-20 15:51:17.492 [DEBUG] [ODATA_CLIENT] Using stored metadata context URL: http://localhost:4444/odata/ADMIN/$metadata
2026-01-20 15:51:17.492 [DEBUG] [ODATA_CLIENT] Derived entity set candidate from URL: app
2026-01-20 15:51:17.492 [DEBUG] [ODATA_CLIENT] Resolved entity set from URL path: app
2026-01-20 15:51:17.492 [DEBUG] [ODATA_CLIENT] Using stored metadata context URL: http://localhost:4444/odata/ADMIN/$metadata
2026-01-20 15:51:17.492 [DEBUG] [ODATA_CLIENT] Using stored metadata context URL: http://localhost:4444/odata/ADMIN/$metadata
2026-01-20 15:51:17.493 [INFO] [ODATA_READ_BIND] GetResultTypes called - service_root_mode: false
2026-01-20 15:51:17.493 [INFO] [ODATA_READ_BIND] Calling odata_client->GetResultTypes() for metadata
2026-01-20 15:51:17.493 [DEBUG] [ODATA_CLIENT] Using stored metadata context URL: http://localhost:4444/odata/ADMIN/$metadata
2026-01-20 15:51:17.493 [DEBUG] [ODATA_CLIENT] GetCurrentEntitySetType called
2026-01-20 15:51:17.493 [DEBUG] [ODATA_CLIENT] Current URL path: /odata/ADMIN/app
2026-01-20 15:51:17.493 [DEBUG] [ODATA_CLIENT] Input parameters count: 0
2026-01-20 15:51:17.493 [DEBUG] [ODATA_CLIENT] Current entity name from fragment: empty
2026-01-20 15:51:17.493 [DEBUG] [ODATA_CLIENT] No entity name from @odata.context; deferring to metadata lookup
2026-01-20 15:51:17.493 [DEBUG] [ODATA_CLIENT] Final entity set name: 
2026-01-20 15:51:17.493 [DEBUG] [ODATA_CLIENT] Using stored metadata context URL: http://localhost:4444/odata/ADMIN/$metadata
2026-01-20 15:51:17.494 [DEBUG] [ODATA_CLIENT] Derived entity set candidate from URL: app
2026-01-20 15:51:17.494 [DEBUG] [ODATA_CLIENT] Resolved entity set from URL path: app
2026-01-20 15:51:17.494 [DEBUG] [ODATA_CLIENT] Using stored metadata context URL: http://localhost:4444/odata/ADMIN/$metadata
2026-01-20 15:51:17.494 [DEBUG] [ODATA_CLIENT] Using stored metadata context URL: http://localhost:4444/odata/ADMIN/$metadata
2026-01-20 15:51:17.495 [DEBUG] [ODATA_READ_BIND] Final combined types size: 12
2026-01-20 15:51:17.495 [DEBUG] [ODATA_BIND] Processing URL for expand clause: http://localhost:4444/odata/ADMIN/app
2026-01-20 15:51:17.495 [INFO] [ODATA_READ_BIND] GetResultNames called - service_root_mode: false
2026-01-20 15:51:17.495 [INFO] [ODATA_READ_BIND] GetResultTypes called - service_root_mode: false
2026-01-20 15:51:17.495 [DEBUG] [ODATA_READ_BIND] Final combined types size: 12
2026-01-20 15:51:17.495 [INFO] [ODATA_BIND] Bound function with 12 columns
2026-01-20 15:51:17.495 [DEBUG] [ODATA_BIND] Column names: app_id, app, app_desc, version, email, db, attach_logo, config, user_id, created_at, updated_at, excluded
2026-01-20 15:51:17.495 [DEBUG] [HTTP_AUTH] Found http_bearer secret for URL: http://localhost:4444/odata/ADMIN/app
2026-01-20 15:51:17.495 [INFO] [ODATA_BIND] Binding OData read function for URL: http://localhost:4444/odata/ADMIN/app
2026-01-20 15:51:17.495 [DEBUG] [ODATA_FACTORY] Probing URL: http://localhost:4444/odata/ADMIN/app
2026-01-20 15:51:17.495 [INFO] [HTTP_REQUEST_REPRO] Reproduce with: SELECT * FROM http_get('http://localhost:4444/odata/ADMIN/app?$format=json', headers := MAP{'Authorization': 'Bearer eyJhbGciOiJIUzI1NiJ9.eyJpc3MiOiJodHRwOi8vbG9jYWxob3N0OjQ0NDQiLCJzdWIiOiJ7XCJhY3RpdmVcIjp0cnVlLFwiZXhjbHVkZWRcIjpmYWxzZSxcImZpcnN0X25hbWVcIjpcIlN1cGVyXCIsXCJsYW5nX2lkXCI6MSxcImxhc3RfbmFtZVwiOlwiQWRtaW5cIixcInJvbGVfaWRcIjoxLFwidXNlcl9pZFwiOjEsXCJ1c2VybmFtZVwiOlwicm9vdFwifSIsImF1ZCI6WyJodHRwOi8vbG9jYWxob3N0OjQ0NDQiXSwiZXhwIjoxNzc0MDg0NzU1LjgzMzE4OTcsIm5iZiI6MTc2ODkwMDc1NS44MzMxOTA3LCJpYXQiOjE3Njg5MDA3NTUuODMzMTkwMn0.nKV-u4pSDHrsDNaaPkCnfXSs8jOtofXSggQ-MS5CtQA'}, url_encode := false);
2026-01-20 15:51:17.495 [INFO] [HTTP_REQUEST] Executing GET request to: /odata/ADMIN/app?$format=json
2026-01-20 15:51:17.495 [DEBUG] [HTTP_REQUEST] Request headers:
2026-01-20 15:51:17.495 [DEBUG] [HTTP_REQUEST]   Authorization: Bearer eyJhbGciOiJIUzI1NiJ9.eyJpc3MiOiJodHRwOi8vbG9jYWxob3N0OjQ0NDQiLCJzdWIiOiJ7XCJhY3RpdmVcIjp0cnVlLFwiZXhjbHVkZWRcIjpmYWxzZSxcImZpcnN0X25hbWVcIjpcIlN1cGVyXCIsXCJsYW5nX2lkXCI6MSxcImxhc3RfbmFtZVwiOlwiQWRtaW5cIixcInJvbGVfaWRcIjoxLFwidXNlcl9pZFwiOjEsXCJ1c2VybmFtZVwiOlwicm9vdFwifSIsImF1ZCI6WyJodHRwOi8vbG9jYWxob3N0OjQ0NDQiXSwiZXhwIjoxNzc0MDg0NzU1LjgzMzE4OTcsIm5iZiI6MTc2ODkwMDc1NS44MzMxOTA3LCJpYXQiOjE3Njg5MDA3NTUuODMzMTkwMn0.nKV-u4pSDHrsDNaaPkCnfXSs8jOtofXSggQ-MS5CtQA
2026-01-20 15:51:17.508 [INFO] [HTTP_RESPONSE] Response status: 200
2026-01-20 15:51:17.508 [DEBUG] [HTTP_RESPONSE] Response headers:
2026-01-20 15:51:17.508 [DEBUG] [HTTP_RESPONSE]   Access-Control-Allow-Headers: Content-Type, Authorization, enctype
2026-01-20 15:51:17.508 [DEBUG] [HTTP_RESPONSE]   Access-Control-Allow-Methods: GET, POST, PUT, DELETE, OPTIONS
2026-01-20 15:51:17.508 [DEBUG] [HTTP_RESPONSE]   Access-Control-Allow-Origin: *
2026-01-20 15:51:17.508 [DEBUG] [HTTP_RESPONSE]   Content-Length: 868
2026-01-20 15:51:17.508 [DEBUG] [HTTP_RESPONSE]   Content-Type: application/json
2026-01-20 15:51:17.508 [DEBUG] [HTTP_RESPONSE]   Date: Tue, 20 Jan 2026 16:51:17 GMT
2026-01-20 15:51:17.508 [DEBUG] [HTTP_RESPONSE]   Vary: Authorization
2026-01-20 15:51:17.508 [DEBUG] [HTTP_RESPONSE] Response body (868 bytes)
2026-01-20 15:51:17.508 [DEBUG] [HTTP_RESPONSE] Response body: {"@odata.context":"http://localhost:4444/odata/ADMIN/app","@odata.count":3,"value":[{"app":"ADMIN","app_desc":"Admin","app_id":1,"attach_logo":null,"config":"{}","created_at":"2025-11-05T18:55:00.130747Z","db":"ADMIN","email":null,"excluded":false,"updated_at":"2025-11-05T18:55:00.130747Z","user_id":1,"username":"root","version":"1.0.0"},{"app":"ETLX","app_desc":"ETLX UI in CS","app_id":2,"attach_logo":null,"config":null,"created_at":"2025-11-05T19:01:54.055156Z","db":"ETLX","email":null,"excluded":false,"updated_at":"2025-11-05T19:01:54.055156Z","user_id":1,"username":"root","version":"1.0.0"},{"app":"SAAS","app_desc":"CS SASS Backend","app_id":3,"attach_logo":null,"config":null,"created_at":"2026-01-10T18:53:52.783348Z","db":"SAAS","email":null,"excluded":false,"updated_at":"2026-01-10T18:53:52.783348Z","user_id":1,"username":"root","version":"1.0.0"}]}

2026-01-20 15:51:17.508 [DEBUG] [CHARSET_CONVERTER] No charset specified, defaulting to UTF-8 converter
2026-01-20 15:51:17.508 [DEBUG] [CHARSET_CONVERTER] Creating charset converter for content type: application/json
2026-01-20 15:51:17.508 [DEBUG] [CHARSET_CONVERTER] Charset converter initialized with charset: utf-8
2026-01-20 15:51:17.508 [DEBUG] [CHARSET_CONVERTER] Converting 868 bytes using charset: utf-8
2026-01-20 15:51:17.508 [DEBUG] [CHARSET_CONVERTER] Converting from bytes using charset: utf-8
2026-01-20 15:51:17.508 [DEBUG] [CHARSET_CONVERTER] Using default UTF-8 conversion
2026-01-20 15:51:17.508 [DEBUG] [CHARSET_CONVERTER] Using UTF-8 converter for output
2026-01-20 15:51:17.508 [DEBUG] [DETECT_VERSION] Starting OData version detection
2026-01-20 15:51:17.508 [DEBUG] [DETECT_VERSION] Found 'value' array, detecting as V4
2026-01-20 15:51:17.508 [INFO] [ODATA_FACTORY] Probe result - Version: 2, IsServiceRoot: false
2026-01-20 15:51:17.508 [INFO] [ODATA_FACTORY] Content preview: {"@odata.context":"http://localhost:4444/odata/ADMIN/app","@odata.count":3,"value":[{"app":"ADMIN","app_desc":"Admin","app_id":1,"attach_logo":null,"config":"{}","created_at":"2025-11-05T18:55:00.1307...
2026-01-20 15:51:17.508 [INFO] [ODATA_READ_BIND] Creating bind data from probe result - is_service_root: false
2026-01-20 15:51:17.508 [INFO] [ODATA_READ_BIND] Taking entity set path
2026-01-20 15:51:17.508 [DEBUG] [ODATA_FACTORY] Creating ODataEntitySetClient
2026-01-20 15:51:17.508 [DEBUG] [ODATA_READ_BIND] Creating bind data from entity set client
2026-01-20 15:51:17.508 [DEBUG] [ODATA_READ_BIND] Parsing OData v4 response format
2026-01-20 15:51:17.508 [DEBUG] [ODATA_READ_BIND] Found 'value' array in OData v4 response
2026-01-20 15:51:17.508 [DEBUG] [ODATA_READ_BIND] Found first row object in OData v4 response
2026-01-20 15:51:17.508 [WARN] [ODATA_READ_BIND] Could not find 'd' object in OData v2 response
2026-01-20 15:51:17.508 [DEBUG] [ODATA_READ_BIND] Stored 0 extracted column names
2026-01-20 15:51:17.508 [INFO] [ODATA_READ_BIND] GetResultNames called - service_root_mode: false
2026-01-20 15:51:17.508 [INFO] [ODATA_READ_BIND] Calling odata_client->GetResultNames() for metadata
2026-01-20 15:51:17.508 [INFO] [ODATA_CLIENT] Resolved metadata URL: http://localhost:4444/odata/ADMIN/$metadata
2026-01-20 15:51:17.508 [DEBUG] [ODATA_CLIENT] GetCurrentEntitySetType called
2026-01-20 15:51:17.509 [DEBUG] [ODATA_CLIENT] Current URL path: /odata/ADMIN/app
2026-01-20 15:51:17.509 [DEBUG] [ODATA_CLIENT] Input parameters count: 0
2026-01-20 15:51:17.509 [DEBUG] [ODATA_CLIENT] Current entity name from fragment: empty
2026-01-20 15:51:17.509 [DEBUG] [ODATA_CLIENT] No entity name from @odata.context; deferring to metadata lookup
2026-01-20 15:51:17.509 [DEBUG] [ODATA_CLIENT] Final entity set name: 
2026-01-20 15:51:17.509 [DEBUG] [ODATA_CLIENT] Using stored metadata context URL: http://localhost:4444/odata/ADMIN/$metadata
2026-01-20 15:51:17.509 [DEBUG] [ODATA_CLIENT] Derived entity set candidate from URL: app
2026-01-20 15:51:17.509 [DEBUG] [ODATA_CLIENT] Resolved entity set from URL path: app
2026-01-20 15:51:17.509 [DEBUG] [ODATA_CLIENT] Using stored metadata context URL: http://localhost:4444/odata/ADMIN/$metadata
2026-01-20 15:51:17.509 [DEBUG] [ODATA_CLIENT] GetCurrentEntitySetType called
2026-01-20 15:51:17.509 [DEBUG] [ODATA_CLIENT] Current URL path: /odata/ADMIN/app
2026-01-20 15:51:17.509 [DEBUG] [ODATA_CLIENT] Input parameters count: 0
2026-01-20 15:51:17.509 [DEBUG] [ODATA_CLIENT] Current entity name from fragment: empty
2026-01-20 15:51:17.509 [DEBUG] [ODATA_CLIENT] No entity name from @odata.context; deferring to metadata lookup
2026-01-20 15:51:17.509 [DEBUG] [ODATA_CLIENT] Final entity set name: 
2026-01-20 15:51:17.509 [DEBUG] [ODATA_CLIENT] Using stored metadata context URL: http://localhost:4444/odata/ADMIN/$metadata
2026-01-20 15:51:17.509 [DEBUG] [ODATA_CLIENT] Derived entity set candidate from URL: app
2026-01-20 15:51:17.509 [DEBUG] [ODATA_CLIENT] Resolved entity set from URL path: app
2026-01-20 15:51:17.509 [DEBUG] [ODATA_CLIENT] Using stored metadata context URL: http://localhost:4444/odata/ADMIN/$metadata
2026-01-20 15:51:17.509 [DEBUG] [ODATA_CLIENT] Using stored metadata context URL: http://localhost:4444/odata/ADMIN/$metadata
2026-01-20 15:51:17.509 [DEBUG] [ODATA_CLIENT] GetCurrentEntitySetType called
2026-01-20 15:51:17.509 [DEBUG] [ODATA_CLIENT] Current URL path: /odata/ADMIN/app
2026-01-20 15:51:17.509 [DEBUG] [ODATA_CLIENT] Input parameters count: 0
2026-01-20 15:51:17.509 [DEBUG] [ODATA_CLIENT] Current entity name from fragment: empty
2026-01-20 15:51:17.509 [DEBUG] [ODATA_CLIENT] No entity name from @odata.context; deferring to metadata lookup
2026-01-20 15:51:17.509 [DEBUG] [ODATA_CLIENT] Final entity set name: 
2026-01-20 15:51:17.509 [DEBUG] [ODATA_CLIENT] Using stored metadata context URL: http://localhost:4444/odata/ADMIN/$metadata
2026-01-20 15:51:17.510 [DEBUG] [ODATA_CLIENT] Derived entity set candidate from URL: app
2026-01-20 15:51:17.510 [DEBUG] [ODATA_CLIENT] Resolved entity set from URL path: app
2026-01-20 15:51:17.510 [DEBUG] [ODATA_CLIENT] Using stored metadata context URL: http://localhost:4444/odata/ADMIN/$metadata
2026-01-20 15:51:17.510 [DEBUG] [ODATA_CLIENT] Using stored metadata context URL: http://localhost:4444/odata/ADMIN/$metadata
2026-01-20 15:51:17.510 [INFO] [ODATA_READ_BIND] GetResultTypes called - service_root_mode: false
2026-01-20 15:51:17.511 [INFO] [ODATA_READ_BIND] Calling odata_client->GetResultTypes() for metadata
2026-01-20 15:51:17.511 [DEBUG] [ODATA_CLIENT] Using stored metadata context URL: http://localhost:4444/odata/ADMIN/$metadata
2026-01-20 15:51:17.511 [DEBUG] [ODATA_CLIENT] GetCurrentEntitySetType called
2026-01-20 15:51:17.511 [DEBUG] [ODATA_CLIENT] Current URL path: /odata/ADMIN/app
2026-01-20 15:51:17.511 [DEBUG] [ODATA_CLIENT] Input parameters count: 0
2026-01-20 15:51:17.511 [DEBUG] [ODATA_CLIENT] Current entity name from fragment: empty
2026-01-20 15:51:17.511 [DEBUG] [ODATA_CLIENT] No entity name from @odata.context; deferring to metadata lookup
2026-01-20 15:51:17.511 [DEBUG] [ODATA_CLIENT] Final entity set name: 
2026-01-20 15:51:17.511 [DEBUG] [ODATA_CLIENT] Using stored metadata context URL: http://localhost:4444/odata/ADMIN/$metadata
2026-01-20 15:51:17.511 [DEBUG] [ODATA_CLIENT] Derived entity set candidate from URL: app
2026-01-20 15:51:17.511 [DEBUG] [ODATA_CLIENT] Resolved entity set from URL path: app
2026-01-20 15:51:17.511 [DEBUG] [ODATA_CLIENT] Using stored metadata context URL: http://localhost:4444/odata/ADMIN/$metadata
2026-01-20 15:51:17.511 [DEBUG] [ODATA_CLIENT] Using stored metadata context URL: http://localhost:4444/odata/ADMIN/$metadata
2026-01-20 15:51:17.512 [DEBUG] [ODATA_READ_BIND] Final combined types size: 12
2026-01-20 15:51:17.512 [DEBUG] [ODATA_BIND] Processing URL for expand clause: http://localhost:4444/odata/ADMIN/app
2026-01-20 15:51:17.512 [INFO] [ODATA_READ_BIND] GetResultNames called - service_root_mode: false
2026-01-20 15:51:17.512 [INFO] [ODATA_READ_BIND] GetResultTypes called - service_root_mode: false
2026-01-20 15:51:17.512 [DEBUG] [ODATA_READ_BIND] Final combined types size: 12
2026-01-20 15:51:17.512 [INFO] [ODATA_BIND] Bound function with 12 columns
2026-01-20 15:51:17.512 [DEBUG] [ODATA_BIND] Column names: app_id, app, app_desc, version, email, db, attach_logo, config, user_id, created_at, updated_at, excluded
2026-01-20 15:51:17.513 [DEBUG] [ODATA_READ_BIND] Activating columns: 0, 1, 2, 3, 4, 5, 6, 7, 8, 9, 10, 11, 
2026-01-20 15:51:17.513 [DEBUG] [ODATA_READ_BIND] Mapping activated index 0 to original index 0
2026-01-20 15:51:17.513 [DEBUG] [ODATA_READ_BIND] Mapping activated index 1 to original index 1
2026-01-20 15:51:17.513 [DEBUG] [ODATA_READ_BIND] Mapping activated index 2 to original index 2
2026-01-20 15:51:17.513 [DEBUG] [ODATA_READ_BIND] Mapping activated index 3 to original index 3
2026-01-20 15:51:17.513 [DEBUG] [ODATA_READ_BIND] Mapping activated index 4 to original index 4
2026-01-20 15:51:17.513 [DEBUG] [ODATA_READ_BIND] Mapping activated index 5 to original index 5
2026-01-20 15:51:17.513 [DEBUG] [ODATA_READ_BIND] Mapping activated index 6 to original index 6
2026-01-20 15:51:17.513 [DEBUG] [ODATA_READ_BIND] Mapping activated index 7 to original index 7
2026-01-20 15:51:17.513 [DEBUG] [ODATA_READ_BIND] Mapping activated index 8 to original index 8
2026-01-20 15:51:17.513 [DEBUG] [ODATA_READ_BIND] Mapping activated index 9 to original index 9
2026-01-20 15:51:17.513 [DEBUG] [ODATA_READ_BIND] Mapping activated index 10 to original index 10
2026-01-20 15:51:17.513 [DEBUG] [ODATA_READ_BIND] Mapping activated index 11 to original index 11
2026-01-20 15:51:17.513 [DEBUG] [ODATA_READ_BIND] ActivateColumns: service_root_mode_ = false
2026-01-20 15:51:17.513 [DEBUG] [ODATA_READ_BIND] Creating new predicate pushdown helper
2026-01-20 15:51:17.513 [DEBUG] [ODATA_CLIENT] Using stored metadata context URL: http://localhost:4444/odata/ADMIN/$metadata
2026-01-20 15:51:17.513 [DEBUG] [ODATA_CLIENT] GetCurrentEntitySetType called
2026-01-20 15:51:17.513 [DEBUG] [ODATA_CLIENT] Current URL path: /odata/ADMIN/app
2026-01-20 15:51:17.513 [DEBUG] [ODATA_CLIENT] Input parameters count: 0
2026-01-20 15:51:17.513 [DEBUG] [ODATA_CLIENT] Current entity name from fragment: empty
2026-01-20 15:51:17.513 [DEBUG] [ODATA_CLIENT] No entity name from @odata.context; deferring to metadata lookup
2026-01-20 15:51:17.513 [DEBUG] [ODATA_CLIENT] Final entity set name: 
2026-01-20 15:51:17.513 [DEBUG] [ODATA_CLIENT] Using stored metadata context URL: http://localhost:4444/odata/ADMIN/$metadata
2026-01-20 15:51:17.513 [DEBUG] [ODATA_CLIENT] Derived entity set candidate from URL: app
2026-01-20 15:51:17.514 [DEBUG] [ODATA_CLIENT] Resolved entity set from URL path: app
2026-01-20 15:51:17.514 [DEBUG] [ODATA_CLIENT] Using stored metadata context URL: http://localhost:4444/odata/ADMIN/$metadata
2026-01-20 15:51:17.514 [DEBUG] [ODATA_CLIENT] GetCurrentEntitySetType called
2026-01-20 15:51:17.514 [DEBUG] [ODATA_CLIENT] Current URL path: /odata/ADMIN/app
2026-01-20 15:51:17.514 [DEBUG] [ODATA_CLIENT] Input parameters count: 0
2026-01-20 15:51:17.514 [DEBUG] [ODATA_CLIENT] Current entity name from fragment: empty
2026-01-20 15:51:17.514 [DEBUG] [ODATA_CLIENT] No entity name from @odata.context; deferring to metadata lookup
2026-01-20 15:51:17.514 [DEBUG] [ODATA_CLIENT] Final entity set name: 
2026-01-20 15:51:17.514 [DEBUG] [ODATA_CLIENT] Using stored metadata context URL: http://localhost:4444/odata/ADMIN/$metadata
2026-01-20 15:51:17.514 [DEBUG] [ODATA_CLIENT] Derived entity set candidate from URL: app
2026-01-20 15:51:17.514 [DEBUG] [ODATA_CLIENT] Resolved entity set from URL path: app
2026-01-20 15:51:17.514 [DEBUG] [ODATA_CLIENT] Using stored metadata context URL: http://localhost:4444/odata/ADMIN/$metadata
2026-01-20 15:51:17.514 [DEBUG] [ODATA_CLIENT] Using stored metadata context URL: http://localhost:4444/odata/ADMIN/$metadata
2026-01-20 15:51:17.514 [DEBUG] [ODATA_CLIENT] GetCurrentEntitySetType called
2026-01-20 15:51:17.514 [DEBUG] [ODATA_CLIENT] Current URL path: /odata/ADMIN/app
2026-01-20 15:51:17.514 [DEBUG] [ODATA_CLIENT] Input parameters count: 0
2026-01-20 15:51:17.514 [DEBUG] [ODATA_CLIENT] Current entity name from fragment: empty
2026-01-20 15:51:17.514 [DEBUG] [ODATA_CLIENT] No entity name from @odata.context; deferring to metadata lookup
2026-01-20 15:51:17.514 [DEBUG] [ODATA_CLIENT] Final entity set name: 
2026-01-20 15:51:17.514 [DEBUG] [ODATA_CLIENT] Using stored metadata context URL: http://localhost:4444/odata/ADMIN/$metadata
2026-01-20 15:51:17.514 [DEBUG] [ODATA_CLIENT] Derived entity set candidate from URL: app
2026-01-20 15:51:17.514 [DEBUG] [ODATA_CLIENT] Resolved entity set from URL path: app
2026-01-20 15:51:17.515 [DEBUG] [ODATA_CLIENT] Using stored metadata context URL: http://localhost:4444/odata/ADMIN/$metadata
2026-01-20 15:51:17.515 [DEBUG] [ODATA_CLIENT] Using stored metadata context URL: http://localhost:4444/odata/ADMIN/$metadata
2026-01-20 15:51:17.516 [DEBUG] [ODATA_READ_BIND] Using OData client column names for predicate pushdown: 12 columns
2026-01-20 15:51:17.516 [DEBUG] [PREDICATE_PUSHDOWN] Created predicate pushdown helper with 12 columns
2026-01-20 15:51:17.516 [DEBUG] [PREDICATE_PUSHDOWN] Column 0: app_id
2026-01-20 15:51:17.516 [DEBUG] [PREDICATE_PUSHDOWN] Column 1: app
2026-01-20 15:51:17.516 [DEBUG] [PREDICATE_PUSHDOWN] Column 2: app_desc
2026-01-20 15:51:17.516 [DEBUG] [PREDICATE_PUSHDOWN] Column 3: version
2026-01-20 15:51:17.516 [DEBUG] [PREDICATE_PUSHDOWN] Column 4: email
2026-01-20 15:51:17.516 [DEBUG] [PREDICATE_PUSHDOWN] Column 5: db
2026-01-20 15:51:17.516 [DEBUG] [PREDICATE_PUSHDOWN] Column 6: attach_logo
2026-01-20 15:51:17.516 [DEBUG] [PREDICATE_PUSHDOWN] Column 7: config
2026-01-20 15:51:17.516 [DEBUG] [PREDICATE_PUSHDOWN] Column 8: user_id
2026-01-20 15:51:17.516 [DEBUG] [PREDICATE_PUSHDOWN] Column 9: created_at
2026-01-20 15:51:17.516 [DEBUG] [PREDICATE_PUSHDOWN] Column 10: updated_at
2026-01-20 15:51:17.516 [DEBUG] [PREDICATE_PUSHDOWN] Column 11: excluded
2026-01-20 15:51:17.516 [DEBUG] [PREDICATE_PUSHDOWN] Set OData version to: V4
2026-01-20 15:51:17.516 [DEBUG] [ODATA_READ_BIND] Set OData version V4 on predicate pushdown helper
2026-01-20 15:51:17.516 [DEBUG] [PREDICATE_PUSHDOWN] Column name resolver set
2026-01-20 15:51:17.516 [DEBUG] [PREDICATE_PUSHDOWN] Consuming column selection: 12 columns
2026-01-20 15:51:17.516 [DEBUG] [PREDICATE_PUSHDOWN] Building select clause for 12 columns
2026-01-20 15:51:17.516 [DEBUG] [PREDICATE_PUSHDOWN] Non-rowid columns: 12 out of 12
2026-01-20 15:51:17.516 [DEBUG] [PREDICATE_PUSHDOWN] All columns selected, skipping $select parameter
2026-01-20 15:51:17.516 [DEBUG] [PREDICATE_PUSHDOWN] Built select clause: 
2026-01-20 15:51:17.516 [DEBUG] [ODATA_READ_BIND] Select clause: 
2026-01-20 15:51:17.516 [DEBUG] [ODATA_READ_BIND] No filters to add
2026-01-20 15:51:17.516 [DEBUG] [ODATA_READ_BIND] Updating URL from predicate pushdown
2026-01-20 15:51:17.516 [DEBUG] [ODATA_READ_BIND] Original URL: http://localhost:4444/odata/ADMIN/app?$format=json
2026-01-20 15:51:17.516 [DEBUG] [PREDICATE_PUSHDOWN] Applying filters to URL: http://localhost:4444/odata/ADMIN/app?$format=json
2026-01-20 15:51:17.516 [DEBUG] [PREDICATE_PUSHDOWN] Select clause: ''
2026-01-20 15:51:17.516 [DEBUG] [PREDICATE_PUSHDOWN] Filter clause: ''
2026-01-20 15:51:17.516 [DEBUG] [PREDICATE_PUSHDOWN] Top clause: ''
2026-01-20 15:51:17.516 [DEBUG] [PREDICATE_PUSHDOWN] Skip clause: ''
2026-01-20 15:51:17.516 [DEBUG] [PREDICATE_PUSHDOWN] Expand clause: ''
2026-01-20 15:51:17.516 [DEBUG] [PREDICATE_PUSHDOWN] Final query: '?$format=json'
2026-01-20 15:51:17.516 [INFO] [PREDICATE_PUSHDOWN] Updated URL: http://localhost:4444/odata/ADMIN/app?$format=json
2026-01-20 15:51:17.516 [DEBUG] [ODATA_READ_BIND] Updated URL: http://localhost:4444/odata/ADMIN/app?$format=json
2026-01-20 15:51:17.516 [DEBUG] [ODATA_READ_BIND] Preserved OData version V4 on new client
2026-01-20 15:51:17.516 [DEBUG] [ODATA_READ_BIND] PrefetchFirstPage: service_root_mode_ = false
2026-01-20 15:51:17.516 [DEBUG] [ODATA_READ_BIND] PrefetchFirstPage: starting first page fetch
2026-01-20 15:51:17.516 [INFO] [ODATA_CLIENT] Fetching OData request from: http://localhost:4444/odata/ADMIN/app?$format=json (get_next: 0)
2026-01-20 15:51:17.516 [DEBUG] [ODATA_CLIENT] Executing HTTP GET request
2026-01-20 15:51:17.516 [DEBUG] [ODATA_CLIENT] DoHttpGet: calling AddInputParametersToUrl
2026-01-20 15:51:17.516 [INFO] [ODATA_CLIENT] AddInputParametersToUrl called with 0 parameters on client at 140482139249024
2026-01-20 15:51:17.516 [INFO] [ODATA_CLIENT] No input parameters to add
2026-01-20 15:51:17.516 [DEBUG] [ODATA_CLIENT] DoHttpGet: URL after input parameters: http://localhost:4444/odata/ADMIN/app?$format=json
2026-01-20 15:51:17.517 [INFO] [HTTP_REQUEST_REPRO] Reproduce with: SELECT * FROM http_get('http://localhost:4444/odata/ADMIN/app?$format=json', headers := MAP{'Accept': 'application/json;odata.metadata=minimal', 'Authorization': 'Bearer eyJhbGciOiJIUzI1NiJ9.eyJpc3MiOiJodHRwOi8vbG9jYWxob3N0OjQ0NDQiLCJzdWIiOiJ7XCJhY3RpdmVcIjp0cnVlLFwiZXhjbHVkZWRcIjpmYWxzZSxcImZpcnN0X25hbWVcIjpcIlN1cGVyXCIsXCJsYW5nX2lkXCI6MSxcImxhc3RfbmFtZVwiOlwiQWRtaW5cIixcInJvbGVfaWRcIjoxLFwidXNlcl9pZFwiOjEsXCJ1c2VybmFtZVwiOlwicm9vdFwifSIsImF1ZCI6WyJodHRwOi8vbG9jYWxob3N0OjQ0NDQiXSwiZXhwIjoxNzc0MDg0NzU1LjgzMzE4OTcsIm5iZiI6MTc2ODkwMDc1NS44MzMxOTA3LCJpYXQiOjE3Njg5MDA3NTUuODMzMTkwMn0.nKV-u4pSDHrsDNaaPkCnfXSs8jOtofXSggQ-MS5CtQA', 'OData-MaxVersion': '4.0', 'OData-Version': '4.0'}, url_encode := false);
2026-01-20 15:51:17.517 [INFO] [HTTP_REQUEST] Executing GET request to: /odata/ADMIN/app?$format=json
2026-01-20 15:51:17.517 [DEBUG] [HTTP_REQUEST] Request headers:
2026-01-20 15:51:17.517 [DEBUG] [HTTP_REQUEST]   Accept: application/json;odata.metadata=minimal
2026-01-20 15:51:17.517 [DEBUG] [HTTP_REQUEST]   Authorization: Bearer eyJhbGciOiJIUzI1NiJ9.eyJpc3MiOiJodHRwOi8vbG9jYWxob3N0OjQ0NDQiLCJzdWIiOiJ7XCJhY3RpdmVcIjp0cnVlLFwiZXhjbHVkZWRcIjpmYWxzZSxcImZpcnN0X25hbWVcIjpcIlN1cGVyXCIsXCJsYW5nX2lkXCI6MSxcImxhc3RfbmFtZVwiOlwiQWRtaW5cIixcInJvbGVfaWRcIjoxLFwidXNlcl9pZFwiOjEsXCJ1c2VybmFtZVwiOlwicm9vdFwifSIsImF1ZCI6WyJodHRwOi8vbG9jYWxob3N0OjQ0NDQiXSwiZXhwIjoxNzc0MDg0NzU1LjgzMzE4OTcsIm5iZiI6MTc2ODkwMDc1NS44MzMxOTA3LCJpYXQiOjE3Njg5MDA3NTUuODMzMTkwMn0.nKV-u4pSDHrsDNaaPkCnfXSs8jOtofXSggQ-MS5CtQA
2026-01-20 15:51:17.517 [DEBUG] [HTTP_REQUEST]   OData-MaxVersion: 4.0
2026-01-20 15:51:17.517 [DEBUG] [HTTP_REQUEST]   OData-Version: 4.0
2026-01-20 15:51:17.530 [INFO] [HTTP_RESPONSE] Response status: 200
2026-01-20 15:51:17.530 [DEBUG] [HTTP_RESPONSE] Response headers:
2026-01-20 15:51:17.530 [DEBUG] [HTTP_RESPONSE]   Access-Control-Allow-Headers: Content-Type, Authorization, enctype
2026-01-20 15:51:17.530 [DEBUG] [HTTP_RESPONSE]   Access-Control-Allow-Methods: GET, POST, PUT, DELETE, OPTIONS
2026-01-20 15:51:17.530 [DEBUG] [HTTP_RESPONSE]   Access-Control-Allow-Origin: *
2026-01-20 15:51:17.530 [DEBUG] [HTTP_RESPONSE]   Content-Length: 868
2026-01-20 15:51:17.530 [DEBUG] [HTTP_RESPONSE]   Content-Type: application/json
2026-01-20 15:51:17.530 [DEBUG] [HTTP_RESPONSE]   Date: Tue, 20 Jan 2026 16:51:17 GMT
2026-01-20 15:51:17.530 [DEBUG] [HTTP_RESPONSE]   Vary: Authorization
2026-01-20 15:51:17.531 [DEBUG] [HTTP_RESPONSE] Response body (868 bytes)
2026-01-20 15:51:17.531 [DEBUG] [HTTP_RESPONSE] Response body: {"@odata.context":"http://localhost:4444/odata/ADMIN/app","@odata.count":3,"value":[{"app":"ADMIN","app_desc":"Admin","app_id":1,"attach_logo":null,"config":"{}","created_at":"2025-11-05T18:55:00.130747Z","db":"ADMIN","email":null,"excluded":false,"updated_at":"2025-11-05T18:55:00.130747Z","user_id":1,"username":"root","version":"1.0.0"},{"app":"ETLX","app_desc":"ETLX UI in CS","app_id":2,"attach_logo":null,"config":null,"created_at":"2025-11-05T19:01:54.055156Z","db":"ETLX","email":null,"excluded":false,"updated_at":"2025-11-05T19:01:54.055156Z","user_id":1,"username":"root","version":"1.0.0"},{"app":"SAAS","app_desc":"CS SASS Backend","app_id":3,"attach_logo":null,"config":null,"created_at":"2026-01-10T18:53:52.783348Z","db":"SAAS","email":null,"excluded":false,"updated_at":"2026-01-10T18:53:52.783348Z","user_id":1,"username":"root","version":"1.0.0"}]}

2026-01-20 15:51:17.531 [DEBUG] [ODATA_CLIENT] Creating OData response object
2026-01-20 15:51:17.531 [DEBUG] [ODATA_RESPONSE] Created OData entity set response
2026-01-20 15:51:17.531 [DEBUG] [ODATA_RESPONSE] Response content type: application/json
2026-01-20 15:51:17.531 [DEBUG] [ODATA_RESPONSE] OData version: V4
2026-01-20 15:51:17.531 [DEBUG] [ODATA_CLIENT] Successfully created OData response
2026-01-20 15:51:17.531 [DEBUG] [ODATA_RESPONSE] Parsing HTTP response content
2026-01-20 15:51:17.531 [DEBUG] [ODATA_RESPONSE] Content type: application/json
2026-01-20 15:51:17.531 [DEBUG] [CHARSET_CONVERTER] No charset specified, defaulting to UTF-8 converter
2026-01-20 15:51:17.531 [DEBUG] [CHARSET_CONVERTER] Creating charset converter for content type: application/json
2026-01-20 15:51:17.531 [DEBUG] [CHARSET_CONVERTER] Charset converter initialized with charset: utf-8
2026-01-20 15:51:17.531 [DEBUG] [CHARSET_CONVERTER] Converting 868 bytes using charset: utf-8
2026-01-20 15:51:17.531 [DEBUG] [CHARSET_CONVERTER] Converting from bytes using charset: utf-8
2026-01-20 15:51:17.531 [DEBUG] [CHARSET_CONVERTER] Using default UTF-8 conversion
2026-01-20 15:51:17.531 [DEBUG] [CHARSET_CONVERTER] Using UTF-8 converter for output
2026-01-20 15:51:17.531 [DEBUG] [ODATA_RESPONSE] Content size: 868 bytes
2026-01-20 15:51:17.531 [DEBUG] [CHARSET_CONVERTER] No charset specified, defaulting to UTF-8 converter
2026-01-20 15:51:17.531 [DEBUG] [CHARSET_CONVERTER] Creating charset converter for content type: application/json
2026-01-20 15:51:17.531 [DEBUG] [CHARSET_CONVERTER] Charset converter initialized with charset: utf-8
2026-01-20 15:51:17.531 [DEBUG] [CHARSET_CONVERTER] Converting 868 bytes using charset: utf-8
2026-01-20 15:51:17.531 [DEBUG] [CHARSET_CONVERTER] Converting from bytes using charset: utf-8
2026-01-20 15:51:17.531 [DEBUG] [CHARSET_CONVERTER] Using default UTF-8 conversion
2026-01-20 15:51:17.531 [DEBUG] [CHARSET_CONVERTER] Using UTF-8 converter for output
2026-01-20 15:51:17.531 [DEBUG] [ODATA_CONTENT] Creating OData content from response
2026-01-20 15:51:17.531 [DEBUG] [ODATA_CONTENT] Content type: application/json
2026-01-20 15:51:17.531 [DEBUG] [ODATA_CONTENT] Content size: 868 bytes
2026-01-20 15:51:17.531 [DEBUG] [DETECT_VERSION] Starting OData version detection
2026-01-20 15:51:17.531 [DEBUG] [DETECT_VERSION] Found 'value' array, detecting as V4
2026-01-20 15:51:17.531 [DEBUG] [ODATA_CONTENT] Detected OData version from response: V4
2026-01-20 15:51:17.531 [DEBUG] [ODATA_CONTENT] Metadata suggested version: V4
2026-01-20 15:51:17.531 [DEBUG] [DETECT_VERSION] Starting OData version detection
2026-01-20 15:51:17.531 [DEBUG] [DETECT_VERSION] Found 'value' array, detecting as V4
2026-01-20 15:51:17.531 [DEBUG] [ODATA_RESPONSE] Successfully parsed content
2026-01-20 15:51:17.531 [DEBUG] [ODATA_CLIENT] Raw metadata context URL: http://localhost:4444/odata/ADMIN/app
2026-01-20 15:51:17.531 [INFO] [ODATA_CLIENT] Updated metadata context URL from response: http://localhost:4444/odata/ADMIN/app
2026-01-20 15:51:17.531 [DEBUG] [ODATA_RESPONSE] Returning cached parsed content
2026-01-20 15:51:17.531 [INFO] [ODATA_READ_BIND] Service reported total row count: 3
2026-01-20 15:51:17.531 [INFO] [ODATA_READ_BIND] GetResultNames called - service_root_mode: false
2026-01-20 15:51:17.531 [INFO] [ODATA_READ_BIND] GetResultTypes called - service_root_mode: false
2026-01-20 15:51:17.531 [DEBUG] [ODATA_READ_BIND] Final combined types size: 12
2026-01-20 15:51:17.531 [DEBUG] [ODATA_RESPONSE] Returning cached parsed content
2026-01-20 15:51:17.531 [DEBUG] [ODATA_TO_ROWS] Starting ToRows with 12 columns
2026-01-20 15:51:17.531 [DEBUG] [GET_VALUE_ARRAY] OData version: V4
2026-01-20 15:51:17.531 [DEBUG] [GET_VALUE_ARRAY] Processing OData v4 structure
2026-01-20 15:51:17.531 [DEBUG] [GET_VALUE_ARRAY] Successfully found v4 value array with 3 items
2026-01-20 15:51:17.531 [DEBUG] [ODATA_TO_ROWS] Found 3 rows in JSON response
2026-01-20 15:51:17.531 [DEBUG] [ODATA_CONTENT] Deserializing JSON value: expected type=INTEGER, actual JSON type=uint
2026-01-20 15:51:17.531 [DEBUG] [ODATA_CONTENT] Deserializing JSON value: expected type=VARCHAR, actual JSON type=string
2026-01-20 15:51:17.531 [DEBUG] [ODATA_CONTENT] Deserializing JSON value: expected type=VARCHAR, actual JSON type=string
2026-01-20 15:51:17.531 [DEBUG] [ODATA_CONTENT] Deserializing JSON value: expected type=VARCHAR, actual JSON type=string
2026-01-20 15:51:17.531 [DEBUG] [ODATA_CONTENT] Deserializing JSON value: expected type=VARCHAR, actual JSON type=null
2026-01-20 15:51:17.531 [DEBUG] [ODATA_CONTENT] Deserializing JSON value: expected type=VARCHAR, actual JSON type=string
2026-01-20 15:51:17.531 [DEBUG] [ODATA_CONTENT] Deserializing JSON value: expected type=VARCHAR, actual JSON type=null
2026-01-20 15:51:17.531 [DEBUG] [ODATA_CONTENT] Deserializing JSON value: expected type=VARCHAR, actual JSON type=string
2026-01-20 15:51:17.531 [DEBUG] [ODATA_CONTENT] Deserializing JSON value: expected type=INTEGER, actual JSON type=uint
2026-01-20 15:51:17.531 [DEBUG] [ODATA_CONTENT] Deserializing JSON value: expected type=TIMESTAMP, actual JSON type=string
2026-01-20 15:51:17.532 [DEBUG] [ODATA_CONTENT] Deserializing JSON value: expected type=TIMESTAMP, actual JSON type=string
2026-01-20 15:51:17.532 [DEBUG] [ODATA_CONTENT] Deserializing JSON value: expected type=BOOLEAN, actual JSON type=false
2026-01-20 15:51:17.532 [DEBUG] [ODATA_CONTENT] Deserializing JSON value: expected type=INTEGER, actual JSON type=uint
2026-01-20 15:51:17.532 [DEBUG] [ODATA_CONTENT] Deserializing JSON value: expected type=VARCHAR, actual JSON type=string
2026-01-20 15:51:17.532 [DEBUG] [ODATA_CONTENT] Deserializing JSON value: expected type=VARCHAR, actual JSON type=string
2026-01-20 15:51:17.532 [DEBUG] [ODATA_CONTENT] Deserializing JSON value: expected type=VARCHAR, actual JSON type=string
2026-01-20 15:51:17.532 [DEBUG] [ODATA_CONTENT] Deserializing JSON value: expected type=VARCHAR, actual JSON type=null
2026-01-20 15:51:17.532 [DEBUG] [ODATA_CONTENT] Deserializing JSON value: expected type=VARCHAR, actual JSON type=string
2026-01-20 15:51:17.532 [DEBUG] [ODATA_CONTENT] Deserializing JSON value: expected type=VARCHAR, actual JSON type=null
2026-01-20 15:51:17.532 [DEBUG] [ODATA_CONTENT] Deserializing JSON value: expected type=VARCHAR, actual JSON type=null
2026-01-20 15:51:17.532 [DEBUG] [ODATA_CONTENT] Deserializing JSON value: expected type=INTEGER, actual JSON type=uint
2026-01-20 15:51:17.532 [DEBUG] [ODATA_CONTENT] Deserializing JSON value: expected type=TIMESTAMP, actual JSON type=string
2026-01-20 15:51:17.532 [DEBUG] [ODATA_CONTENT] Deserializing JSON value: expected type=TIMESTAMP, actual JSON type=string
2026-01-20 15:51:17.532 [DEBUG] [ODATA_CONTENT] Deserializing JSON value: expected type=BOOLEAN, actual JSON type=false
2026-01-20 15:51:17.532 [DEBUG] [ODATA_CONTENT] Deserializing JSON value: expected type=INTEGER, actual JSON type=uint
2026-01-20 15:51:17.532 [DEBUG] [ODATA_CONTENT] Deserializing JSON value: expected type=VARCHAR, actual JSON type=string
2026-01-20 15:51:17.532 [DEBUG] [ODATA_CONTENT] Deserializing JSON value: expected type=VARCHAR, actual JSON type=string
2026-01-20 15:51:17.532 [DEBUG] [ODATA_CONTENT] Deserializing JSON value: expected type=VARCHAR, actual JSON type=string
2026-01-20 15:51:17.532 [DEBUG] [ODATA_CONTENT] Deserializing JSON value: expected type=VARCHAR, actual JSON type=null
2026-01-20 15:51:17.532 [DEBUG] [ODATA_CONTENT] Deserializing JSON value: expected type=VARCHAR, actual JSON type=string
2026-01-20 15:51:17.532 [DEBUG] [ODATA_CONTENT] Deserializing JSON value: expected type=VARCHAR, actual JSON type=null
2026-01-20 15:51:17.532 [DEBUG] [ODATA_CONTENT] Deserializing JSON value: expected type=VARCHAR, actual JSON type=null
2026-01-20 15:51:17.532 [DEBUG] [ODATA_CONTENT] Deserializing JSON value: expected type=INTEGER, actual JSON type=uint
2026-01-20 15:51:17.532 [DEBUG] [ODATA_CONTENT] Deserializing JSON value: expected type=TIMESTAMP, actual JSON type=string
2026-01-20 15:51:17.532 [DEBUG] [ODATA_CONTENT] Deserializing JSON value: expected type=TIMESTAMP, actual JSON type=string
2026-01-20 15:51:17.532 [DEBUG] [ODATA_CONTENT] Deserializing JSON value: expected type=BOOLEAN, actual JSON type=false
2026-01-20 15:51:17.532 [DEBUG] [ODATA_TO_ROWS] Total rows processed: 3
2026-01-20 15:51:17.532 [DEBUG] [ODATA_RESPONSE] Returning cached parsed content
2026-01-20 15:51:17.532 [DEBUG] [ODATA_READ_BIND] PrefetchFirstPage: buffered 3 rows, has_next_page=false
2026-01-20 15:51:17.532 [DEBUG] [ODATA_SCAN] Starting OData scan operation
2026-01-20 15:51:17.532 [DEBUG] [ODATA_SCAN] Fetching next result set
2026-01-20 15:51:17.532 [INFO] [ODATA_READ_BIND] GetResultNames called - service_root_mode: false
2026-01-20 15:51:17.532 [INFO] [ODATA_READ_BIND] GetResultTypes called - service_root_mode: false
2026-01-20 15:51:17.532 [DEBUG] [ODATA_READ_BIND] Final combined types size: 12
2026-01-20 15:51:17.532 [INFO] [ODATA_SCAN] Progress: 100.00% (3/3)
2026-01-20 15:51:17.532 [INFO] [ODATA_SCAN] Fetched 3 rows
2026-01-20 15:51:17.532 [DEBUG] [ODATA_SCAN] Starting OData scan operation
2026-01-20 15:51:17.532 [DEBUG] [ODATA_SCAN] No more results available
2026-01-20 15:52:00.991 [DEBUG] [HTTP_AUTH] No auth parameter provided, using registered secrets
2026-01-20 15:52:00.991 [DEBUG] [HTTP_AUTH] Found http_bearer secret for URL: http://localhost:4444/odata/ADMIN/app
2026-01-20 15:52:00.991 [DEBUG] [HTTP_REQUEST] Creating HTTP GET request
2026-01-20 15:52:00.991 [INFO] [HTTP_REQUEST] Request URL: http://localhost:4444/odata/ADMIN/app
2026-01-20 15:52:00.991 [DEBUG] [HTTP_HEADERS] No headers parameter provided
2026-01-20 15:52:00.991 [DEBUG] [HTTP_REQUEST] Request created with 0 bytes of content
2026-01-20 15:52:00.991 [DEBUG] [HTTP_HEADERS] Processing headers from type: MAP(VARCHAR, VARCHAR)
2026-01-20 15:52:00.991 [DEBUG] [HTTP_HEADERS] Processing 1 map entries
2026-01-20 15:52:00.991 [DEBUG] [HTTP_HEADERS] Added header: Accept = application/json
2026-01-20 15:52:00.991 [INFO] [HTTP_HEADERS] Final headers count: 1
2026-01-20 15:52:00.992 [DEBUG] [HTTP_AUTH] No auth parameter provided, using registered secrets
2026-01-20 15:52:00.992 [DEBUG] [HTTP_AUTH] Found http_bearer secret for URL: http://localhost:4444/odata/ADMIN/app
2026-01-20 15:52:00.992 [DEBUG] [HTTP_REQUEST] Creating HTTP GET request
2026-01-20 15:52:00.992 [INFO] [HTTP_REQUEST] Request URL: http://localhost:4444/odata/ADMIN/app
2026-01-20 15:52:00.992 [DEBUG] [HTTP_HEADERS] No headers parameter provided
2026-01-20 15:52:00.992 [DEBUG] [HTTP_REQUEST] Request created with 0 bytes of content
2026-01-20 15:52:00.992 [DEBUG] [HTTP_HEADERS] Processing headers from type: MAP(VARCHAR, VARCHAR)
2026-01-20 15:52:00.992 [DEBUG] [HTTP_HEADERS] Processing 1 map entries
2026-01-20 15:52:00.992 [DEBUG] [HTTP_HEADERS] Added header: Accept = application/json
2026-01-20 15:52:00.992 [INFO] [HTTP_HEADERS] Final headers count: 1
2026-01-20 15:52:00.992 [DEBUG] [HTTP_SCAN] Starting HTTP scan operation
2026-01-20 15:52:00.992 [INFO] [HTTP_REQUEST_REPRO] Reproduce with: SELECT * FROM http_get('http://localhost:4444/odata/ADMIN/app', headers := MAP{'Accept': 'application/json', 'Authorization': 'Bearer eyJhbGciOiJIUzI1NiJ9.eyJpc3MiOiJodHRwOi8vbG9jYWxob3N0OjQ0NDQiLCJzdWIiOiJ7XCJhY3RpdmVcIjp0cnVlLFwiZXhjbHVkZWRcIjpmYWxzZSxcImZpcnN0X25hbWVcIjpcIlN1cGVyXCIsXCJsYW5nX2lkXCI6MSxcImxhc3RfbmFtZVwiOlwiQWRtaW5cIixcInJvbGVfaWRcIjoxLFwidXNlcl9pZFwiOjEsXCJ1c2VybmFtZVwiOlwicm9vdFwifSIsImF1ZCI6WyJodHRwOi8vbG9jYWxob3N0OjQ0NDQiXSwiZXhwIjoxNzc0MDg0NzU1LjgzMzE4OTcsIm5iZiI6MTc2ODkwMDc1NS44MzMxOTA3LCJpYXQiOjE3Njg5MDA3NTUuODMzMTkwMn0.nKV-u4pSDHrsDNaaPkCnfXSs8jOtofXSggQ-MS5CtQA'}, url_encode := true);
2026-01-20 15:52:00.992 [INFO] [HTTP_REQUEST] Executing GET request to: /odata/ADMIN/app
2026-01-20 15:52:00.992 [DEBUG] [HTTP_REQUEST] Request headers:
2026-01-20 15:52:00.992 [DEBUG] [HTTP_REQUEST]   Accept: application/json
2026-01-20 15:52:00.992 [DEBUG] [HTTP_REQUEST]   Authorization: Bearer eyJhbGciOiJIUzI1NiJ9.eyJpc3MiOiJodHRwOi8vbG9jYWxob3N0OjQ0NDQiLCJzdWIiOiJ7XCJhY3RpdmVcIjp0cnVlLFwiZXhjbHVkZWRcIjpmYWxzZSxcImZpcnN0X25hbWVcIjpcIlN1cGVyXCIsXCJsYW5nX2lkXCI6MSxcImxhc3RfbmFtZVwiOlwiQWRtaW5cIixcInJvbGVfaWRcIjoxLFwidXNlcl9pZFwiOjEsXCJ1c2VybmFtZVwiOlwicm9vdFwifSIsImF1ZCI6WyJodHRwOi8vbG9jYWxob3N0OjQ0NDQiXSwiZXhwIjoxNzc0MDg0NzU1LjgzMzE4OTcsIm5iZiI6MTc2ODkwMDc1NS44MzMxOTA3LCJpYXQiOjE3Njg5MDA3NTUuODMzMTkwMn0.nKV-u4pSDHrsDNaaPkCnfXSs8jOtofXSggQ-MS5CtQA
2026-01-20 15:52:01.5 [INFO] [HTTP_RESPONSE] Response status: 200
2026-01-20 15:52:01.5 [DEBUG] [HTTP_RESPONSE] Response headers:
2026-01-20 15:52:01.5 [DEBUG] [HTTP_RESPONSE]   Access-Control-Allow-Headers: Content-Type, Authorization, enctype
2026-01-20 15:52:01.5 [DEBUG] [HTTP_RESPONSE]   Access-Control-Allow-Methods: GET, POST, PUT, DELETE, OPTIONS
2026-01-20 15:52:01.5 [DEBUG] [HTTP_RESPONSE]   Access-Control-Allow-Origin: *
2026-01-20 15:52:01.5 [DEBUG] [HTTP_RESPONSE]   Content-Length: 868
2026-01-20 15:52:01.5 [DEBUG] [HTTP_RESPONSE]   Content-Type: application/json
2026-01-20 15:52:01.5 [DEBUG] [HTTP_RESPONSE]   Date: Tue, 20 Jan 2026 16:52:01 GMT
2026-01-20 15:52:01.5 [DEBUG] [HTTP_RESPONSE]   Vary: Authorization
2026-01-20 15:52:01.5 [DEBUG] [HTTP_RESPONSE] Response body (868 bytes)
2026-01-20 15:52:01.5 [DEBUG] [HTTP_RESPONSE] Response body: {"@odata.context":"http://localhost:4444/odata/ADMIN/app","@odata.count":3,"value":[{"app":"ADMIN","app_desc":"Admin","app_id":1,"attach_logo":null,"config":"{}","created_at":"2025-11-05T18:55:00.130747Z","db":"ADMIN","email":null,"excluded":false,"updated_at":"2025-11-05T18:55:00.130747Z","user_id":1,"username":"root","version":"1.0.0"},{"app":"ETLX","app_desc":"ETLX UI in CS","app_id":2,"attach_logo":null,"config":null,"created_at":"2025-11-05T19:01:54.055156Z","db":"ETLX","email":null,"excluded":false,"updated_at":"2025-11-05T19:01:54.055156Z","user_id":1,"username":"root","version":"1.0.0"},{"app":"SAAS","app_desc":"CS SASS Backend","app_id":3,"attach_logo":null,"config":null,"created_at":"2026-01-10T18:53:52.783348Z","db":"SAAS","email":null,"excluded":false,"updated_at":"2026-01-10T18:53:52.783348Z","user_id":1,"username":"root","version":"1.0.0"}]}

2026-01-20 15:52:01.5 [DEBUG] [CHARSET_CONVERTER] No charset specified, defaulting to UTF-8 converter
2026-01-20 15:52:01.5 [DEBUG] [CHARSET_CONVERTER] Creating charset converter for content type: application/json
2026-01-20 15:52:01.5 [DEBUG] [CHARSET_CONVERTER] Charset converter initialized with charset: utf-8
2026-01-20 15:52:01.5 [DEBUG] [CHARSET_CONVERTER] Converting 868 bytes using charset: utf-8
2026-01-20 15:52:01.5 [DEBUG] [CHARSET_CONVERTER] Converting from bytes using charset: utf-8
2026-01-20 15:52:01.5 [DEBUG] [CHARSET_CONVERTER] Using default UTF-8 conversion
2026-01-20 15:52:01.5 [DEBUG] [CHARSET_CONVERTER] Using UTF-8 converter for output
2026-01-20 15:52:01.5 [INFO] [HTTP_SCAN] Successfully fetched 1 rows
2026-01-20 15:52:01.5 [DEBUG] [HTTP_SCAN] Starting HTTP scan operation
2026-01-20 15:52:01.5 [DEBUG] [HTTP_SCAN] No more results available
2026-01-20 15:52:06.428 [DEBUG] [HTTP_AUTH] Found http_bearer secret for URL: http://localhost:4444/odata/ADMIN
2026-01-20 15:52:10.57 [INFO] [ODATA_CLIENT] ODataServiceClient::GetMetadata() called - handling V2/V4 compatibility
2026-01-20 15:52:10.57 [DEBUG] [ODATA_CLIENT] DoHttpGet: calling AddInputParametersToUrl
2026-01-20 15:52:10.57 [DEBUG] [ODATA_CLIENT] DoHttpGet: URL after input parameters: http://localhost:4444/odata/ADMIN
2026-01-20 15:52:10.57 [INFO] [HTTP_REQUEST_REPRO] Reproduce with: SELECT * FROM http_get('http://localhost:4444/odata/ADMIN', headers := MAP{'Accept': 'application/json;odata.metadata=minimal', 'Authorization': 'Bearer eyJhbGciOiJIUzI1NiJ9.eyJpc3MiOiJodHRwOi8vbG9jYWxob3N0OjQ0NDQiLCJzdWIiOiJ7XCJhY3RpdmVcIjp0cnVlLFwiZXhjbHVkZWRcIjpmYWxzZSxcImZpcnN0X25hbWVcIjpcIlN1cGVyXCIsXCJsYW5nX2lkXCI6MSxcImxhc3RfbmFtZVwiOlwiQWRtaW5cIixcInJvbGVfaWRcIjoxLFwidXNlcl9pZFwiOjEsXCJ1c2VybmFtZVwiOlwicm9vdFwifSIsImF1ZCI6WyJodHRwOi8vbG9jYWxob3N0OjQ0NDQiXSwiZXhwIjoxNzc0MDg0NzU1LjgzMzE4OTcsIm5iZiI6MTc2ODkwMDc1NS44MzMxOTA3LCJpYXQiOjE3Njg5MDA3NTUuODMzMTkwMn0.nKV-u4pSDHrsDNaaPkCnfXSs8jOtofXSggQ-MS5CtQA', 'OData-MaxVersion': '4.0', 'OData-Version': '4.0'}, url_encode := true);
2026-01-20 15:52:10.57 [INFO] [HTTP_REQUEST] Executing GET request to: /odata/ADMIN
2026-01-20 15:52:10.57 [DEBUG] [HTTP_REQUEST] Request headers:
2026-01-20 15:52:10.57 [DEBUG] [HTTP_REQUEST]   Accept: application/json;odata.metadata=minimal
2026-01-20 15:52:10.57 [DEBUG] [HTTP_REQUEST]   Authorization: Bearer eyJhbGciOiJIUzI1NiJ9.eyJpc3MiOiJodHRwOi8vbG9jYWxob3N0OjQ0NDQiLCJzdWIiOiJ7XCJhY3RpdmVcIjp0cnVlLFwiZXhjbHVkZWRcIjpmYWxzZSxcImZpcnN0X25hbWVcIjpcIlN1cGVyXCIsXCJsYW5nX2lkXCI6MSxcImxhc3RfbmFtZVwiOlwiQWRtaW5cIixcInJvbGVfaWRcIjoxLFwidXNlcl9pZFwiOjEsXCJ1c2VybmFtZVwiOlwicm9vdFwifSIsImF1ZCI6WyJodHRwOi8vbG9jYWxob3N0OjQ0NDQiXSwiZXhwIjoxNzc0MDg0NzU1LjgzMzE4OTcsIm5iZiI6MTc2ODkwMDc1NS44MzMxOTA3LCJpYXQiOjE3Njg5MDA3NTUuODMzMTkwMn0.nKV-u4pSDHrsDNaaPkCnfXSs8jOtofXSggQ-MS5CtQA
2026-01-20 15:52:10.57 [DEBUG] [HTTP_REQUEST]   OData-MaxVersion: 4.0
2026-01-20 15:52:10.57 [DEBUG] [HTTP_REQUEST]   OData-Version: 4.0
2026-01-20 15:52:10.58 [INFO] [HTTP_RESPONSE] Response status: 200
2026-01-20 15:52:10.58 [DEBUG] [HTTP_RESPONSE] Response headers:
2026-01-20 15:52:10.58 [DEBUG] [HTTP_RESPONSE]   Accept-Ranges: bytes
2026-01-20 15:52:10.58 [DEBUG] [HTTP_RESPONSE]   Access-Control-Allow-Headers: Content-Type, Authorization, enctype
2026-01-20 15:52:10.58 [DEBUG] [HTTP_RESPONSE]   Access-Control-Allow-Methods: GET, POST, PUT, DELETE, OPTIONS
2026-01-20 15:52:10.58 [DEBUG] [HTTP_RESPONSE]   Access-Control-Allow-Origin: *
2026-01-20 15:52:10.58 [DEBUG] [HTTP_RESPONSE]   Content-Length: 606
2026-01-20 15:52:10.58 [DEBUG] [HTTP_RESPONSE]   Content-Type: text/html; charset=utf-8
2026-01-20 15:52:10.58 [DEBUG] [HTTP_RESPONSE]   Date: Tue, 20 Jan 2026 16:52:10 GMT
2026-01-20 15:52:10.58 [DEBUG] [HTTP_RESPONSE]   Last-Modified: Sun, 18 Jan 2026 17:31:57 GMT
2026-01-20 15:52:10.58 [DEBUG] [HTTP_RESPONSE]   Vary: Authorization
2026-01-20 15:52:10.58 [DEBUG] [HTTP_RESPONSE] Response body (606 bytes)
2026-01-20 15:52:10.58 [DEBUG] [HTTP_RESPONSE] Response body: <!DOCTYPE html>
<html lang="en" data-theme="light">
  <head>
    <base href="./static/" />
    <meta charset="UTF-8" />
    <link rel="icon" href="./img/icon.png" />
    <meta name="viewport" content="width=device-width, initial-scale=1.0" />
    <title>CS</title>
    <script type="module" crossorigin src="./assets/index-Bt-2cytc.js"></script>
    <link rel="stylesheet" crossorigin href="./assets/index-DGjk5ksV.css">
  <link rel="manifest" href="./manifest.webmanifest"><script id="vite-plugin-pwa:register-sw" src="./registerSW.js"></script></head>
  <body>
    <div id="app"></div>
  </body>
</html>

2026-01-20 15:52:10.58 [DEBUG] [ODATA_RESPONSE] Created OData service response
2026-01-20 15:52:10.58 [DEBUG] [ODATA_RESPONSE] Response content type: text/html; charset=utf-8
2026-01-20 15:52:10.59 [DEBUG] [ODATA_RESPONSE] OData version: V4
2026-01-20 15:52:10.59 [DEBUG] [ODATA_RESPONSE] Parsing HTTP response content
2026-01-20 15:52:10.59 [DEBUG] [ODATA_RESPONSE] Content type: text/html; charset=utf-8
2026-01-20 15:52:10.59 [DEBUG] [CHARSET_CONVERTER] Detected UTF-8 charset, using UTF-8 converter
2026-01-20 15:52:10.59 [DEBUG] [CHARSET_CONVERTER] Creating charset converter for content type: text/html; charset=utf-8
2026-01-20 15:52:10.59 [DEBUG] [CHARSET_CONVERTER] Charset converter initialized with charset: utf-8
2026-01-20 15:52:10.59 [DEBUG] [CHARSET_CONVERTER] Converting 606 bytes using charset: utf-8
2026-01-20 15:52:10.59 [DEBUG] [CHARSET_CONVERTER] Converting from bytes using charset: utf-8
2026-01-20 15:52:10.59 [DEBUG] [CHARSET_CONVERTER] Using default UTF-8 conversion
2026-01-20 15:52:10.59 [DEBUG] [CHARSET_CONVERTER] Using UTF-8 converter for output
2026-01-20 15:52:10.59 [DEBUG] [ODATA_RESPONSE] Content size: 606 bytes
2026-01-20 15:52:10.59 [DEBUG] [CHARSET_CONVERTER] Detected UTF-8 charset, using UTF-8 converter
2026-01-20 15:52:10.59 [DEBUG] [CHARSET_CONVERTER] Creating charset converter for content type: text/html; charset=utf-8
2026-01-20 15:52:10.59 [DEBUG] [CHARSET_CONVERTER] Charset converter initialized with charset: utf-8
2026-01-20 15:52:10.59 [DEBUG] [CHARSET_CONVERTER] Converting 606 bytes using charset: utf-8
2026-01-20 15:52:10.59 [DEBUG] [CHARSET_CONVERTER] Converting from bytes using charset: utf-8
2026-01-20 15:52:10.59 [DEBUG] [CHARSET_CONVERTER] Using default UTF-8 conversion
2026-01-20 15:52:10.59 [DEBUG] [CHARSET_CONVERTER] Using UTF-8 converter for output
2026-01-20 15:52:10.59 [WARN] [ODATA_CLIENT] Service root request failed: Unsupported OData content type: text/html; charset=utf-8, falling back to direct $metadata URL
2026-01-20 15:52:10.76 [DEBUG] [ODATA_READ_BIND] Standard OData v4 URL detected, using conventional metadata approach
2026-01-20 15:52:10.76 [DEBUG] [ODATA_READ_BIND] Standard OData v4 URL detected, using conventional metadata approach
2026-01-20 15:52:10.77 [DEBUG] [ODATA_READ_BIND] Activating columns: 0, 1, 2, 3, 4, 5, 6, 7, 8, 9, 10, 11, 
2026-01-20 15:52:10.77 [DEBUG] [ODATA_READ_BIND] Mapping activated index 0 to original index 0
2026-01-20 15:52:10.77 [DEBUG] [ODATA_READ_BIND] Mapping activated index 1 to original index 1
2026-01-20 15:52:10.77 [DEBUG] [ODATA_READ_BIND] Mapping activated index 2 to original index 2
2026-01-20 15:52:10.77 [DEBUG] [ODATA_READ_BIND] Mapping activated index 3 to original index 3
2026-01-20 15:52:10.77 [DEBUG] [ODATA_READ_BIND] Mapping activated index 4 to original index 4
2026-01-20 15:52:10.77 [DEBUG] [ODATA_READ_BIND] Mapping activated index 5 to original index 5
2026-01-20 15:52:10.77 [DEBUG] [ODATA_READ_BIND] Mapping activated index 6 to original index 6
2026-01-20 15:52:10.77 [DEBUG] [ODATA_READ_BIND] Mapping activated index 7 to original index 7
2026-01-20 15:52:10.77 [DEBUG] [ODATA_READ_BIND] Mapping activated index 8 to original index 8
2026-01-20 15:52:10.77 [DEBUG] [ODATA_READ_BIND] Mapping activated index 9 to original index 9
2026-01-20 15:52:10.77 [DEBUG] [ODATA_READ_BIND] Mapping activated index 10 to original index 10
2026-01-20 15:52:10.77 [DEBUG] [ODATA_READ_BIND] Mapping activated index 11 to original index 11
2026-01-20 15:52:10.77 [DEBUG] [ODATA_READ_BIND] ActivateColumns: service_root_mode_ = false
2026-01-20 15:52:10.77 [DEBUG] [ODATA_READ_BIND] Creating new predicate pushdown helper
2026-01-20 15:52:10.77 [INFO] [ODATA_CLIENT] Resolved metadata URL: http://localhost:4444/odata/ADMIN/$metadata
2026-01-20 15:52:10.77 [DEBUG] [ODATA_CLIENT] GetCurrentEntitySetType called
2026-01-20 15:52:10.77 [DEBUG] [ODATA_CLIENT] Current URL path: /odata/ADMIN/app
2026-01-20 15:52:10.77 [DEBUG] [ODATA_CLIENT] Input parameters count: 0
2026-01-20 15:52:10.77 [DEBUG] [ODATA_CLIENT] Current entity name from fragment: empty
2026-01-20 15:52:10.77 [DEBUG] [ODATA_CLIENT] No entity name from @odata.context; deferring to metadata lookup
2026-01-20 15:52:10.77 [DEBUG] [ODATA_CLIENT] Final entity set name: 
2026-01-20 15:52:10.77 [DEBUG] [ODATA_CLIENT] Using stored metadata context URL: http://localhost:4444/odata/ADMIN/$metadata
2026-01-20 15:52:10.77 [DEBUG] [ODATA_CLIENT] Derived entity set candidate from URL: app
2026-01-20 15:52:10.77 [DEBUG] [ODATA_CLIENT] Resolved entity set from URL path: app
2026-01-20 15:52:10.78 [DEBUG] [ODATA_CLIENT] Using stored metadata context URL: http://localhost:4444/odata/ADMIN/$metadata
2026-01-20 15:52:10.78 [DEBUG] [ODATA_CLIENT] GetCurrentEntitySetType called
2026-01-20 15:52:10.78 [DEBUG] [ODATA_CLIENT] Current URL path: /odata/ADMIN/app
2026-01-20 15:52:10.78 [DEBUG] [ODATA_CLIENT] Input parameters count: 0
2026-01-20 15:52:10.78 [DEBUG] [ODATA_CLIENT] Current entity name from fragment: empty
2026-01-20 15:52:10.78 [DEBUG] [ODATA_CLIENT] No entity name from @odata.context; deferring to metadata lookup
2026-01-20 15:52:10.78 [DEBUG] [ODATA_CLIENT] Final entity set name: 
2026-01-20 15:52:10.78 [DEBUG] [ODATA_CLIENT] Using stored metadata context URL: http://localhost:4444/odata/ADMIN/$metadata
2026-01-20 15:52:10.78 [DEBUG] [ODATA_CLIENT] Derived entity set candidate from URL: app
2026-01-20 15:52:10.78 [DEBUG] [ODATA_CLIENT] Resolved entity set from URL path: app
2026-01-20 15:52:10.78 [DEBUG] [ODATA_CLIENT] Using stored metadata context URL: http://localhost:4444/odata/ADMIN/$metadata
2026-01-20 15:52:10.78 [DEBUG] [ODATA_CLIENT] Using stored metadata context URL: http://localhost:4444/odata/ADMIN/$metadata
2026-01-20 15:52:10.78 [DEBUG] [ODATA_CLIENT] GetCurrentEntitySetType called
2026-01-20 15:52:10.78 [DEBUG] [ODATA_CLIENT] Current URL path: /odata/ADMIN/app
2026-01-20 15:52:10.78 [DEBUG] [ODATA_CLIENT] Input parameters count: 0
2026-01-20 15:52:10.78 [DEBUG] [ODATA_CLIENT] Current entity name from fragment: empty
2026-01-20 15:52:10.78 [DEBUG] [ODATA_CLIENT] No entity name from @odata.context; deferring to metadata lookup
2026-01-20 15:52:10.78 [DEBUG] [ODATA_CLIENT] Final entity set name: 
2026-01-20 15:52:10.78 [DEBUG] [ODATA_CLIENT] Using stored metadata context URL: http://localhost:4444/odata/ADMIN/$metadata
2026-01-20 15:52:10.78 [DEBUG] [ODATA_CLIENT] Derived entity set candidate from URL: app
2026-01-20 15:52:10.78 [DEBUG] [ODATA_CLIENT] Resolved entity set from URL path: app
2026-01-20 15:52:10.78 [DEBUG] [ODATA_CLIENT] Using stored metadata context URL: http://localhost:4444/odata/ADMIN/$metadata
2026-01-20 15:52:10.78 [DEBUG] [ODATA_CLIENT] Using stored metadata context URL: http://localhost:4444/odata/ADMIN/$metadata
2026-01-20 15:52:10.79 [DEBUG] [ODATA_READ_BIND] Using OData client column names for predicate pushdown: 12 columns
2026-01-20 15:52:10.79 [DEBUG] [PREDICATE_PUSHDOWN] Created predicate pushdown helper with 12 columns
2026-01-20 15:52:10.79 [DEBUG] [PREDICATE_PUSHDOWN] Column 0: app_id
2026-01-20 15:52:10.79 [DEBUG] [PREDICATE_PUSHDOWN] Column 1: app
2026-01-20 15:52:10.79 [DEBUG] [PREDICATE_PUSHDOWN] Column 2: app_desc
2026-01-20 15:52:10.80 [DEBUG] [PREDICATE_PUSHDOWN] Column 3: version
2026-01-20 15:52:10.80 [DEBUG] [PREDICATE_PUSHDOWN] Column 4: email
2026-01-20 15:52:10.80 [DEBUG] [PREDICATE_PUSHDOWN] Column 5: db
2026-01-20 15:52:10.80 [DEBUG] [PREDICATE_PUSHDOWN] Column 6: attach_logo
2026-01-20 15:52:10.80 [DEBUG] [PREDICATE_PUSHDOWN] Column 7: config
2026-01-20 15:52:10.80 [DEBUG] [PREDICATE_PUSHDOWN] Column 8: user_id
2026-01-20 15:52:10.80 [DEBUG] [PREDICATE_PUSHDOWN] Column 9: created_at
2026-01-20 15:52:10.80 [DEBUG] [PREDICATE_PUSHDOWN] Column 10: updated_at
2026-01-20 15:52:10.80 [DEBUG] [PREDICATE_PUSHDOWN] Column 11: excluded
2026-01-20 15:52:10.80 [DEBUG] [PREDICATE_PUSHDOWN] Set OData version to: V4
2026-01-20 15:52:10.80 [DEBUG] [ODATA_READ_BIND] Set OData version V4 on predicate pushdown helper
2026-01-20 15:52:10.80 [DEBUG] [PREDICATE_PUSHDOWN] Column name resolver set
2026-01-20 15:52:10.80 [DEBUG] [PREDICATE_PUSHDOWN] Consuming column selection: 12 columns
2026-01-20 15:52:10.80 [DEBUG] [PREDICATE_PUSHDOWN] Building select clause for 12 columns
2026-01-20 15:52:10.80 [DEBUG] [PREDICATE_PUSHDOWN] Non-rowid columns: 12 out of 12
2026-01-20 15:52:10.80 [DEBUG] [PREDICATE_PUSHDOWN] All columns selected, skipping $select parameter
2026-01-20 15:52:10.80 [DEBUG] [PREDICATE_PUSHDOWN] Built select clause: 
2026-01-20 15:52:10.80 [DEBUG] [ODATA_READ_BIND] Select clause: 
2026-01-20 15:52:10.80 [DEBUG] [ODATA_READ_BIND] No filters to add
2026-01-20 15:52:10.80 [DEBUG] [ODATA_READ_BIND] Updating URL from predicate pushdown
2026-01-20 15:52:10.80 [DEBUG] [ODATA_READ_BIND] Original URL: http://localhost:4444/odata/ADMIN/app?$format=json
2026-01-20 15:52:10.80 [DEBUG] [PREDICATE_PUSHDOWN] Applying filters to URL: http://localhost:4444/odata/ADMIN/app?$format=json
2026-01-20 15:52:10.80 [DEBUG] [PREDICATE_PUSHDOWN] Select clause: ''
2026-01-20 15:52:10.80 [DEBUG] [PREDICATE_PUSHDOWN] Filter clause: ''
2026-01-20 15:52:10.80 [DEBUG] [PREDICATE_PUSHDOWN] Top clause: ''
2026-01-20 15:52:10.80 [DEBUG] [PREDICATE_PUSHDOWN] Skip clause: ''
2026-01-20 15:52:10.80 [DEBUG] [PREDICATE_PUSHDOWN] Expand clause: ''
2026-01-20 15:52:10.80 [DEBUG] [PREDICATE_PUSHDOWN] Final query: '?$format=json'
2026-01-20 15:52:10.80 [INFO] [PREDICATE_PUSHDOWN] Updated URL: http://localhost:4444/odata/ADMIN/app?$format=json
2026-01-20 15:52:10.80 [DEBUG] [ODATA_READ_BIND] Updated URL: http://localhost:4444/odata/ADMIN/app?$format=json
2026-01-20 15:52:10.80 [DEBUG] [ODATA_READ_BIND] PrefetchFirstPage: service_root_mode_ = false
2026-01-20 15:52:10.80 [DEBUG] [ODATA_READ_BIND] PrefetchFirstPage: starting first page fetch
2026-01-20 15:52:10.80 [INFO] [ODATA_CLIENT] Fetching OData request from: http://localhost:4444/odata/ADMIN/app?$format=json (get_next: 0)
2026-01-20 15:52:10.80 [INFO] [ODATA_CLIENT] Resolved metadata URL: http://localhost:4444/odata/ADMIN/$metadata
2026-01-20 15:52:10.80 [DEBUG] [ODATA_CLIENT] Using cached metadata, detected version: V4
2026-01-20 15:52:10.80 [DEBUG] [ODATA_CLIENT] Executing HTTP GET request
2026-01-20 15:52:10.80 [DEBUG] [ODATA_CLIENT] DoHttpGet: calling AddInputParametersToUrl
2026-01-20 15:52:10.80 [INFO] [ODATA_CLIENT] AddInputParametersToUrl called with 0 parameters on client at 94111033547088
2026-01-20 15:52:10.80 [INFO] [ODATA_CLIENT] No input parameters to add
2026-01-20 15:52:10.80 [DEBUG] [ODATA_CLIENT] DoHttpGet: URL after input parameters: http://localhost:4444/odata/ADMIN/app?$format=json
2026-01-20 15:52:10.80 [INFO] [HTTP_REQUEST_REPRO] Reproduce with: SELECT * FROM http_get('http://localhost:4444/odata/ADMIN/app?$format=json', headers := MAP{'Accept': 'application/json;odata.metadata=minimal', 'Authorization': 'Bearer eyJhbGciOiJIUzI1NiJ9.eyJpc3MiOiJodHRwOi8vbG9jYWxob3N0OjQ0NDQiLCJzdWIiOiJ7XCJhY3RpdmVcIjp0cnVlLFwiZXhjbHVkZWRcIjpmYWxzZSxcImZpcnN0X25hbWVcIjpcIlN1cGVyXCIsXCJsYW5nX2lkXCI6MSxcImxhc3RfbmFtZVwiOlwiQWRtaW5cIixcInJvbGVfaWRcIjoxLFwidXNlcl9pZFwiOjEsXCJ1c2VybmFtZVwiOlwicm9vdFwifSIsImF1ZCI6WyJodHRwOi8vbG9jYWxob3N0OjQ0NDQiXSwiZXhwIjoxNzc0MDg0NzU1LjgzMzE4OTcsIm5iZiI6MTc2ODkwMDc1NS44MzMxOTA3LCJpYXQiOjE3Njg5MDA3NTUuODMzMTkwMn0.nKV-u4pSDHrsDNaaPkCnfXSs8jOtofXSggQ-MS5CtQA', 'OData-MaxVersion': '4.0', 'OData-Version': '4.0'}, url_encode := false);
2026-01-20 15:52:10.80 [INFO] [HTTP_REQUEST] Executing GET request to: /odata/ADMIN/app?$format=json
2026-01-20 15:52:10.80 [DEBUG] [HTTP_REQUEST] Request headers:
2026-01-20 15:52:10.80 [DEBUG] [HTTP_REQUEST]   Accept: application/json;odata.metadata=minimal
2026-01-20 15:52:10.80 [DEBUG] [HTTP_REQUEST]   Authorization: Bearer eyJhbGciOiJIUzI1NiJ9.eyJpc3MiOiJodHRwOi8vbG9jYWxob3N0OjQ0NDQiLCJzdWIiOiJ7XCJhY3RpdmVcIjp0cnVlLFwiZXhjbHVkZWRcIjpmYWxzZSxcImZpcnN0X25hbWVcIjpcIlN1cGVyXCIsXCJsYW5nX2lkXCI6MSxcImxhc3RfbmFtZVwiOlwiQWRtaW5cIixcInJvbGVfaWRcIjoxLFwidXNlcl9pZFwiOjEsXCJ1c2VybmFtZVwiOlwicm9vdFwifSIsImF1ZCI6WyJodHRwOi8vbG9jYWxob3N0OjQ0NDQiXSwiZXhwIjoxNzc0MDg0NzU1LjgzMzE4OTcsIm5iZiI6MTc2ODkwMDc1NS44MzMxOTA3LCJpYXQiOjE3Njg5MDA3NTUuODMzMTkwMn0.nKV-u4pSDHrsDNaaPkCnfXSs8jOtofXSggQ-MS5CtQA
2026-01-20 15:52:10.80 [DEBUG] [HTTP_REQUEST]   OData-MaxVersion: 4.0
2026-01-20 15:52:10.80 [DEBUG] [HTTP_REQUEST]   OData-Version: 4.0
2026-01-20 15:52:10.91 [INFO] [HTTP_RESPONSE] Response status: 200
2026-01-20 15:52:10.91 [DEBUG] [HTTP_RESPONSE] Response headers:
2026-01-20 15:52:10.91 [DEBUG] [HTTP_RESPONSE]   Access-Control-Allow-Headers: Content-Type, Authorization, enctype
2026-01-20 15:52:10.91 [DEBUG] [HTTP_RESPONSE]   Access-Control-Allow-Methods: GET, POST, PUT, DELETE, OPTIONS
2026-01-20 15:52:10.91 [DEBUG] [HTTP_RESPONSE]   Access-Control-Allow-Origin: *
2026-01-20 15:52:10.91 [DEBUG] [HTTP_RESPONSE]   Content-Length: 868
2026-01-20 15:52:10.91 [DEBUG] [HTTP_RESPONSE]   Content-Type: application/json
2026-01-20 15:52:10.91 [DEBUG] [HTTP_RESPONSE]   Date: Tue, 20 Jan 2026 16:52:10 GMT
2026-01-20 15:52:10.91 [DEBUG] [HTTP_RESPONSE]   Vary: Authorization
2026-01-20 15:52:10.91 [DEBUG] [HTTP_RESPONSE] Response body (868 bytes)
2026-01-20 15:52:10.91 [DEBUG] [HTTP_RESPONSE] Response body: {"@odata.context":"http://localhost:4444/odata/ADMIN/app","@odata.count":3,"value":[{"app":"ADMIN","app_desc":"Admin","app_id":1,"attach_logo":null,"config":"{}","created_at":"2025-11-05T18:55:00.130747Z","db":"ADMIN","email":null,"excluded":false,"updated_at":"2025-11-05T18:55:00.130747Z","user_id":1,"username":"root","version":"1.0.0"},{"app":"ETLX","app_desc":"ETLX UI in CS","app_id":2,"attach_logo":null,"config":null,"created_at":"2025-11-05T19:01:54.055156Z","db":"ETLX","email":null,"excluded":false,"updated_at":"2025-11-05T19:01:54.055156Z","user_id":1,"username":"root","version":"1.0.0"},{"app":"SAAS","app_desc":"CS SASS Backend","app_id":3,"attach_logo":null,"config":null,"created_at":"2026-01-10T18:53:52.783348Z","db":"SAAS","email":null,"excluded":false,"updated_at":"2026-01-10T18:53:52.783348Z","user_id":1,"username":"root","version":"1.0.0"}]}

2026-01-20 15:52:10.91 [DEBUG] [ODATA_CLIENT] Creating OData response object
2026-01-20 15:52:10.91 [DEBUG] [ODATA_RESPONSE] Created OData entity set response
2026-01-20 15:52:10.91 [DEBUG] [ODATA_RESPONSE] Response content type: application/json
2026-01-20 15:52:10.91 [DEBUG] [ODATA_RESPONSE] OData version: V4
2026-01-20 15:52:10.91 [DEBUG] [ODATA_CLIENT] Successfully created OData response
2026-01-20 15:52:10.91 [DEBUG] [ODATA_RESPONSE] Parsing HTTP response content
2026-01-20 15:52:10.91 [DEBUG] [ODATA_RESPONSE] Content type: application/json
2026-01-20 15:52:10.91 [DEBUG] [CHARSET_CONVERTER] No charset specified, defaulting to UTF-8 converter
2026-01-20 15:52:10.91 [DEBUG] [CHARSET_CONVERTER] Creating charset converter for content type: application/json
2026-01-20 15:52:10.91 [DEBUG] [CHARSET_CONVERTER] Charset converter initialized with charset: utf-8
2026-01-20 15:52:10.91 [DEBUG] [CHARSET_CONVERTER] Converting 868 bytes using charset: utf-8
2026-01-20 15:52:10.91 [DEBUG] [CHARSET_CONVERTER] Converting from bytes using charset: utf-8
2026-01-20 15:52:10.91 [DEBUG] [CHARSET_CONVERTER] Using default UTF-8 conversion
2026-01-20 15:52:10.91 [DEBUG] [CHARSET_CONVERTER] Using UTF-8 converter for output
2026-01-20 15:52:10.91 [DEBUG] [ODATA_RESPONSE] Content size: 868 bytes
2026-01-20 15:52:10.91 [DEBUG] [CHARSET_CONVERTER] No charset specified, defaulting to UTF-8 converter
2026-01-20 15:52:10.91 [DEBUG] [CHARSET_CONVERTER] Creating charset converter for content type: application/json
2026-01-20 15:52:10.91 [DEBUG] [CHARSET_CONVERTER] Charset converter initialized with charset: utf-8
2026-01-20 15:52:10.91 [DEBUG] [CHARSET_CONVERTER] Converting 868 bytes using charset: utf-8
2026-01-20 15:52:10.91 [DEBUG] [CHARSET_CONVERTER] Converting from bytes using charset: utf-8
2026-01-20 15:52:10.91 [DEBUG] [CHARSET_CONVERTER] Using default UTF-8 conversion
2026-01-20 15:52:10.91 [DEBUG] [CHARSET_CONVERTER] Using UTF-8 converter for output
2026-01-20 15:52:10.91 [DEBUG] [ODATA_CONTENT] Creating OData content from response
2026-01-20 15:52:10.91 [DEBUG] [ODATA_CONTENT] Content type: application/json
2026-01-20 15:52:10.91 [DEBUG] [ODATA_CONTENT] Content size: 868 bytes
2026-01-20 15:52:10.91 [DEBUG] [DETECT_VERSION] Starting OData version detection
2026-01-20 15:52:10.91 [DEBUG] [DETECT_VERSION] Found 'value' array, detecting as V4
2026-01-20 15:52:10.91 [DEBUG] [ODATA_CONTENT] Detected OData version from response: V4
2026-01-20 15:52:10.91 [DEBUG] [ODATA_CONTENT] Metadata suggested version: V4
2026-01-20 15:52:10.91 [DEBUG] [DETECT_VERSION] Starting OData version detection
2026-01-20 15:52:10.91 [DEBUG] [DETECT_VERSION] Found 'value' array, detecting as V4
2026-01-20 15:52:10.91 [DEBUG] [ODATA_RESPONSE] Successfully parsed content
2026-01-20 15:52:10.91 [DEBUG] [ODATA_CLIENT] Raw metadata context URL: http://localhost:4444/odata/ADMIN/app
2026-01-20 15:52:10.91 [INFO] [ODATA_CLIENT] Updated metadata context URL from response: http://localhost:4444/odata/ADMIN/app
2026-01-20 15:52:10.91 [DEBUG] [ODATA_RESPONSE] Returning cached parsed content
2026-01-20 15:52:10.91 [INFO] [ODATA_READ_BIND] Service reported total row count: 3
2026-01-20 15:52:10.91 [INFO] [ODATA_READ_BIND] GetResultNames called - service_root_mode: false
2026-01-20 15:52:10.91 [INFO] [ODATA_READ_BIND] Calling odata_client->GetResultNames() for metadata
2026-01-20 15:52:10.91 [DEBUG] [ODATA_CLIENT] Using stored metadata context URL: http://localhost:4444/odata/ADMIN/app
2026-01-20 15:52:10.92 [DEBUG] [ODATA_CLIENT] OData Metadata HTTP Request:
  URL: http://localhost:4444/odata/ADMIN/app
  Method: GET
  Headers:
    Connection: close
    Authorization: Bearer eyJhbGciOiJIUzI1NiJ9.eyJpc3MiOiJodHRwOi8vbG9jYWxob3N0OjQ0NDQiLCJzdWIiOiJ7XCJhY3RpdmVcIjp0cnVlLFwiZXhjbHVkZWRcIjpmYWxzZSxcImZpcnN0X25hbWVcIjpcIlN1cGVyXCIsXCJsYW5nX2lkXCI6MSxcImxhc3RfbmFtZVwiOlwiQWRtaW5cIixcInJvbGVfaWRcIjoxLFwidXNlcl9pZFwiOjEsXCJ1c2VybmFtZVwiOlwicm9vdFwifSIsImF1ZCI6WyJodHRwOi8vbG9jYWxob3N0OjQ0NDQiXSwiZXhwIjoxNzc0MDg0NzU1LjgzMzE4OTcsIm5iZiI6MTc2ODkwMDc1NS44MzMxOTA3LCJpYXQiOjE3Njg5MDA3NTUuODMzMTkwMn0.nKV-u4pSDHrsDNaaPkCnfXSs8jOtofXSggQ-MS5CtQA
    Accept: application/xml
2026-01-20 15:52:10.92 [DEBUG] [ODATA_CLIENT] Metadata request attempt 1 of 3
2026-01-20 15:52:10.92 [INFO] [HTTP_REQUEST_REPRO] Reproduce with: SELECT * FROM http_get('http://localhost:4444/odata/ADMIN/app', headers := MAP{'Accept': 'application/xml', 'Authorization': 'Bearer eyJhbGciOiJIUzI1NiJ9.eyJpc3MiOiJodHRwOi8vbG9jYWxob3N0OjQ0NDQiLCJzdWIiOiJ7XCJhY3RpdmVcIjp0cnVlLFwiZXhjbHVkZWRcIjpmYWxzZSxcImZpcnN0X25hbWVcIjpcIlN1cGVyXCIsXCJsYW5nX2lkXCI6MSxcImxhc3RfbmFtZVwiOlwiQWRtaW5cIixcInJvbGVfaWRcIjoxLFwidXNlcl9pZFwiOjEsXCJ1c2VybmFtZVwiOlwicm9vdFwifSIsImF1ZCI6WyJodHRwOi8vbG9jYWxob3N0OjQ0NDQiXSwiZXhwIjoxNzc0MDg0NzU1LjgzMzE4OTcsIm5iZiI6MTc2ODkwMDc1NS44MzMxOTA3LCJpYXQiOjE3Njg5MDA3NTUuODMzMTkwMn0.nKV-u4pSDHrsDNaaPkCnfXSs8jOtofXSggQ-MS5CtQA', 'Connection': 'close'}, url_encode := false);
2026-01-20 15:52:10.92 [INFO] [HTTP_REQUEST] Executing GET request to: /odata/ADMIN/app
2026-01-20 15:52:10.92 [DEBUG] [HTTP_REQUEST] Request headers:
2026-01-20 15:52:10.92 [DEBUG] [HTTP_REQUEST]   Accept: application/xml
2026-01-20 15:52:10.92 [DEBUG] [HTTP_REQUEST]   Authorization: Bearer eyJhbGciOiJIUzI1NiJ9.eyJpc3MiOiJodHRwOi8vbG9jYWxob3N0OjQ0NDQiLCJzdWIiOiJ7XCJhY3RpdmVcIjp0cnVlLFwiZXhjbHVkZWRcIjpmYWxzZSxcImZpcnN0X25hbWVcIjpcIlN1cGVyXCIsXCJsYW5nX2lkXCI6MSxcImxhc3RfbmFtZVwiOlwiQWRtaW5cIixcInJvbGVfaWRcIjoxLFwidXNlcl9pZFwiOjEsXCJ1c2VybmFtZVwiOlwicm9vdFwifSIsImF1ZCI6WyJodHRwOi8vbG9jYWxob3N0OjQ0NDQiXSwiZXhwIjoxNzc0MDg0NzU1LjgzMzE4OTcsIm5iZiI6MTc2ODkwMDc1NS44MzMxOTA3LCJpYXQiOjE3Njg5MDA3NTUuODMzMTkwMn0.nKV-u4pSDHrsDNaaPkCnfXSs8jOtofXSggQ-MS5CtQA
2026-01-20 15:52:10.92 [DEBUG] [HTTP_REQUEST]   Connection: close
2026-01-20 15:52:10.107 [INFO] [HTTP_RESPONSE] Response status: 200
2026-01-20 15:52:10.107 [DEBUG] [HTTP_RESPONSE] Response headers:
2026-01-20 15:52:10.107 [DEBUG] [HTTP_RESPONSE]   Access-Control-Allow-Headers: Content-Type, Authorization, enctype
2026-01-20 15:52:10.107 [DEBUG] [HTTP_RESPONSE]   Access-Control-Allow-Methods: GET, POST, PUT, DELETE, OPTIONS
2026-01-20 15:52:10.107 [DEBUG] [HTTP_RESPONSE]   Access-Control-Allow-Origin: *
2026-01-20 15:52:10.107 [DEBUG] [HTTP_RESPONSE]   Connection: close
2026-01-20 15:52:10.107 [DEBUG] [HTTP_RESPONSE]   Content-Length: 868
2026-01-20 15:52:10.107 [DEBUG] [HTTP_RESPONSE]   Content-Type: application/json
2026-01-20 15:52:10.107 [DEBUG] [HTTP_RESPONSE]   Date: Tue, 20 Jan 2026 16:52:10 GMT
2026-01-20 15:52:10.107 [DEBUG] [HTTP_RESPONSE]   Vary: Authorization
2026-01-20 15:52:10.107 [DEBUG] [HTTP_RESPONSE] Response body (868 bytes)
2026-01-20 15:52:10.107 [DEBUG] [HTTP_RESPONSE] Response body: {"@odata.context":"http://localhost:4444/odata/ADMIN/app","@odata.count":3,"value":[{"app":"ADMIN","app_desc":"Admin","app_id":1,"attach_logo":null,"config":"{}","created_at":"2025-11-05T18:55:00.130747Z","db":"ADMIN","email":null,"excluded":false,"updated_at":"2025-11-05T18:55:00.130747Z","user_id":1,"username":"root","version":"1.0.0"},{"app":"ETLX","app_desc":"ETLX UI in CS","app_id":2,"attach_logo":null,"config":null,"created_at":"2025-11-05T19:01:54.055156Z","db":"ETLX","email":null,"excluded":false,"updated_at":"2025-11-05T19:01:54.055156Z","user_id":1,"username":"root","version":"1.0.0"},{"app":"SAAS","app_desc":"CS SASS Backend","app_id":3,"attach_logo":null,"config":null,"created_at":"2026-01-10T18:53:52.783348Z","db":"SAAS","email":null,"excluded":false,"updated_at":"2026-01-10T18:53:52.783348Z","user_id":1,"username":"root","version":"1.0.0"}]}

2026-01-20 15:52:10.107 [DEBUG] [CHARSET_CONVERTER] No charset specified, defaulting to UTF-8 converter
2026-01-20 15:52:10.107 [DEBUG] [CHARSET_CONVERTER] Creating charset converter for content type: application/json
2026-01-20 15:52:10.107 [DEBUG] [CHARSET_CONVERTER] Charset converter initialized with charset: utf-8
2026-01-20 15:52:10.107 [DEBUG] [CHARSET_CONVERTER] Converting 868 bytes using charset: utf-8
2026-01-20 15:52:10.107 [DEBUG] [CHARSET_CONVERTER] Converting from bytes using charset: utf-8
2026-01-20 15:52:10.107 [DEBUG] [CHARSET_CONVERTER] Using default UTF-8 conversion
2026-01-20 15:52:10.107 [DEBUG] [CHARSET_CONVERTER] Using UTF-8 converter for output
2026-01-20 15:52:10.107 [DEBUG] [CHARSET_CONVERTER] No charset specified, defaulting to UTF-8 converter
2026-01-20 15:52:10.107 [DEBUG] [CHARSET_CONVERTER] Creating charset converter for content type: application/json
2026-01-20 15:52:10.107 [DEBUG] [CHARSET_CONVERTER] Charset converter initialized with charset: utf-8
2026-01-20 15:52:10.107 [DEBUG] [CHARSET_CONVERTER] Converting 868 bytes using charset: utf-8
2026-01-20 15:52:10.107 [DEBUG] [CHARSET_CONVERTER] Converting from bytes using charset: utf-8
2026-01-20 15:52:10.107 [DEBUG] [CHARSET_CONVERTER] Using default UTF-8 conversion
2026-01-20 15:52:10.107 [DEBUG] [CHARSET_CONVERTER] Using UTF-8 converter for output
2026-01-20 15:52:10.107 [DEBUG] [CHARSET_CONVERTER] No charset specified, defaulting to UTF-8 converter
2026-01-20 15:52:10.107 [DEBUG] [CHARSET_CONVERTER] Creating charset converter for content type: application/json
2026-01-20 15:52:10.107 [DEBUG] [CHARSET_CONVERTER] Charset converter initialized with charset: utf-8
2026-01-20 15:52:10.107 [DEBUG] [CHARSET_CONVERTER] Converting 868 bytes using charset: utf-8
2026-01-20 15:52:10.107 [DEBUG] [CHARSET_CONVERTER] Converting from bytes using charset: utf-8
2026-01-20 15:52:10.107 [DEBUG] [CHARSET_CONVERTER] Using default UTF-8 conversion
2026-01-20 15:52:10.107 [DEBUG] [CHARSET_CONVERTER] Using UTF-8 converter for output
2026-01-20 15:52:10.107 [DEBUG] [ODATA_CLIENT] OData Metadata HTTP Success Response:
  Status Code: 200
  Content Type: application/json
  Response Headers:
    Vary: Authorization
    Content-Length: 868
    Content-Type: application/json
    Connection: close
    Date: Tue, 20 Jan 2026 16:52:10 GMT
    Access-Control-Allow-Origin: *
    Access-Control-Allow-Methods: GET, POST, PUT, DELETE, OPTIONS
    Access-Control-Allow-Headers: Content-Type, Authorization, enctype
  Response Body Size: 868 bytes
  Response Body Preview (first 4000 chars): {"@odata.context":"http://localhost:4444/odata/ADMIN/app","@odata.count":3,"value":[{"app":"ADMIN","app_desc":"Admin","app_id":1,"attach_logo":null,"config":"{}","created_at":"2025-11-05T18:55:00.130747Z","db":"ADMIN","email":null,"excluded":false,"updated_at":"2025-11-05T18:55:00.130747Z","user_id":1,"username":"root","version":"1.0.0"},{"app":"ETLX","app_desc":"ETLX UI in CS","app_id":2,"attach_logo":null,"config":null,"created_at":"2025-11-05T19:01:54.055156Z","db":"ETLX","email":null,"excluded":false,"updated_at":"2025-11-05T19:01:54.055156Z","user_id":1,"username":"root","version":"1.0.0"},{"app":"SAAS","app_desc":"CS SASS Backend","app_id":3,"attach_logo":null,"config":null,"created_at":"2026-01-10T18:53:52.783348Z","db":"SAAS","email":null,"excluded":false,"updated_at":"2026-01-10T18:53:52.783348Z","user_id":1,"username":"root","version":"1.0.0"}]}

2026-01-20 15:52:10.107 [DEBUG] [CHARSET_CONVERTER] No charset specified, defaulting to UTF-8 converter
2026-01-20 15:52:10.107 [DEBUG] [CHARSET_CONVERTER] Creating charset converter for content type: application/json
2026-01-20 15:52:10.107 [DEBUG] [CHARSET_CONVERTER] Charset converter initialized with charset: utf-8
2026-01-20 15:52:10.107 [DEBUG] [CHARSET_CONVERTER] Converting 868 bytes using charset: utf-8
2026-01-20 15:52:10.107 [DEBUG] [CHARSET_CONVERTER] Converting from bytes using charset: utf-8
2026-01-20 15:52:10.107 [DEBUG] [CHARSET_CONVERTER] Using default UTF-8 conversion
2026-01-20 15:52:10.107 [DEBUG] [CHARSET_CONVERTER] Using UTF-8 converter for output
2026-01-20 15:56:52.975 [DEBUG] [SECRET_BEARER] Creating HTTP Bearer token secret
2026-01-20 15:56:52.975 [DEBUG] [SECRET_BEARER] Using custom scope with 1 entries
2026-01-20 15:56:52.975 [DEBUG] [SECRET_BEARER] Set token parameter
2026-01-20 15:56:52.975 [INFO] [SECRET_BEARER] Successfully created HTTP Bearer token secret
2026-01-20 15:56:57.97 [DEBUG] [SECRET_BEARER] Creating HTTP Bearer token secret
2026-01-20 15:56:57.97 [DEBUG] [SECRET_BEARER] Using custom scope with 1 entries
2026-01-20 15:56:57.97 [DEBUG] [SECRET_BEARER] Set token parameter
2026-01-20 15:56:57.97 [INFO] [SECRET_BEARER] Successfully created HTTP Bearer token secret
2026-01-20 16:42:28.22 [INFO] [TRACER] Tracing enabled, writing to: ./erpl_web_trace.log
2026-01-20 16:42:28.23 [INFO] [TRACER] Trace level set to: DEBUG
2026-01-20 16:42:30.56 [DEBUG] [SECRET_BEARER] Creating HTTP Bearer token secret
2026-01-20 16:42:30.56 [DEBUG] [SECRET_BEARER] Using custom scope with 1 entries
2026-01-20 16:42:30.56 [DEBUG] [SECRET_BEARER] Set token parameter
2026-01-20 16:42:30.56 [INFO] [SECRET_BEARER] Successfully created HTTP Bearer token secret
2026-01-20 16:42:37.611 [DEBUG] [HTTP_AUTH] Found http_bearer secret for URL: http://localhost:4444/odata/ADMIN/app
2026-01-20 16:42:37.611 [INFO] [ODATA_BIND] Binding OData read function for URL: http://localhost:4444/odata/ADMIN/app
2026-01-20 16:42:37.611 [DEBUG] [ODATA_FACTORY] Probing URL: http://localhost:4444/odata/ADMIN/app
2026-01-20 16:42:37.611 [INFO] [HTTP_REQUEST_REPRO] Reproduce with: SELECT * FROM http_get('http://localhost:4444/odata/ADMIN/app?$format=json', headers := MAP{'Authorization': 'Bearer eyJhbGciOiJIUzI1NiJ9.eyJpc3MiOiJodHRwOi8vbG9jYWxob3N0OjQ0NDQiLCJzdWIiOiJ7XCJhY3RpdmVcIjp0cnVlLFwiZXhjbHVkZWRcIjpmYWxzZSxcImZpcnN0X25hbWVcIjpcIlN1cGVyXCIsXCJsYW5nX2lkXCI6MSxcImxhc3RfbmFtZVwiOlwiQWRtaW5cIixcInJvbGVfaWRcIjoxLFwidXNlcl9pZFwiOjEsXCJ1c2VybmFtZVwiOlwicm9vdFwifSIsImF1ZCI6WyJodHRwOi8vbG9jYWxob3N0OjQ0NDQiXSwiZXhwIjoxNzc0MDg0NzU1LjgzMzE4OTcsIm5iZiI6MTc2ODkwMDc1NS44MzMxOTA3LCJpYXQiOjE3Njg5MDA3NTUuODMzMTkwMn0.nKV-u4pSDHrsDNaaPkCnfXSs8jOtofXSggQ-MS5CtQA'}, url_encode := false);
2026-01-20 16:42:37.611 [INFO] [HTTP_REQUEST] Executing GET request to: /odata/ADMIN/app?$format=json
2026-01-20 16:42:37.611 [DEBUG] [HTTP_REQUEST] Request headers:
2026-01-20 16:42:37.611 [DEBUG] [HTTP_REQUEST]   Authorization: Bearer eyJhbGciOiJIUzI1NiJ9.eyJpc3MiOiJodHRwOi8vbG9jYWxob3N0OjQ0NDQiLCJzdWIiOiJ7XCJhY3RpdmVcIjp0cnVlLFwiZXhjbHVkZWRcIjpmYWxzZSxcImZpcnN0X25hbWVcIjpcIlN1cGVyXCIsXCJsYW5nX2lkXCI6MSxcImxhc3RfbmFtZVwiOlwiQWRtaW5cIixcInJvbGVfaWRcIjoxLFwidXNlcl9pZFwiOjEsXCJ1c2VybmFtZVwiOlwicm9vdFwifSIsImF1ZCI6WyJodHRwOi8vbG9jYWxob3N0OjQ0NDQiXSwiZXhwIjoxNzc0MDg0NzU1LjgzMzE4OTcsIm5iZiI6MTc2ODkwMDc1NS44MzMxOTA3LCJpYXQiOjE3Njg5MDA3NTUuODMzMTkwMn0.nKV-u4pSDHrsDNaaPkCnfXSs8jOtofXSggQ-MS5CtQA
2026-01-20 16:42:37.625 [INFO] [HTTP_RESPONSE] Response status: 200
2026-01-20 16:42:37.625 [DEBUG] [HTTP_RESPONSE] Response headers:
2026-01-20 16:42:37.625 [DEBUG] [HTTP_RESPONSE]   Access-Control-Allow-Headers: Content-Type, Authorization, enctype
2026-01-20 16:42:37.625 [DEBUG] [HTTP_RESPONSE]   Access-Control-Allow-Methods: GET, POST, PUT, DELETE, OPTIONS
2026-01-20 16:42:37.625 [DEBUG] [HTTP_RESPONSE]   Access-Control-Allow-Origin: *
2026-01-20 16:42:37.625 [DEBUG] [HTTP_RESPONSE]   Content-Length: 868
2026-01-20 16:42:37.625 [DEBUG] [HTTP_RESPONSE]   Content-Type: application/json; charset=utf-8
2026-01-20 16:42:37.625 [DEBUG] [HTTP_RESPONSE]   Date: Tue, 20 Jan 2026 17:42:37 GMT
2026-01-20 16:42:37.625 [DEBUG] [HTTP_RESPONSE]   Odata-Version: 4.0
2026-01-20 16:42:37.625 [DEBUG] [HTTP_RESPONSE]   Vary: Authorization
2026-01-20 16:42:37.625 [DEBUG] [HTTP_RESPONSE] Response body (868 bytes)
2026-01-20 16:42:37.625 [DEBUG] [HTTP_RESPONSE] Response body: {"@odata.context":"http://localhost:4444/odata/ADMIN/app","@odata.count":3,"value":[{"app":"ADMIN","app_desc":"Admin","app_id":1,"attach_logo":null,"config":"{}","created_at":"2025-11-05T18:55:00.130747Z","db":"ADMIN","email":null,"excluded":false,"updated_at":"2025-11-05T18:55:00.130747Z","user_id":1,"username":"root","version":"1.0.0"},{"app":"ETLX","app_desc":"ETLX UI in CS","app_id":2,"attach_logo":null,"config":null,"created_at":"2025-11-05T19:01:54.055156Z","db":"ETLX","email":null,"excluded":false,"updated_at":"2025-11-05T19:01:54.055156Z","user_id":1,"username":"root","version":"1.0.0"},{"app":"SAAS","app_desc":"CS SASS Backend","app_id":3,"attach_logo":null,"config":null,"created_at":"2026-01-10T18:53:52.783348Z","db":"SAAS","email":null,"excluded":false,"updated_at":"2026-01-10T18:53:52.783348Z","user_id":1,"username":"root","version":"1.0.0"}]}

2026-01-20 16:42:37.625 [DEBUG] [CHARSET_CONVERTER] Detected UTF-8 charset, using UTF-8 converter
2026-01-20 16:42:37.625 [DEBUG] [CHARSET_CONVERTER] Creating charset converter for content type: application/json; charset=utf-8
2026-01-20 16:42:37.625 [DEBUG] [CHARSET_CONVERTER] Charset converter initialized with charset: utf-8
2026-01-20 16:42:37.625 [DEBUG] [CHARSET_CONVERTER] Converting 868 bytes using charset: utf-8
2026-01-20 16:42:37.626 [DEBUG] [CHARSET_CONVERTER] Converting from bytes using charset: utf-8
2026-01-20 16:42:37.626 [DEBUG] [CHARSET_CONVERTER] Using default UTF-8 conversion
2026-01-20 16:42:37.626 [DEBUG] [CHARSET_CONVERTER] Using UTF-8 converter for output
2026-01-20 16:42:37.626 [DEBUG] [DETECT_VERSION] Starting OData version detection
2026-01-20 16:42:37.626 [DEBUG] [DETECT_VERSION] Found 'value' array, detecting as V4
2026-01-20 16:42:37.626 [INFO] [ODATA_FACTORY] Probe result - Version: 2, IsServiceRoot: false
2026-01-20 16:42:37.626 [INFO] [ODATA_FACTORY] Content preview: {"@odata.context":"http://localhost:4444/odata/ADMIN/app","@odata.count":3,"value":[{"app":"ADMIN","app_desc":"Admin","app_id":1,"attach_logo":null,"config":"{}","created_at":"2025-11-05T18:55:00.1307...
2026-01-20 16:42:37.626 [INFO] [ODATA_READ_BIND] Creating bind data from probe result - is_service_root: false
2026-01-20 16:42:37.626 [INFO] [ODATA_READ_BIND] Taking entity set path
2026-01-20 16:42:37.626 [DEBUG] [ODATA_FACTORY] Creating ODataEntitySetClient
2026-01-20 16:42:37.626 [DEBUG] [ODATA_READ_BIND] Creating bind data from entity set client
2026-01-20 16:42:37.626 [DEBUG] [ODATA_READ_BIND] Parsing OData v4 response format
2026-01-20 16:42:37.626 [DEBUG] [ODATA_READ_BIND] Found 'value' array in OData v4 response
2026-01-20 16:42:37.626 [DEBUG] [ODATA_READ_BIND] Found first row object in OData v4 response
2026-01-20 16:42:37.626 [WARN] [ODATA_READ_BIND] Could not find 'd' object in OData v2 response
2026-01-20 16:42:37.626 [DEBUG] [ODATA_READ_BIND] Stored 0 extracted column names
2026-01-20 16:42:37.626 [INFO] [ODATA_READ_BIND] GetResultNames called - service_root_mode: false
2026-01-20 16:42:37.626 [INFO] [ODATA_READ_BIND] Calling odata_client->GetResultNames() for metadata
2026-01-20 16:42:37.626 [INFO] [ODATA_CLIENT] Resolved metadata URL: http://localhost:4444/odata/ADMIN/$metadata
2026-01-20 16:42:37.626 [DEBUG] [ODATA_CLIENT] OData Metadata HTTP Request:
  URL: http://localhost:4444/odata/ADMIN/$metadata
  Method: GET
  Headers:
    Connection: close
    Authorization: Bearer eyJhbGciOiJIUzI1NiJ9.eyJpc3MiOiJodHRwOi8vbG9jYWxob3N0OjQ0NDQiLCJzdWIiOiJ7XCJhY3RpdmVcIjp0cnVlLFwiZXhjbHVkZWRcIjpmYWxzZSxcImZpcnN0X25hbWVcIjpcIlN1cGVyXCIsXCJsYW5nX2lkXCI6MSxcImxhc3RfbmFtZVwiOlwiQWRtaW5cIixcInJvbGVfaWRcIjoxLFwidXNlcl9pZFwiOjEsXCJ1c2VybmFtZVwiOlwicm9vdFwifSIsImF1ZCI6WyJodHRwOi8vbG9jYWxob3N0OjQ0NDQiXSwiZXhwIjoxNzc0MDg0NzU1LjgzMzE4OTcsIm5iZiI6MTc2ODkwMDc1NS44MzMxOTA3LCJpYXQiOjE3Njg5MDA3NTUuODMzMTkwMn0.nKV-u4pSDHrsDNaaPkCnfXSs8jOtofXSggQ-MS5CtQA
    Accept: application/xml
2026-01-20 16:42:37.626 [DEBUG] [ODATA_CLIENT] Metadata request attempt 1 of 3
2026-01-20 16:42:37.626 [INFO] [HTTP_REQUEST_REPRO] Reproduce with: SELECT * FROM http_get('http://localhost:4444/odata/ADMIN/$metadata', headers := MAP{'Accept': 'application/xml', 'Authorization': 'Bearer eyJhbGciOiJIUzI1NiJ9.eyJpc3MiOiJodHRwOi8vbG9jYWxob3N0OjQ0NDQiLCJzdWIiOiJ7XCJhY3RpdmVcIjp0cnVlLFwiZXhjbHVkZWRcIjpmYWxzZSxcImZpcnN0X25hbWVcIjpcIlN1cGVyXCIsXCJsYW5nX2lkXCI6MSxcImxhc3RfbmFtZVwiOlwiQWRtaW5cIixcInJvbGVfaWRcIjoxLFwidXNlcl9pZFwiOjEsXCJ1c2VybmFtZVwiOlwicm9vdFwifSIsImF1ZCI6WyJodHRwOi8vbG9jYWxob3N0OjQ0NDQiXSwiZXhwIjoxNzc0MDg0NzU1LjgzMzE4OTcsIm5iZiI6MTc2ODkwMDc1NS44MzMxOTA3LCJpYXQiOjE3Njg5MDA3NTUuODMzMTkwMn0.nKV-u4pSDHrsDNaaPkCnfXSs8jOtofXSggQ-MS5CtQA', 'Connection': 'close'}, url_encode := false);
2026-01-20 16:42:37.626 [INFO] [HTTP_REQUEST] Executing GET request to: /odata/ADMIN/$metadata
2026-01-20 16:42:37.626 [DEBUG] [HTTP_REQUEST] Request headers:
2026-01-20 16:42:37.626 [DEBUG] [HTTP_REQUEST]   Accept: application/xml
2026-01-20 16:42:37.626 [DEBUG] [HTTP_REQUEST]   Authorization: Bearer eyJhbGciOiJIUzI1NiJ9.eyJpc3MiOiJodHRwOi8vbG9jYWxob3N0OjQ0NDQiLCJzdWIiOiJ7XCJhY3RpdmVcIjp0cnVlLFwiZXhjbHVkZWRcIjpmYWxzZSxcImZpcnN0X25hbWVcIjpcIlN1cGVyXCIsXCJsYW5nX2lkXCI6MSxcImxhc3RfbmFtZVwiOlwiQWRtaW5cIixcInJvbGVfaWRcIjoxLFwidXNlcl9pZFwiOjEsXCJ1c2VybmFtZVwiOlwicm9vdFwifSIsImF1ZCI6WyJodHRwOi8vbG9jYWxob3N0OjQ0NDQiXSwiZXhwIjoxNzc0MDg0NzU1LjgzMzE4OTcsIm5iZiI6MTc2ODkwMDc1NS44MzMxOTA3LCJpYXQiOjE3Njg5MDA3NTUuODMzMTkwMn0.nKV-u4pSDHrsDNaaPkCnfXSs8jOtofXSggQ-MS5CtQA
2026-01-20 16:42:37.626 [DEBUG] [HTTP_REQUEST]   Connection: close
2026-01-20 16:42:37.647 [INFO] [HTTP_RESPONSE] Response status: 200
2026-01-20 16:42:37.647 [DEBUG] [HTTP_RESPONSE] Response headers:
2026-01-20 16:42:37.647 [DEBUG] [HTTP_RESPONSE]   Access-Control-Allow-Headers: Content-Type, Authorization, enctype
2026-01-20 16:42:37.647 [DEBUG] [HTTP_RESPONSE]   Access-Control-Allow-Methods: GET, POST, PUT, DELETE, OPTIONS
2026-01-20 16:42:37.647 [DEBUG] [HTTP_RESPONSE]   Access-Control-Allow-Origin: *
2026-01-20 16:42:37.647 [DEBUG] [HTTP_RESPONSE]   Connection: close
2026-01-20 16:42:37.647 [DEBUG] [HTTP_RESPONSE]   Content-Type: application/xml
2026-01-20 16:42:37.647 [DEBUG] [HTTP_RESPONSE]   Date: Tue, 20 Jan 2026 17:42:37 GMT
2026-01-20 16:42:37.647 [DEBUG] [HTTP_RESPONSE]   Odata-Version: 4.0
2026-01-20 16:42:37.647 [DEBUG] [HTTP_RESPONSE]   Transfer-Encoding: chunked
2026-01-20 16:42:37.647 [DEBUG] [HTTP_RESPONSE]   Vary: Authorization
2026-01-20 16:42:37.647 [DEBUG] [HTTP_RESPONSE] Response body (54495 bytes)
2026-01-20 16:42:37.647 [DEBUG] [HTTP_RESPONSE] Response body (truncated): <?xml version="1.0" encoding="utf-8"?>
<edmx:Edmx Version="4.0"
 xmlns:edmx="http://docs.oasis-open.org/odata/ns/edmx"
 xmlns="http://docs.oasis-open.org/odata/ns/edm">
 <edmx:DataServices><Schema Namespace="ADMIN"><EntityType Name="role_app_menu"><Key><PropertyRef Name="role_app_menu_id"/></Key><Property Name="role_app_menu_id" Type="Edm.Int32" Nullable="false"/><Property Name="role_id" Type="Edm.Int32" Nullable="true"/><Property Name="app_id" Type="Edm.Int32" Nullable="true"/><Property Name="menu_id" Type="Edm.Int32" Nullable="true"/><Property Name="access" Type="Edm.Boolean" Nullable="true"/><Property Name="user_id" Type="Edm.Int32" Nullable="true"/><Property Name="created_at" Type="Edm.DateTimeOffset" Nullable="true"/><Property Name="updated_at" Type="Edm.DateTimeOffset" Nullable="true"/><Property Name="excluded" Type="Edm.Boolean" Nullable="true"/></EntityType><EntityType Name="etl_rb_output_field"><Key><PropertyRef Name="etl_rb_output_field_id"/></Key><Property Name="etl_rb_outpu...
2026-01-20 16:42:37.647 [DEBUG] [CHARSET_CONVERTER] No charset specified, defaulting to UTF-8 converter
2026-01-20 16:42:37.647 [DEBUG] [CHARSET_CONVERTER] Creating charset converter for content type: application/xml
2026-01-20 16:42:37.647 [DEBUG] [CHARSET_CONVERTER] Charset converter initialized with charset: utf-8
2026-01-20 16:42:37.647 [DEBUG] [CHARSET_CONVERTER] Converting 54495 bytes using charset: utf-8
2026-01-20 16:42:37.647 [DEBUG] [CHARSET_CONVERTER] Converting from bytes using charset: utf-8
2026-01-20 16:42:37.647 [DEBUG] [CHARSET_CONVERTER] Using default UTF-8 conversion
2026-01-20 16:42:37.648 [DEBUG] [CHARSET_CONVERTER] Using UTF-8 converter for output
2026-01-20 16:42:37.648 [DEBUG] [CHARSET_CONVERTER] No charset specified, defaulting to UTF-8 converter
2026-01-20 16:42:37.648 [DEBUG] [CHARSET_CONVERTER] Creating charset converter for content type: application/xml
2026-01-20 16:42:37.648 [DEBUG] [CHARSET_CONVERTER] Charset converter initialized with charset: utf-8
2026-01-20 16:42:37.648 [DEBUG] [CHARSET_CONVERTER] Converting 54495 bytes using charset: utf-8
2026-01-20 16:42:37.648 [DEBUG] [CHARSET_CONVERTER] Converting from bytes using charset: utf-8
2026-01-20 16:42:37.648 [DEBUG] [CHARSET_CONVERTER] Using default UTF-8 conversion
2026-01-20 16:42:37.649 [DEBUG] [CHARSET_CONVERTER] Using UTF-8 converter for output
2026-01-20 16:42:37.649 [DEBUG] [CHARSET_CONVERTER] No charset specified, defaulting to UTF-8 converter
2026-01-20 16:42:37.649 [DEBUG] [CHARSET_CONVERTER] Creating charset converter for content type: application/xml
2026-01-20 16:42:37.649 [DEBUG] [CHARSET_CONVERTER] Charset converter initialized with charset: utf-8
2026-01-20 16:42:37.649 [DEBUG] [CHARSET_CONVERTER] Converting 54495 bytes using charset: utf-8
2026-01-20 16:42:37.649 [DEBUG] [CHARSET_CONVERTER] Converting from bytes using charset: utf-8
2026-01-20 16:42:37.649 [DEBUG] [CHARSET_CONVERTER] Using default UTF-8 conversion
2026-01-20 16:42:37.649 [DEBUG] [CHARSET_CONVERTER] Using UTF-8 converter for output
2026-01-20 16:42:37.650 [DEBUG] [ODATA_CLIENT] OData Metadata HTTP Success Response:
  Status Code: 200
  Content Type: application/xml
  Response Headers:
    Vary: Authorization
    Transfer-Encoding: chunked
    Odata-Version: 4.0
    Content-Type: application/xml
    Connection: close
    Date: Tue, 20 Jan 2026 17:42:37 GMT
    Access-Control-Allow-Origin: *
    Access-Control-Allow-Methods: GET, POST, PUT, DELETE, OPTIONS
    Access-Control-Allow-Headers: Content-Type, Authorization, enctype
  Response Body Size: 54495 bytes
  Response Body Preview (first 4000 chars): <?xml version="1.0" encoding="utf-8"?>
<edmx:Edmx Version="4.0"
 xmlns:edmx="http://docs.oasis-open.org/odata/ns/edmx"
 xmlns="http://docs.oasis-open.org/odata/ns/edm">
 <edmx:DataServices><Schema Namespace="ADMIN"><EntityType Name="role_app_menu"><Key><PropertyRef Name="role_app_menu_id"/></Key><Property Name="role_app_menu_id" Type="Edm.Int32" Nullable="false"/><Property Name="role_id" Type="Edm.Int32" Nullable="true"/><Property Name="app_id" Type="Edm.Int32" Nullable="true"/><Property Name="menu_id" Type="Edm.Int32" Nullable="true"/><Property Name="access" Type="Edm.Boolean" Nullable="true"/><Property Name="user_id" Type="Edm.Int32" Nullable="true"/><Property Name="created_at" Type="Edm.DateTimeOffset" Nullable="true"/><Property Name="updated_at" Type="Edm.DateTimeOffset" Nullable="true"/><Property Name="excluded" Type="Edm.Boolean" Nullable="true"/></EntityType><EntityType Name="etl_rb_output_field"><Key><PropertyRef Name="etl_rb_output_field_id"/></Key><Property Name="etl_rb_output_field_id" Type="Edm.Int32" Nullable="false"/><Property Name="etl_rb_output_field" Type="Edm.String" Nullable="false"/><Property Name="etl_rb_output_field_desc" Type="Edm.String" Nullable="true"/><Property Name="etl_rbase_output_id" Type="Edm.Int32" Nullable="false"/><Property Name="sql_select" Type="Edm.String" Nullable="false"/><Property Name="sql_from" Type="Edm.String" Nullable="true"/><Property Name="sql_join" Type="Edm.String" Nullable="true"/><Property Name="sql_where" Type="Edm.String" Nullable="true"/><Property Name="sql_group_by" Type="Edm.String" Nullable="true"/><Property Name="sql_order_by" Type="Edm.String" Nullable="true"/><Property Name="sql_window" Type="Edm.String" Nullable="true"/><Property Name="sql_having" Type="Edm.String" Nullable="true"/><Property Name="field_order" Type="Edm.Int32" Nullable="true"/><Property Name="fields_used" Type="Edm.String" Nullable="true"/><Property Name="etl_report_base_id" Type="Edm.Int32" Nullable="true"/><Property Name="active" Type="Edm.Boolean" Nullable="true"/><Property Name="user_id" Type="Edm.Int32" Nullable="true"/><Property Name="app_id" Type="Edm.Int32" Nullable="true"/><Property Name="created_at" Type="Edm.DateTimeOffset" Nullable="true"/><Property Name="updated_at" Type="Edm.DateTimeOffset" Nullable="true"/><Property Name="excluded" Type="Edm.Boolean" Nullable="true"/></EntityType><EntityType Name="sqlite_sequence"><Property Name="name" Type="Edm.String" Nullable="false"/><Property Name="seq" Type="Edm.String" Nullable="false"/></EntityType><EntityType Name="column_level_access"><Key><PropertyRef Name="column_level_access_id"/></Key><Property Name="column_level_access_id" Type="Edm.Int32" Nullable="false"/><Property Name="column" Type="Edm.Int32" Nullable="false"/><Property Name="table_id" Type="Edm.Int32" Nullable="true"/><Property Name="table" Type="Edm.String" Nullable="false"/><Property Name="db" Type="Edm.String" Nullable="false"/><Property Name="user_id" Type="Edm.Int32" Nullable="true"/><Property Name="app_id" Type="Edm.Int32" Nullable="true"/><Property Name="create" Type="Edm.Boolean" Nullable="true"/><Property Name="read" Type="Edm.Boolean" Nullable="true"/><Property Name="update" Type="Edm.Boolean" Nullable="true"/><Property Name="created_at" Type="Edm.DateTimeOffset" Nullable="true"/><Property Name="updated_at" Type="Edm.DateTimeOffset" Nullable="true"/><Property Name="excluded" Type="Edm.Boolean" Nullable="true"/></EntityType><EntityType Name="dashboard"><Key><PropertyRef Name="dashboard_id"/></Key><Property Name="dashboard_id" Type="Edm.Int32" Nullable="false"/><Property Name="dashboard" Type="Edm.String" Nullable="true"/><Property Name="dashboard_desc" Type="Edm.String" Nullable="true"/><Property Name="dashboard_conf" Type="Edm.String" Nullable="false"/><Property Name="order" Type="Edm.Int32" Nullable="true"/><Property Name="active" Type="Edm.Boolean" Nullable="true"/><Property Name="user_id" Type="Edm.Int32" Nullable="true"/><Property Name="app_id" Type="Edm.Int32" Nulla
2026-01-20 16:42:37.650 [DEBUG] [CHARSET_CONVERTER] No charset specified, defaulting to UTF-8 converter
2026-01-20 16:42:37.650 [DEBUG] [CHARSET_CONVERTER] Creating charset converter for content type: application/xml
2026-01-20 16:42:37.650 [DEBUG] [CHARSET_CONVERTER] Charset converter initialized with charset: utf-8
2026-01-20 16:42:37.650 [DEBUG] [CHARSET_CONVERTER] Converting 54495 bytes using charset: utf-8
2026-01-20 16:42:37.650 [DEBUG] [CHARSET_CONVERTER] Converting from bytes using charset: utf-8
2026-01-20 16:42:37.650 [DEBUG] [CHARSET_CONVERTER] Using default UTF-8 conversion
2026-01-20 16:42:37.650 [DEBUG] [CHARSET_CONVERTER] Using UTF-8 converter for output
2026-01-20 16:42:37.651 [DEBUG] [ODATA_CLIENT] GetCurrentEntitySetType called
2026-01-20 16:42:37.651 [DEBUG] [ODATA_CLIENT] Current URL path: /odata/ADMIN/app
2026-01-20 16:42:37.651 [DEBUG] [ODATA_CLIENT] Input parameters count: 0
2026-01-20 16:42:37.651 [DEBUG] [ODATA_CLIENT] Current entity name from fragment: empty
2026-01-20 16:42:37.651 [DEBUG] [ODATA_CLIENT] No entity name from @odata.context; deferring to metadata lookup
2026-01-20 16:42:37.651 [DEBUG] [ODATA_CLIENT] Final entity set name: 
2026-01-20 16:42:37.651 [DEBUG] [ODATA_CLIENT] Using stored metadata context URL: http://localhost:4444/odata/ADMIN/$metadata
2026-01-20 16:42:37.651 [DEBUG] [ODATA_CLIENT] Derived entity set candidate from URL: app
2026-01-20 16:42:37.651 [DEBUG] [ODATA_CLIENT] Resolved entity set from URL path: app
2026-01-20 16:42:37.652 [DEBUG] [ODATA_CLIENT] Using stored metadata context URL: http://localhost:4444/odata/ADMIN/$metadata
2026-01-20 16:42:37.652 [DEBUG] [ODATA_CLIENT] GetCurrentEntitySetType called
2026-01-20 16:42:37.652 [DEBUG] [ODATA_CLIENT] Current URL path: /odata/ADMIN/app
2026-01-20 16:42:37.652 [DEBUG] [ODATA_CLIENT] Input parameters count: 0
2026-01-20 16:42:37.652 [DEBUG] [ODATA_CLIENT] Current entity name from fragment: empty
2026-01-20 16:42:37.652 [DEBUG] [ODATA_CLIENT] No entity name from @odata.context; deferring to metadata lookup
2026-01-20 16:42:37.652 [DEBUG] [ODATA_CLIENT] Final entity set name: 
2026-01-20 16:42:37.652 [DEBUG] [ODATA_CLIENT] Using stored metadata context URL: http://localhost:4444/odata/ADMIN/$metadata
2026-01-20 16:42:37.652 [DEBUG] [ODATA_CLIENT] Derived entity set candidate from URL: app
2026-01-20 16:42:37.652 [DEBUG] [ODATA_CLIENT] Resolved entity set from URL path: app
2026-01-20 16:42:37.652 [DEBUG] [ODATA_CLIENT] Using stored metadata context URL: http://localhost:4444/odata/ADMIN/$metadata
2026-01-20 16:42:37.652 [DEBUG] [ODATA_CLIENT] Using stored metadata context URL: http://localhost:4444/odata/ADMIN/$metadata
2026-01-20 16:42:37.652 [DEBUG] [ODATA_CLIENT] GetCurrentEntitySetType called
2026-01-20 16:42:37.652 [DEBUG] [ODATA_CLIENT] Current URL path: /odata/ADMIN/app
2026-01-20 16:42:37.652 [DEBUG] [ODATA_CLIENT] Input parameters count: 0
2026-01-20 16:42:37.652 [DEBUG] [ODATA_CLIENT] Current entity name from fragment: empty
2026-01-20 16:42:37.652 [DEBUG] [ODATA_CLIENT] No entity name from @odata.context; deferring to metadata lookup
2026-01-20 16:42:37.652 [DEBUG] [ODATA_CLIENT] Final entity set name: 
2026-01-20 16:42:37.652 [DEBUG] [ODATA_CLIENT] Using stored metadata context URL: http://localhost:4444/odata/ADMIN/$metadata
2026-01-20 16:42:37.652 [DEBUG] [ODATA_CLIENT] Derived entity set candidate from URL: app
2026-01-20 16:42:37.652 [DEBUG] [ODATA_CLIENT] Resolved entity set from URL path: app
2026-01-20 16:42:37.652 [DEBUG] [ODATA_CLIENT] Using stored metadata context URL: http://localhost:4444/odata/ADMIN/$metadata
2026-01-20 16:42:37.653 [DEBUG] [ODATA_CLIENT] Using stored metadata context URL: http://localhost:4444/odata/ADMIN/$metadata
2026-01-20 16:42:37.653 [INFO] [ODATA_READ_BIND] GetResultTypes called - service_root_mode: false
2026-01-20 16:42:37.654 [INFO] [ODATA_READ_BIND] Calling odata_client->GetResultTypes() for metadata
2026-01-20 16:42:37.654 [DEBUG] [ODATA_CLIENT] Using stored metadata context URL: http://localhost:4444/odata/ADMIN/$metadata
2026-01-20 16:42:37.654 [DEBUG] [ODATA_CLIENT] GetCurrentEntitySetType called
2026-01-20 16:42:37.654 [DEBUG] [ODATA_CLIENT] Current URL path: /odata/ADMIN/app
2026-01-20 16:42:37.654 [DEBUG] [ODATA_CLIENT] Input parameters count: 0
2026-01-20 16:42:37.654 [DEBUG] [ODATA_CLIENT] Current entity name from fragment: empty
2026-01-20 16:42:37.654 [DEBUG] [ODATA_CLIENT] No entity name from @odata.context; deferring to metadata lookup
2026-01-20 16:42:37.654 [DEBUG] [ODATA_CLIENT] Final entity set name: 
2026-01-20 16:42:37.654 [DEBUG] [ODATA_CLIENT] Using stored metadata context URL: http://localhost:4444/odata/ADMIN/$metadata
2026-01-20 16:42:37.654 [DEBUG] [ODATA_CLIENT] Derived entity set candidate from URL: app
2026-01-20 16:42:37.654 [DEBUG] [ODATA_CLIENT] Resolved entity set from URL path: app
2026-01-20 16:42:37.655 [DEBUG] [ODATA_CLIENT] Using stored metadata context URL: http://localhost:4444/odata/ADMIN/$metadata
2026-01-20 16:42:37.655 [DEBUG] [ODATA_CLIENT] Using stored metadata context URL: http://localhost:4444/odata/ADMIN/$metadata
2026-01-20 16:42:37.656 [DEBUG] [ODATA_READ_BIND] Final combined types size: 12
2026-01-20 16:42:37.656 [DEBUG] [ODATA_BIND] Processing URL for expand clause: http://localhost:4444/odata/ADMIN/app
2026-01-20 16:42:37.656 [INFO] [ODATA_READ_BIND] GetResultNames called - service_root_mode: false
2026-01-20 16:42:37.656 [INFO] [ODATA_READ_BIND] GetResultTypes called - service_root_mode: false
2026-01-20 16:42:37.656 [DEBUG] [ODATA_READ_BIND] Final combined types size: 12
2026-01-20 16:42:37.656 [INFO] [ODATA_BIND] Bound function with 12 columns
2026-01-20 16:42:37.656 [DEBUG] [ODATA_BIND] Column names: app_id, app, app_desc, version, email, db, attach_logo, config, user_id, created_at, updated_at, excluded
2026-01-20 16:42:37.658 [DEBUG] [HTTP_AUTH] Found http_bearer secret for URL: http://localhost:4444/odata/ADMIN/app
2026-01-20 16:42:37.658 [INFO] [ODATA_BIND] Binding OData read function for URL: http://localhost:4444/odata/ADMIN/app
2026-01-20 16:42:37.658 [DEBUG] [ODATA_FACTORY] Probing URL: http://localhost:4444/odata/ADMIN/app
2026-01-20 16:42:37.658 [INFO] [HTTP_REQUEST_REPRO] Reproduce with: SELECT * FROM http_get('http://localhost:4444/odata/ADMIN/app?$format=json', headers := MAP{'Authorization': 'Bearer eyJhbGciOiJIUzI1NiJ9.eyJpc3MiOiJodHRwOi8vbG9jYWxob3N0OjQ0NDQiLCJzdWIiOiJ7XCJhY3RpdmVcIjp0cnVlLFwiZXhjbHVkZWRcIjpmYWxzZSxcImZpcnN0X25hbWVcIjpcIlN1cGVyXCIsXCJsYW5nX2lkXCI6MSxcImxhc3RfbmFtZVwiOlwiQWRtaW5cIixcInJvbGVfaWRcIjoxLFwidXNlcl9pZFwiOjEsXCJ1c2VybmFtZVwiOlwicm9vdFwifSIsImF1ZCI6WyJodHRwOi8vbG9jYWxob3N0OjQ0NDQiXSwiZXhwIjoxNzc0MDg0NzU1LjgzMzE4OTcsIm5iZiI6MTc2ODkwMDc1NS44MzMxOTA3LCJpYXQiOjE3Njg5MDA3NTUuODMzMTkwMn0.nKV-u4pSDHrsDNaaPkCnfXSs8jOtofXSggQ-MS5CtQA'}, url_encode := false);
2026-01-20 16:42:37.658 [INFO] [HTTP_REQUEST] Executing GET request to: /odata/ADMIN/app?$format=json
2026-01-20 16:42:37.658 [DEBUG] [HTTP_REQUEST] Request headers:
2026-01-20 16:42:37.658 [DEBUG] [HTTP_REQUEST]   Authorization: Bearer eyJhbGciOiJIUzI1NiJ9.eyJpc3MiOiJodHRwOi8vbG9jYWxob3N0OjQ0NDQiLCJzdWIiOiJ7XCJhY3RpdmVcIjp0cnVlLFwiZXhjbHVkZWRcIjpmYWxzZSxcImZpcnN0X25hbWVcIjpcIlN1cGVyXCIsXCJsYW5nX2lkXCI6MSxcImxhc3RfbmFtZVwiOlwiQWRtaW5cIixcInJvbGVfaWRcIjoxLFwidXNlcl9pZFwiOjEsXCJ1c2VybmFtZVwiOlwicm9vdFwifSIsImF1ZCI6WyJodHRwOi8vbG9jYWxob3N0OjQ0NDQiXSwiZXhwIjoxNzc0MDg0NzU1LjgzMzE4OTcsIm5iZiI6MTc2ODkwMDc1NS44MzMxOTA3LCJpYXQiOjE3Njg5MDA3NTUuODMzMTkwMn0.nKV-u4pSDHrsDNaaPkCnfXSs8jOtofXSggQ-MS5CtQA
2026-01-20 16:42:37.671 [INFO] [HTTP_RESPONSE] Response status: 200
2026-01-20 16:42:37.671 [DEBUG] [HTTP_RESPONSE] Response headers:
2026-01-20 16:42:37.671 [DEBUG] [HTTP_RESPONSE]   Access-Control-Allow-Headers: Content-Type, Authorization, enctype
2026-01-20 16:42:37.671 [DEBUG] [HTTP_RESPONSE]   Access-Control-Allow-Methods: GET, POST, PUT, DELETE, OPTIONS
2026-01-20 16:42:37.671 [DEBUG] [HTTP_RESPONSE]   Access-Control-Allow-Origin: *
2026-01-20 16:42:37.671 [DEBUG] [HTTP_RESPONSE]   Content-Length: 868
2026-01-20 16:42:37.671 [DEBUG] [HTTP_RESPONSE]   Content-Type: application/json; charset=utf-8
2026-01-20 16:42:37.671 [DEBUG] [HTTP_RESPONSE]   Date: Tue, 20 Jan 2026 17:42:37 GMT
2026-01-20 16:42:37.671 [DEBUG] [HTTP_RESPONSE]   Odata-Version: 4.0
2026-01-20 16:42:37.671 [DEBUG] [HTTP_RESPONSE]   Vary: Authorization
2026-01-20 16:42:37.671 [DEBUG] [HTTP_RESPONSE] Response body (868 bytes)
2026-01-20 16:42:37.672 [DEBUG] [HTTP_RESPONSE] Response body: {"@odata.context":"http://localhost:4444/odata/ADMIN/app","@odata.count":3,"value":[{"app":"ADMIN","app_desc":"Admin","app_id":1,"attach_logo":null,"config":"{}","created_at":"2025-11-05T18:55:00.130747Z","db":"ADMIN","email":null,"excluded":false,"updated_at":"2025-11-05T18:55:00.130747Z","user_id":1,"username":"root","version":"1.0.0"},{"app":"ETLX","app_desc":"ETLX UI in CS","app_id":2,"attach_logo":null,"config":null,"created_at":"2025-11-05T19:01:54.055156Z","db":"ETLX","email":null,"excluded":false,"updated_at":"2025-11-05T19:01:54.055156Z","user_id":1,"username":"root","version":"1.0.0"},{"app":"SAAS","app_desc":"CS SASS Backend","app_id":3,"attach_logo":null,"config":null,"created_at":"2026-01-10T18:53:52.783348Z","db":"SAAS","email":null,"excluded":false,"updated_at":"2026-01-10T18:53:52.783348Z","user_id":1,"username":"root","version":"1.0.0"}]}

2026-01-20 16:42:37.672 [DEBUG] [CHARSET_CONVERTER] Detected UTF-8 charset, using UTF-8 converter
2026-01-20 16:42:37.672 [DEBUG] [CHARSET_CONVERTER] Creating charset converter for content type: application/json; charset=utf-8
2026-01-20 16:42:37.672 [DEBUG] [CHARSET_CONVERTER] Charset converter initialized with charset: utf-8
2026-01-20 16:42:37.672 [DEBUG] [CHARSET_CONVERTER] Converting 868 bytes using charset: utf-8
2026-01-20 16:42:37.672 [DEBUG] [CHARSET_CONVERTER] Converting from bytes using charset: utf-8
2026-01-20 16:42:37.672 [DEBUG] [CHARSET_CONVERTER] Using default UTF-8 conversion
2026-01-20 16:42:37.672 [DEBUG] [CHARSET_CONVERTER] Using UTF-8 converter for output
2026-01-20 16:42:37.672 [DEBUG] [DETECT_VERSION] Starting OData version detection
2026-01-20 16:42:37.672 [DEBUG] [DETECT_VERSION] Found 'value' array, detecting as V4
2026-01-20 16:42:37.672 [INFO] [ODATA_FACTORY] Probe result - Version: 2, IsServiceRoot: false
2026-01-20 16:42:37.672 [INFO] [ODATA_FACTORY] Content preview: {"@odata.context":"http://localhost:4444/odata/ADMIN/app","@odata.count":3,"value":[{"app":"ADMIN","app_desc":"Admin","app_id":1,"attach_logo":null,"config":"{}","created_at":"2025-11-05T18:55:00.1307...
2026-01-20 16:42:37.672 [INFO] [ODATA_READ_BIND] Creating bind data from probe result - is_service_root: false
2026-01-20 16:42:37.672 [INFO] [ODATA_READ_BIND] Taking entity set path
2026-01-20 16:42:37.672 [DEBUG] [ODATA_FACTORY] Creating ODataEntitySetClient
2026-01-20 16:42:37.672 [DEBUG] [ODATA_READ_BIND] Creating bind data from entity set client
2026-01-20 16:42:37.672 [DEBUG] [ODATA_READ_BIND] Parsing OData v4 response format
2026-01-20 16:42:37.672 [DEBUG] [ODATA_READ_BIND] Found 'value' array in OData v4 response
2026-01-20 16:42:37.672 [DEBUG] [ODATA_READ_BIND] Found first row object in OData v4 response
2026-01-20 16:42:37.672 [WARN] [ODATA_READ_BIND] Could not find 'd' object in OData v2 response
2026-01-20 16:42:37.672 [DEBUG] [ODATA_READ_BIND] Stored 0 extracted column names
2026-01-20 16:42:37.672 [INFO] [ODATA_READ_BIND] GetResultNames called - service_root_mode: false
2026-01-20 16:42:37.672 [INFO] [ODATA_READ_BIND] Calling odata_client->GetResultNames() for metadata
2026-01-20 16:42:37.672 [INFO] [ODATA_CLIENT] Resolved metadata URL: http://localhost:4444/odata/ADMIN/$metadata
2026-01-20 16:42:37.672 [DEBUG] [ODATA_CLIENT] GetCurrentEntitySetType called
2026-01-20 16:42:37.672 [DEBUG] [ODATA_CLIENT] Current URL path: /odata/ADMIN/app
2026-01-20 16:42:37.672 [DEBUG] [ODATA_CLIENT] Input parameters count: 0
2026-01-20 16:42:37.672 [DEBUG] [ODATA_CLIENT] Current entity name from fragment: empty
2026-01-20 16:42:37.672 [DEBUG] [ODATA_CLIENT] No entity name from @odata.context; deferring to metadata lookup
2026-01-20 16:42:37.672 [DEBUG] [ODATA_CLIENT] Final entity set name: 
2026-01-20 16:42:37.672 [DEBUG] [ODATA_CLIENT] Using stored metadata context URL: http://localhost:4444/odata/ADMIN/$metadata
2026-01-20 16:42:37.672 [DEBUG] [ODATA_CLIENT] Derived entity set candidate from URL: app
2026-01-20 16:42:37.672 [DEBUG] [ODATA_CLIENT] Resolved entity set from URL path: app
2026-01-20 16:42:37.672 [DEBUG] [ODATA_CLIENT] Using stored metadata context URL: http://localhost:4444/odata/ADMIN/$metadata
2026-01-20 16:42:37.673 [DEBUG] [ODATA_CLIENT] GetCurrentEntitySetType called
2026-01-20 16:42:37.673 [DEBUG] [ODATA_CLIENT] Current URL path: /odata/ADMIN/app
2026-01-20 16:42:37.673 [DEBUG] [ODATA_CLIENT] Input parameters count: 0
2026-01-20 16:42:37.673 [DEBUG] [ODATA_CLIENT] Current entity name from fragment: empty
2026-01-20 16:42:37.673 [DEBUG] [ODATA_CLIENT] No entity name from @odata.context; deferring to metadata lookup
2026-01-20 16:42:37.673 [DEBUG] [ODATA_CLIENT] Final entity set name: 
2026-01-20 16:42:37.673 [DEBUG] [ODATA_CLIENT] Using stored metadata context URL: http://localhost:4444/odata/ADMIN/$metadata
2026-01-20 16:42:37.673 [DEBUG] [ODATA_CLIENT] Derived entity set candidate from URL: app
2026-01-20 16:42:37.673 [DEBUG] [ODATA_CLIENT] Resolved entity set from URL path: app
2026-01-20 16:42:37.673 [DEBUG] [ODATA_CLIENT] Using stored metadata context URL: http://localhost:4444/odata/ADMIN/$metadata
2026-01-20 16:42:37.673 [DEBUG] [ODATA_CLIENT] Using stored metadata context URL: http://localhost:4444/odata/ADMIN/$metadata
2026-01-20 16:42:37.674 [DEBUG] [ODATA_CLIENT] GetCurrentEntitySetType called
2026-01-20 16:42:37.674 [DEBUG] [ODATA_CLIENT] Current URL path: /odata/ADMIN/app
2026-01-20 16:42:37.674 [DEBUG] [ODATA_CLIENT] Input parameters count: 0
2026-01-20 16:42:37.674 [DEBUG] [ODATA_CLIENT] Current entity name from fragment: empty
2026-01-20 16:42:37.674 [DEBUG] [ODATA_CLIENT] No entity name from @odata.context; deferring to metadata lookup
2026-01-20 16:42:37.674 [DEBUG] [ODATA_CLIENT] Final entity set name: 
2026-01-20 16:42:37.674 [DEBUG] [ODATA_CLIENT] Using stored metadata context URL: http://localhost:4444/odata/ADMIN/$metadata
2026-01-20 16:42:37.674 [DEBUG] [ODATA_CLIENT] Derived entity set candidate from URL: app
2026-01-20 16:42:37.674 [DEBUG] [ODATA_CLIENT] Resolved entity set from URL path: app
2026-01-20 16:42:37.674 [DEBUG] [ODATA_CLIENT] Using stored metadata context URL: http://localhost:4444/odata/ADMIN/$metadata
2026-01-20 16:42:37.674 [DEBUG] [ODATA_CLIENT] Using stored metadata context URL: http://localhost:4444/odata/ADMIN/$metadata
2026-01-20 16:42:37.675 [INFO] [ODATA_READ_BIND] GetResultTypes called - service_root_mode: false
2026-01-20 16:42:37.675 [INFO] [ODATA_READ_BIND] Calling odata_client->GetResultTypes() for metadata
2026-01-20 16:42:37.675 [DEBUG] [ODATA_CLIENT] Using stored metadata context URL: http://localhost:4444/odata/ADMIN/$metadata
2026-01-20 16:42:37.675 [DEBUG] [ODATA_CLIENT] GetCurrentEntitySetType called
2026-01-20 16:42:37.675 [DEBUG] [ODATA_CLIENT] Current URL path: /odata/ADMIN/app
2026-01-20 16:42:37.675 [DEBUG] [ODATA_CLIENT] Input parameters count: 0
2026-01-20 16:42:37.675 [DEBUG] [ODATA_CLIENT] Current entity name from fragment: empty
2026-01-20 16:42:37.675 [DEBUG] [ODATA_CLIENT] No entity name from @odata.context; deferring to metadata lookup
2026-01-20 16:42:37.675 [DEBUG] [ODATA_CLIENT] Final entity set name: 
2026-01-20 16:42:37.675 [DEBUG] [ODATA_CLIENT] Using stored metadata context URL: http://localhost:4444/odata/ADMIN/$metadata
2026-01-20 16:42:37.676 [DEBUG] [ODATA_CLIENT] Derived entity set candidate from URL: app
2026-01-20 16:42:37.676 [DEBUG] [ODATA_CLIENT] Resolved entity set from URL path: app
2026-01-20 16:42:37.676 [DEBUG] [ODATA_CLIENT] Using stored metadata context URL: http://localhost:4444/odata/ADMIN/$metadata
2026-01-20 16:42:37.676 [DEBUG] [ODATA_CLIENT] Using stored metadata context URL: http://localhost:4444/odata/ADMIN/$metadata
2026-01-20 16:42:37.677 [DEBUG] [ODATA_READ_BIND] Final combined types size: 12
2026-01-20 16:42:37.677 [DEBUG] [ODATA_BIND] Processing URL for expand clause: http://localhost:4444/odata/ADMIN/app
2026-01-20 16:42:37.677 [INFO] [ODATA_READ_BIND] GetResultNames called - service_root_mode: false
2026-01-20 16:42:37.677 [INFO] [ODATA_READ_BIND] GetResultTypes called - service_root_mode: false
2026-01-20 16:42:37.677 [DEBUG] [ODATA_READ_BIND] Final combined types size: 12
2026-01-20 16:42:37.677 [INFO] [ODATA_BIND] Bound function with 12 columns
2026-01-20 16:42:37.677 [DEBUG] [ODATA_BIND] Column names: app_id, app, app_desc, version, email, db, attach_logo, config, user_id, created_at, updated_at, excluded
2026-01-20 16:42:37.678 [DEBUG] [ODATA_READ_BIND] Activating columns: 0, 1, 2, 3, 4, 5, 6, 7, 8, 9, 10, 11, 
2026-01-20 16:42:37.678 [DEBUG] [ODATA_READ_BIND] Mapping activated index 0 to original index 0
2026-01-20 16:42:37.678 [DEBUG] [ODATA_READ_BIND] Mapping activated index 1 to original index 1
2026-01-20 16:42:37.678 [DEBUG] [ODATA_READ_BIND] Mapping activated index 2 to original index 2
2026-01-20 16:42:37.678 [DEBUG] [ODATA_READ_BIND] Mapping activated index 3 to original index 3
2026-01-20 16:42:37.678 [DEBUG] [ODATA_READ_BIND] Mapping activated index 4 to original index 4
2026-01-20 16:42:37.678 [DEBUG] [ODATA_READ_BIND] Mapping activated index 5 to original index 5
2026-01-20 16:42:37.678 [DEBUG] [ODATA_READ_BIND] Mapping activated index 6 to original index 6
2026-01-20 16:42:37.678 [DEBUG] [ODATA_READ_BIND] Mapping activated index 7 to original index 7
2026-01-20 16:42:37.678 [DEBUG] [ODATA_READ_BIND] Mapping activated index 8 to original index 8
2026-01-20 16:42:37.678 [DEBUG] [ODATA_READ_BIND] Mapping activated index 9 to original index 9
2026-01-20 16:42:37.678 [DEBUG] [ODATA_READ_BIND] Mapping activated index 10 to original index 10
2026-01-20 16:42:37.678 [DEBUG] [ODATA_READ_BIND] Mapping activated index 11 to original index 11
2026-01-20 16:42:37.678 [DEBUG] [ODATA_READ_BIND] ActivateColumns: service_root_mode_ = false
2026-01-20 16:42:37.678 [DEBUG] [ODATA_READ_BIND] Creating new predicate pushdown helper
2026-01-20 16:42:37.678 [DEBUG] [ODATA_CLIENT] Using stored metadata context URL: http://localhost:4444/odata/ADMIN/$metadata
2026-01-20 16:42:37.678 [DEBUG] [ODATA_CLIENT] GetCurrentEntitySetType called
2026-01-20 16:42:37.678 [DEBUG] [ODATA_CLIENT] Current URL path: /odata/ADMIN/app
2026-01-20 16:42:37.678 [DEBUG] [ODATA_CLIENT] Input parameters count: 0
2026-01-20 16:42:37.679 [DEBUG] [ODATA_CLIENT] Current entity name from fragment: empty
2026-01-20 16:42:37.679 [DEBUG] [ODATA_CLIENT] No entity name from @odata.context; deferring to metadata lookup
2026-01-20 16:42:37.679 [DEBUG] [ODATA_CLIENT] Final entity set name: 
2026-01-20 16:42:37.679 [DEBUG] [ODATA_CLIENT] Using stored metadata context URL: http://localhost:4444/odata/ADMIN/$metadata
2026-01-20 16:42:37.679 [DEBUG] [ODATA_CLIENT] Derived entity set candidate from URL: app
2026-01-20 16:42:37.679 [DEBUG] [ODATA_CLIENT] Resolved entity set from URL path: app
2026-01-20 16:42:37.679 [DEBUG] [ODATA_CLIENT] Using stored metadata context URL: http://localhost:4444/odata/ADMIN/$metadata
2026-01-20 16:42:37.680 [DEBUG] [ODATA_CLIENT] GetCurrentEntitySetType called
2026-01-20 16:42:37.680 [DEBUG] [ODATA_CLIENT] Current URL path: /odata/ADMIN/app
2026-01-20 16:42:37.680 [DEBUG] [ODATA_CLIENT] Input parameters count: 0
2026-01-20 16:42:37.680 [DEBUG] [ODATA_CLIENT] Current entity name from fragment: empty
2026-01-20 16:42:37.680 [DEBUG] [ODATA_CLIENT] No entity name from @odata.context; deferring to metadata lookup
2026-01-20 16:42:37.680 [DEBUG] [ODATA_CLIENT] Final entity set name: 
2026-01-20 16:42:37.680 [DEBUG] [ODATA_CLIENT] Using stored metadata context URL: http://localhost:4444/odata/ADMIN/$metadata
2026-01-20 16:42:37.680 [DEBUG] [ODATA_CLIENT] Derived entity set candidate from URL: app
2026-01-20 16:42:37.680 [DEBUG] [ODATA_CLIENT] Resolved entity set from URL path: app
2026-01-20 16:42:37.680 [DEBUG] [ODATA_CLIENT] Using stored metadata context URL: http://localhost:4444/odata/ADMIN/$metadata
2026-01-20 16:42:37.680 [DEBUG] [ODATA_CLIENT] Using stored metadata context URL: http://localhost:4444/odata/ADMIN/$metadata
2026-01-20 16:42:37.680 [DEBUG] [ODATA_CLIENT] GetCurrentEntitySetType called
2026-01-20 16:42:37.680 [DEBUG] [ODATA_CLIENT] Current URL path: /odata/ADMIN/app
2026-01-20 16:42:37.680 [DEBUG] [ODATA_CLIENT] Input parameters count: 0
2026-01-20 16:42:37.680 [DEBUG] [ODATA_CLIENT] Current entity name from fragment: empty
2026-01-20 16:42:37.680 [DEBUG] [ODATA_CLIENT] No entity name from @odata.context; deferring to metadata lookup
2026-01-20 16:42:37.680 [DEBUG] [ODATA_CLIENT] Final entity set name: 
2026-01-20 16:42:37.680 [DEBUG] [ODATA_CLIENT] Using stored metadata context URL: http://localhost:4444/odata/ADMIN/$metadata
2026-01-20 16:42:37.680 [DEBUG] [ODATA_CLIENT] Derived entity set candidate from URL: app
2026-01-20 16:42:37.680 [DEBUG] [ODATA_CLIENT] Resolved entity set from URL path: app
2026-01-20 16:42:37.681 [DEBUG] [ODATA_CLIENT] Using stored metadata context URL: http://localhost:4444/odata/ADMIN/$metadata
2026-01-20 16:42:37.681 [DEBUG] [ODATA_CLIENT] Using stored metadata context URL: http://localhost:4444/odata/ADMIN/$metadata
2026-01-20 16:42:37.682 [DEBUG] [ODATA_READ_BIND] Using OData client column names for predicate pushdown: 12 columns
2026-01-20 16:42:37.682 [DEBUG] [PREDICATE_PUSHDOWN] Created predicate pushdown helper with 12 columns
2026-01-20 16:42:37.682 [DEBUG] [PREDICATE_PUSHDOWN] Column 0: app_id
2026-01-20 16:42:37.682 [DEBUG] [PREDICATE_PUSHDOWN] Column 1: app
2026-01-20 16:42:37.682 [DEBUG] [PREDICATE_PUSHDOWN] Column 2: app_desc
2026-01-20 16:42:37.682 [DEBUG] [PREDICATE_PUSHDOWN] Column 3: version
2026-01-20 16:42:37.682 [DEBUG] [PREDICATE_PUSHDOWN] Column 4: email
2026-01-20 16:42:37.682 [DEBUG] [PREDICATE_PUSHDOWN] Column 5: db
2026-01-20 16:42:37.682 [DEBUG] [PREDICATE_PUSHDOWN] Column 6: attach_logo
2026-01-20 16:42:37.682 [DEBUG] [PREDICATE_PUSHDOWN] Column 7: config
2026-01-20 16:42:37.682 [DEBUG] [PREDICATE_PUSHDOWN] Column 8: user_id
2026-01-20 16:42:37.682 [DEBUG] [PREDICATE_PUSHDOWN] Column 9: created_at
2026-01-20 16:42:37.682 [DEBUG] [PREDICATE_PUSHDOWN] Column 10: updated_at
2026-01-20 16:42:37.682 [DEBUG] [PREDICATE_PUSHDOWN] Column 11: excluded
2026-01-20 16:42:37.682 [DEBUG] [PREDICATE_PUSHDOWN] Set OData version to: V4
2026-01-20 16:42:37.682 [DEBUG] [ODATA_READ_BIND] Set OData version V4 on predicate pushdown helper
2026-01-20 16:42:37.682 [DEBUG] [PREDICATE_PUSHDOWN] Column name resolver set
2026-01-20 16:42:37.682 [DEBUG] [PREDICATE_PUSHDOWN] Consuming column selection: 12 columns
2026-01-20 16:42:37.682 [DEBUG] [PREDICATE_PUSHDOWN] Building select clause for 12 columns
2026-01-20 16:42:37.682 [DEBUG] [PREDICATE_PUSHDOWN] Non-rowid columns: 12 out of 12
2026-01-20 16:42:37.682 [DEBUG] [PREDICATE_PUSHDOWN] All columns selected, skipping $select parameter
2026-01-20 16:42:37.682 [DEBUG] [PREDICATE_PUSHDOWN] Built select clause: 
2026-01-20 16:42:37.682 [DEBUG] [ODATA_READ_BIND] Select clause: 
2026-01-20 16:42:37.682 [DEBUG] [ODATA_READ_BIND] No filters to add
2026-01-20 16:42:37.682 [DEBUG] [ODATA_READ_BIND] Updating URL from predicate pushdown
2026-01-20 16:42:37.682 [DEBUG] [ODATA_READ_BIND] Original URL: http://localhost:4444/odata/ADMIN/app?$format=json
2026-01-20 16:42:37.682 [DEBUG] [PREDICATE_PUSHDOWN] Applying filters to URL: http://localhost:4444/odata/ADMIN/app?$format=json
2026-01-20 16:42:37.682 [DEBUG] [PREDICATE_PUSHDOWN] Select clause: ''
2026-01-20 16:42:37.682 [DEBUG] [PREDICATE_PUSHDOWN] Filter clause: ''
2026-01-20 16:42:37.682 [DEBUG] [PREDICATE_PUSHDOWN] Top clause: ''
2026-01-20 16:42:37.682 [DEBUG] [PREDICATE_PUSHDOWN] Skip clause: ''
2026-01-20 16:42:37.682 [DEBUG] [PREDICATE_PUSHDOWN] Expand clause: ''
2026-01-20 16:42:37.682 [DEBUG] [PREDICATE_PUSHDOWN] Final query: '?$format=json'
2026-01-20 16:42:37.682 [INFO] [PREDICATE_PUSHDOWN] Updated URL: http://localhost:4444/odata/ADMIN/app?$format=json
2026-01-20 16:42:37.682 [DEBUG] [ODATA_READ_BIND] Updated URL: http://localhost:4444/odata/ADMIN/app?$format=json
2026-01-20 16:42:37.682 [DEBUG] [ODATA_READ_BIND] Preserved OData version V4 on new client
2026-01-20 16:42:37.682 [DEBUG] [ODATA_READ_BIND] PrefetchFirstPage: service_root_mode_ = false
2026-01-20 16:42:37.682 [DEBUG] [ODATA_READ_BIND] PrefetchFirstPage: starting first page fetch
2026-01-20 16:42:37.682 [INFO] [ODATA_CLIENT] Fetching OData request from: http://localhost:4444/odata/ADMIN/app?$format=json (get_next: 0)
2026-01-20 16:42:37.682 [DEBUG] [ODATA_CLIENT] Executing HTTP GET request
2026-01-20 16:42:37.682 [DEBUG] [ODATA_CLIENT] DoHttpGet: calling AddInputParametersToUrl
2026-01-20 16:42:37.682 [INFO] [ODATA_CLIENT] AddInputParametersToUrl called with 0 parameters on client at 94051378549680
2026-01-20 16:42:37.682 [INFO] [ODATA_CLIENT] No input parameters to add
2026-01-20 16:42:37.682 [DEBUG] [ODATA_CLIENT] DoHttpGet: URL after input parameters: http://localhost:4444/odata/ADMIN/app?$format=json
2026-01-20 16:42:37.682 [INFO] [HTTP_REQUEST_REPRO] Reproduce with: SELECT * FROM http_get('http://localhost:4444/odata/ADMIN/app?$format=json', headers := MAP{'Accept': 'application/json;odata.metadata=minimal', 'Authorization': 'Bearer eyJhbGciOiJIUzI1NiJ9.eyJpc3MiOiJodHRwOi8vbG9jYWxob3N0OjQ0NDQiLCJzdWIiOiJ7XCJhY3RpdmVcIjp0cnVlLFwiZXhjbHVkZWRcIjpmYWxzZSxcImZpcnN0X25hbWVcIjpcIlN1cGVyXCIsXCJsYW5nX2lkXCI6MSxcImxhc3RfbmFtZVwiOlwiQWRtaW5cIixcInJvbGVfaWRcIjoxLFwidXNlcl9pZFwiOjEsXCJ1c2VybmFtZVwiOlwicm9vdFwifSIsImF1ZCI6WyJodHRwOi8vbG9jYWxob3N0OjQ0NDQiXSwiZXhwIjoxNzc0MDg0NzU1LjgzMzE4OTcsIm5iZiI6MTc2ODkwMDc1NS44MzMxOTA3LCJpYXQiOjE3Njg5MDA3NTUuODMzMTkwMn0.nKV-u4pSDHrsDNaaPkCnfXSs8jOtofXSggQ-MS5CtQA', 'OData-MaxVersion': '4.0', 'OData-Version': '4.0'}, url_encode := false);
2026-01-20 16:42:37.682 [INFO] [HTTP_REQUEST] Executing GET request to: /odata/ADMIN/app?$format=json
2026-01-20 16:42:37.682 [DEBUG] [HTTP_REQUEST] Request headers:
2026-01-20 16:42:37.682 [DEBUG] [HTTP_REQUEST]   Accept: application/json;odata.metadata=minimal
2026-01-20 16:42:37.682 [DEBUG] [HTTP_REQUEST]   Authorization: Bearer eyJhbGciOiJIUzI1NiJ9.eyJpc3MiOiJodHRwOi8vbG9jYWxob3N0OjQ0NDQiLCJzdWIiOiJ7XCJhY3RpdmVcIjp0cnVlLFwiZXhjbHVkZWRcIjpmYWxzZSxcImZpcnN0X25hbWVcIjpcIlN1cGVyXCIsXCJsYW5nX2lkXCI6MSxcImxhc3RfbmFtZVwiOlwiQWRtaW5cIixcInJvbGVfaWRcIjoxLFwidXNlcl9pZFwiOjEsXCJ1c2VybmFtZVwiOlwicm9vdFwifSIsImF1ZCI6WyJodHRwOi8vbG9jYWxob3N0OjQ0NDQiXSwiZXhwIjoxNzc0MDg0NzU1LjgzMzE4OTcsIm5iZiI6MTc2ODkwMDc1NS44MzMxOTA3LCJpYXQiOjE3Njg5MDA3NTUuODMzMTkwMn0.nKV-u4pSDHrsDNaaPkCnfXSs8jOtofXSggQ-MS5CtQA
2026-01-20 16:42:37.682 [DEBUG] [HTTP_REQUEST]   OData-MaxVersion: 4.0
2026-01-20 16:42:37.682 [DEBUG] [HTTP_REQUEST]   OData-Version: 4.0
2026-01-20 16:42:37.692 [INFO] [HTTP_RESPONSE] Response status: 200
2026-01-20 16:42:37.692 [DEBUG] [HTTP_RESPONSE] Response headers:
2026-01-20 16:42:37.692 [DEBUG] [HTTP_RESPONSE]   Access-Control-Allow-Headers: Content-Type, Authorization, enctype
2026-01-20 16:42:37.692 [DEBUG] [HTTP_RESPONSE]   Access-Control-Allow-Methods: GET, POST, PUT, DELETE, OPTIONS
2026-01-20 16:42:37.692 [DEBUG] [HTTP_RESPONSE]   Access-Control-Allow-Origin: *
2026-01-20 16:42:37.692 [DEBUG] [HTTP_RESPONSE]   Content-Length: 868
2026-01-20 16:42:37.692 [DEBUG] [HTTP_RESPONSE]   Content-Type: application/json; charset=utf-8
2026-01-20 16:42:37.692 [DEBUG] [HTTP_RESPONSE]   Date: Tue, 20 Jan 2026 17:42:37 GMT
2026-01-20 16:42:37.692 [DEBUG] [HTTP_RESPONSE]   Odata-Version: 4.0
2026-01-20 16:42:37.692 [DEBUG] [HTTP_RESPONSE]   Vary: Authorization
2026-01-20 16:42:37.692 [DEBUG] [HTTP_RESPONSE] Response body (868 bytes)
2026-01-20 16:42:37.692 [DEBUG] [HTTP_RESPONSE] Response body: {"@odata.context":"http://localhost:4444/odata/ADMIN/app","@odata.count":3,"value":[{"app":"ADMIN","app_desc":"Admin","app_id":1,"attach_logo":null,"config":"{}","created_at":"2025-11-05T18:55:00.130747Z","db":"ADMIN","email":null,"excluded":false,"updated_at":"2025-11-05T18:55:00.130747Z","user_id":1,"username":"root","version":"1.0.0"},{"app":"ETLX","app_desc":"ETLX UI in CS","app_id":2,"attach_logo":null,"config":null,"created_at":"2025-11-05T19:01:54.055156Z","db":"ETLX","email":null,"excluded":false,"updated_at":"2025-11-05T19:01:54.055156Z","user_id":1,"username":"root","version":"1.0.0"},{"app":"SAAS","app_desc":"CS SASS Backend","app_id":3,"attach_logo":null,"config":null,"created_at":"2026-01-10T18:53:52.783348Z","db":"SAAS","email":null,"excluded":false,"updated_at":"2026-01-10T18:53:52.783348Z","user_id":1,"username":"root","version":"1.0.0"}]}

2026-01-20 16:42:37.692 [DEBUG] [ODATA_CLIENT] Creating OData response object
2026-01-20 16:42:37.692 [DEBUG] [ODATA_RESPONSE] Created OData entity set response
2026-01-20 16:42:37.692 [DEBUG] [ODATA_RESPONSE] Response content type: application/json; charset=utf-8
2026-01-20 16:42:37.693 [DEBUG] [ODATA_RESPONSE] OData version: V4
2026-01-20 16:42:37.693 [DEBUG] [ODATA_CLIENT] Successfully created OData response
2026-01-20 16:42:37.693 [DEBUG] [ODATA_RESPONSE] Parsing HTTP response content
2026-01-20 16:42:37.693 [DEBUG] [ODATA_RESPONSE] Content type: application/json; charset=utf-8
2026-01-20 16:42:37.693 [DEBUG] [CHARSET_CONVERTER] Detected UTF-8 charset, using UTF-8 converter
2026-01-20 16:42:37.693 [DEBUG] [CHARSET_CONVERTER] Creating charset converter for content type: application/json; charset=utf-8
2026-01-20 16:42:37.693 [DEBUG] [CHARSET_CONVERTER] Charset converter initialized with charset: utf-8
2026-01-20 16:42:37.693 [DEBUG] [CHARSET_CONVERTER] Converting 868 bytes using charset: utf-8
2026-01-20 16:42:37.693 [DEBUG] [CHARSET_CONVERTER] Converting from bytes using charset: utf-8
2026-01-20 16:42:37.693 [DEBUG] [CHARSET_CONVERTER] Using default UTF-8 conversion
2026-01-20 16:42:37.693 [DEBUG] [CHARSET_CONVERTER] Using UTF-8 converter for output
2026-01-20 16:42:37.693 [DEBUG] [ODATA_RESPONSE] Content size: 868 bytes
2026-01-20 16:42:37.693 [DEBUG] [CHARSET_CONVERTER] Detected UTF-8 charset, using UTF-8 converter
2026-01-20 16:42:37.693 [DEBUG] [CHARSET_CONVERTER] Creating charset converter for content type: application/json; charset=utf-8
2026-01-20 16:42:37.693 [DEBUG] [CHARSET_CONVERTER] Charset converter initialized with charset: utf-8
2026-01-20 16:42:37.693 [DEBUG] [CHARSET_CONVERTER] Converting 868 bytes using charset: utf-8
2026-01-20 16:42:37.693 [DEBUG] [CHARSET_CONVERTER] Converting from bytes using charset: utf-8
2026-01-20 16:42:37.693 [DEBUG] [CHARSET_CONVERTER] Using default UTF-8 conversion
2026-01-20 16:42:37.693 [DEBUG] [CHARSET_CONVERTER] Using UTF-8 converter for output
2026-01-20 16:42:37.693 [DEBUG] [ODATA_CONTENT] Creating OData content from response
2026-01-20 16:42:37.693 [DEBUG] [ODATA_CONTENT] Content type: application/json; charset=utf-8
2026-01-20 16:42:37.693 [DEBUG] [ODATA_CONTENT] Content size: 868 bytes
2026-01-20 16:42:37.693 [DEBUG] [DETECT_VERSION] Starting OData version detection
2026-01-20 16:42:37.693 [DEBUG] [DETECT_VERSION] Found 'value' array, detecting as V4
2026-01-20 16:42:37.693 [DEBUG] [ODATA_CONTENT] Detected OData version from response: V4
2026-01-20 16:42:37.693 [DEBUG] [ODATA_CONTENT] Metadata suggested version: V4
2026-01-20 16:42:37.693 [DEBUG] [DETECT_VERSION] Starting OData version detection
2026-01-20 16:42:37.693 [DEBUG] [DETECT_VERSION] Found 'value' array, detecting as V4
2026-01-20 16:42:37.693 [DEBUG] [ODATA_RESPONSE] Successfully parsed content
2026-01-20 16:42:37.693 [DEBUG] [ODATA_CLIENT] Raw metadata context URL: http://localhost:4444/odata/ADMIN/app
2026-01-20 16:42:37.693 [INFO] [ODATA_CLIENT] Updated metadata context URL from response: http://localhost:4444/odata/ADMIN/app
2026-01-20 16:42:37.693 [DEBUG] [ODATA_RESPONSE] Returning cached parsed content
2026-01-20 16:42:37.693 [INFO] [ODATA_READ_BIND] Service reported total row count: 3
2026-01-20 16:42:37.693 [INFO] [ODATA_READ_BIND] GetResultNames called - service_root_mode: false
2026-01-20 16:42:37.693 [INFO] [ODATA_READ_BIND] GetResultTypes called - service_root_mode: false
2026-01-20 16:42:37.693 [DEBUG] [ODATA_READ_BIND] Final combined types size: 12
2026-01-20 16:42:37.693 [DEBUG] [ODATA_RESPONSE] Returning cached parsed content
2026-01-20 16:42:37.693 [DEBUG] [ODATA_TO_ROWS] Starting ToRows with 12 columns
2026-01-20 16:42:37.693 [DEBUG] [GET_VALUE_ARRAY] OData version: V4
2026-01-20 16:42:37.693 [DEBUG] [GET_VALUE_ARRAY] Processing OData v4 structure
2026-01-20 16:42:37.693 [DEBUG] [GET_VALUE_ARRAY] Successfully found v4 value array with 3 items
2026-01-20 16:42:37.693 [DEBUG] [ODATA_TO_ROWS] Found 3 rows in JSON response
2026-01-20 16:42:37.693 [DEBUG] [ODATA_CONTENT] Deserializing JSON value: expected type=INTEGER, actual JSON type=uint
2026-01-20 16:42:37.693 [DEBUG] [ODATA_CONTENT] Deserializing JSON value: expected type=VARCHAR, actual JSON type=string
2026-01-20 16:42:37.693 [DEBUG] [ODATA_CONTENT] Deserializing JSON value: expected type=VARCHAR, actual JSON type=string
2026-01-20 16:42:37.693 [DEBUG] [ODATA_CONTENT] Deserializing JSON value: expected type=VARCHAR, actual JSON type=string
2026-01-20 16:42:37.693 [DEBUG] [ODATA_CONTENT] Deserializing JSON value: expected type=VARCHAR, actual JSON type=null
2026-01-20 16:42:37.693 [DEBUG] [ODATA_CONTENT] Deserializing JSON value: expected type=VARCHAR, actual JSON type=string
2026-01-20 16:42:37.693 [DEBUG] [ODATA_CONTENT] Deserializing JSON value: expected type=VARCHAR, actual JSON type=null
2026-01-20 16:42:37.693 [DEBUG] [ODATA_CONTENT] Deserializing JSON value: expected type=VARCHAR, actual JSON type=string
2026-01-20 16:42:37.693 [DEBUG] [ODATA_CONTENT] Deserializing JSON value: expected type=INTEGER, actual JSON type=uint
2026-01-20 16:42:37.693 [DEBUG] [ODATA_CONTENT] Deserializing JSON value: expected type=TIMESTAMP, actual JSON type=string
2026-01-20 16:42:37.693 [DEBUG] [ODATA_CONTENT] Deserializing JSON value: expected type=TIMESTAMP, actual JSON type=string
2026-01-20 16:42:37.693 [DEBUG] [ODATA_CONTENT] Deserializing JSON value: expected type=BOOLEAN, actual JSON type=false
2026-01-20 16:42:37.693 [DEBUG] [ODATA_CONTENT] Deserializing JSON value: expected type=INTEGER, actual JSON type=uint
2026-01-20 16:42:37.693 [DEBUG] [ODATA_CONTENT] Deserializing JSON value: expected type=VARCHAR, actual JSON type=string
2026-01-20 16:42:37.693 [DEBUG] [ODATA_CONTENT] Deserializing JSON value: expected type=VARCHAR, actual JSON type=string
2026-01-20 16:42:37.693 [DEBUG] [ODATA_CONTENT] Deserializing JSON value: expected type=VARCHAR, actual JSON type=string
2026-01-20 16:42:37.693 [DEBUG] [ODATA_CONTENT] Deserializing JSON value: expected type=VARCHAR, actual JSON type=null
2026-01-20 16:42:37.694 [DEBUG] [ODATA_CONTENT] Deserializing JSON value: expected type=VARCHAR, actual JSON type=string
2026-01-20 16:42:37.694 [DEBUG] [ODATA_CONTENT] Deserializing JSON value: expected type=VARCHAR, actual JSON type=null
2026-01-20 16:42:37.694 [DEBUG] [ODATA_CONTENT] Deserializing JSON value: expected type=VARCHAR, actual JSON type=null
2026-01-20 16:42:37.694 [DEBUG] [ODATA_CONTENT] Deserializing JSON value: expected type=INTEGER, actual JSON type=uint
2026-01-20 16:42:37.694 [DEBUG] [ODATA_CONTENT] Deserializing JSON value: expected type=TIMESTAMP, actual JSON type=string
2026-01-20 16:42:37.694 [DEBUG] [ODATA_CONTENT] Deserializing JSON value: expected type=TIMESTAMP, actual JSON type=string
2026-01-20 16:42:37.694 [DEBUG] [ODATA_CONTENT] Deserializing JSON value: expected type=BOOLEAN, actual JSON type=false
2026-01-20 16:42:37.694 [DEBUG] [ODATA_CONTENT] Deserializing JSON value: expected type=INTEGER, actual JSON type=uint
2026-01-20 16:42:37.694 [DEBUG] [ODATA_CONTENT] Deserializing JSON value: expected type=VARCHAR, actual JSON type=string
2026-01-20 16:42:37.694 [DEBUG] [ODATA_CONTENT] Deserializing JSON value: expected type=VARCHAR, actual JSON type=string
2026-01-20 16:42:37.694 [DEBUG] [ODATA_CONTENT] Deserializing JSON value: expected type=VARCHAR, actual JSON type=string
2026-01-20 16:42:37.694 [DEBUG] [ODATA_CONTENT] Deserializing JSON value: expected type=VARCHAR, actual JSON type=null
2026-01-20 16:42:37.694 [DEBUG] [ODATA_CONTENT] Deserializing JSON value: expected type=VARCHAR, actual JSON type=string
2026-01-20 16:42:37.694 [DEBUG] [ODATA_CONTENT] Deserializing JSON value: expected type=VARCHAR, actual JSON type=null
2026-01-20 16:42:37.694 [DEBUG] [ODATA_CONTENT] Deserializing JSON value: expected type=VARCHAR, actual JSON type=null
2026-01-20 16:42:37.694 [DEBUG] [ODATA_CONTENT] Deserializing JSON value: expected type=INTEGER, actual JSON type=uint
2026-01-20 16:42:37.694 [DEBUG] [ODATA_CONTENT] Deserializing JSON value: expected type=TIMESTAMP, actual JSON type=string
2026-01-20 16:42:37.694 [DEBUG] [ODATA_CONTENT] Deserializing JSON value: expected type=TIMESTAMP, actual JSON type=string
2026-01-20 16:42:37.694 [DEBUG] [ODATA_CONTENT] Deserializing JSON value: expected type=BOOLEAN, actual JSON type=false
2026-01-20 16:42:37.694 [DEBUG] [ODATA_TO_ROWS] Total rows processed: 3
2026-01-20 16:42:37.694 [DEBUG] [ODATA_RESPONSE] Returning cached parsed content
2026-01-20 16:42:37.694 [DEBUG] [ODATA_READ_BIND] PrefetchFirstPage: buffered 3 rows, has_next_page=false
2026-01-20 16:42:37.694 [DEBUG] [ODATA_SCAN] Starting OData scan operation
2026-01-20 16:42:37.694 [DEBUG] [ODATA_SCAN] Fetching next result set
2026-01-20 16:42:37.694 [INFO] [ODATA_READ_BIND] GetResultNames called - service_root_mode: false
2026-01-20 16:42:37.694 [INFO] [ODATA_READ_BIND] GetResultTypes called - service_root_mode: false
2026-01-20 16:42:37.694 [DEBUG] [ODATA_READ_BIND] Final combined types size: 12
2026-01-20 16:42:37.694 [INFO] [ODATA_SCAN] Progress: 100.00% (3/3)
2026-01-20 16:42:37.694 [INFO] [ODATA_SCAN] Fetched 3 rows
2026-01-20 16:42:37.694 [DEBUG] [ODATA_SCAN] Starting OData scan operation
2026-01-20 16:42:37.694 [DEBUG] [ODATA_SCAN] No more results available
2026-01-20 16:43:12.168 [DEBUG] [HTTP_AUTH] No auth parameter provided, using registered secrets
2026-01-20 16:43:12.168 [DEBUG] [HTTP_AUTH] Found http_bearer secret for URL: http://localhost:4444/odata/ADMIN/app
2026-01-20 16:43:12.168 [DEBUG] [HTTP_REQUEST] Creating HTTP GET request
2026-01-20 16:43:12.168 [INFO] [HTTP_REQUEST] Request URL: http://localhost:4444/odata/ADMIN/app
2026-01-20 16:43:12.168 [DEBUG] [HTTP_HEADERS] No headers parameter provided
2026-01-20 16:43:12.168 [DEBUG] [HTTP_REQUEST] Request created with 0 bytes of content
2026-01-20 16:43:12.168 [DEBUG] [HTTP_HEADERS] Processing headers from type: MAP(VARCHAR, VARCHAR)
2026-01-20 16:43:12.168 [DEBUG] [HTTP_HEADERS] Processing 1 map entries
2026-01-20 16:43:12.168 [DEBUG] [HTTP_HEADERS] Added header: Accept = application/json
2026-01-20 16:43:12.168 [INFO] [HTTP_HEADERS] Final headers count: 1
2026-01-20 16:43:12.169 [DEBUG] [HTTP_AUTH] No auth parameter provided, using registered secrets
2026-01-20 16:43:12.169 [DEBUG] [HTTP_AUTH] Found http_bearer secret for URL: http://localhost:4444/odata/ADMIN/app
2026-01-20 16:43:12.169 [DEBUG] [HTTP_REQUEST] Creating HTTP GET request
2026-01-20 16:43:12.169 [INFO] [HTTP_REQUEST] Request URL: http://localhost:4444/odata/ADMIN/app
2026-01-20 16:43:12.169 [DEBUG] [HTTP_HEADERS] No headers parameter provided
2026-01-20 16:43:12.169 [DEBUG] [HTTP_REQUEST] Request created with 0 bytes of content
2026-01-20 16:43:12.169 [DEBUG] [HTTP_HEADERS] Processing headers from type: MAP(VARCHAR, VARCHAR)
2026-01-20 16:43:12.169 [DEBUG] [HTTP_HEADERS] Processing 1 map entries
2026-01-20 16:43:12.169 [DEBUG] [HTTP_HEADERS] Added header: Accept = application/json
2026-01-20 16:43:12.169 [INFO] [HTTP_HEADERS] Final headers count: 1
2026-01-20 16:43:12.169 [DEBUG] [HTTP_SCAN] Starting HTTP scan operation
2026-01-20 16:43:12.169 [INFO] [HTTP_REQUEST_REPRO] Reproduce with: SELECT * FROM http_get('http://localhost:4444/odata/ADMIN/app', headers := MAP{'Accept': 'application/json', 'Authorization': 'Bearer eyJhbGciOiJIUzI1NiJ9.eyJpc3MiOiJodHRwOi8vbG9jYWxob3N0OjQ0NDQiLCJzdWIiOiJ7XCJhY3RpdmVcIjp0cnVlLFwiZXhjbHVkZWRcIjpmYWxzZSxcImZpcnN0X25hbWVcIjpcIlN1cGVyXCIsXCJsYW5nX2lkXCI6MSxcImxhc3RfbmFtZVwiOlwiQWRtaW5cIixcInJvbGVfaWRcIjoxLFwidXNlcl9pZFwiOjEsXCJ1c2VybmFtZVwiOlwicm9vdFwifSIsImF1ZCI6WyJodHRwOi8vbG9jYWxob3N0OjQ0NDQiXSwiZXhwIjoxNzc0MDg0NzU1LjgzMzE4OTcsIm5iZiI6MTc2ODkwMDc1NS44MzMxOTA3LCJpYXQiOjE3Njg5MDA3NTUuODMzMTkwMn0.nKV-u4pSDHrsDNaaPkCnfXSs8jOtofXSggQ-MS5CtQA'}, url_encode := true);
2026-01-20 16:43:12.170 [INFO] [HTTP_REQUEST] Executing GET request to: /odata/ADMIN/app
2026-01-20 16:43:12.170 [DEBUG] [HTTP_REQUEST] Request headers:
2026-01-20 16:43:12.170 [DEBUG] [HTTP_REQUEST]   Accept: application/json
2026-01-20 16:43:12.170 [DEBUG] [HTTP_REQUEST]   Authorization: Bearer eyJhbGciOiJIUzI1NiJ9.eyJpc3MiOiJodHRwOi8vbG9jYWxob3N0OjQ0NDQiLCJzdWIiOiJ7XCJhY3RpdmVcIjp0cnVlLFwiZXhjbHVkZWRcIjpmYWxzZSxcImZpcnN0X25hbWVcIjpcIlN1cGVyXCIsXCJsYW5nX2lkXCI6MSxcImxhc3RfbmFtZVwiOlwiQWRtaW5cIixcInJvbGVfaWRcIjoxLFwidXNlcl9pZFwiOjEsXCJ1c2VybmFtZVwiOlwicm9vdFwifSIsImF1ZCI6WyJodHRwOi8vbG9jYWxob3N0OjQ0NDQiXSwiZXhwIjoxNzc0MDg0NzU1LjgzMzE4OTcsIm5iZiI6MTc2ODkwMDc1NS44MzMxOTA3LCJpYXQiOjE3Njg5MDA3NTUuODMzMTkwMn0.nKV-u4pSDHrsDNaaPkCnfXSs8jOtofXSggQ-MS5CtQA
2026-01-20 16:43:12.182 [INFO] [HTTP_RESPONSE] Response status: 200
2026-01-20 16:43:12.182 [DEBUG] [HTTP_RESPONSE] Response headers:
2026-01-20 16:43:12.182 [DEBUG] [HTTP_RESPONSE]   Access-Control-Allow-Headers: Content-Type, Authorization, enctype
2026-01-20 16:43:12.182 [DEBUG] [HTTP_RESPONSE]   Access-Control-Allow-Methods: GET, POST, PUT, DELETE, OPTIONS
2026-01-20 16:43:12.182 [DEBUG] [HTTP_RESPONSE]   Access-Control-Allow-Origin: *
2026-01-20 16:43:12.182 [DEBUG] [HTTP_RESPONSE]   Content-Length: 868
2026-01-20 16:43:12.182 [DEBUG] [HTTP_RESPONSE]   Content-Type: application/json; charset=utf-8
2026-01-20 16:43:12.182 [DEBUG] [HTTP_RESPONSE]   Date: Tue, 20 Jan 2026 17:43:12 GMT
2026-01-20 16:43:12.182 [DEBUG] [HTTP_RESPONSE]   Odata-Version: 4.0
2026-01-20 16:43:12.182 [DEBUG] [HTTP_RESPONSE]   Vary: Authorization
2026-01-20 16:43:12.182 [DEBUG] [HTTP_RESPONSE] Response body (868 bytes)
2026-01-20 16:43:12.182 [DEBUG] [HTTP_RESPONSE] Response body: {"@odata.context":"http://localhost:4444/odata/ADMIN/app","@odata.count":3,"value":[{"app":"ADMIN","app_desc":"Admin","app_id":1,"attach_logo":null,"config":"{}","created_at":"2025-11-05T18:55:00.130747Z","db":"ADMIN","email":null,"excluded":false,"updated_at":"2025-11-05T18:55:00.130747Z","user_id":1,"username":"root","version":"1.0.0"},{"app":"ETLX","app_desc":"ETLX UI in CS","app_id":2,"attach_logo":null,"config":null,"created_at":"2025-11-05T19:01:54.055156Z","db":"ETLX","email":null,"excluded":false,"updated_at":"2025-11-05T19:01:54.055156Z","user_id":1,"username":"root","version":"1.0.0"},{"app":"SAAS","app_desc":"CS SASS Backend","app_id":3,"attach_logo":null,"config":null,"created_at":"2026-01-10T18:53:52.783348Z","db":"SAAS","email":null,"excluded":false,"updated_at":"2026-01-10T18:53:52.783348Z","user_id":1,"username":"root","version":"1.0.0"}]}

2026-01-20 16:43:12.182 [DEBUG] [CHARSET_CONVERTER] Detected UTF-8 charset, using UTF-8 converter
2026-01-20 16:43:12.182 [DEBUG] [CHARSET_CONVERTER] Creating charset converter for content type: application/json; charset=utf-8
2026-01-20 16:43:12.182 [DEBUG] [CHARSET_CONVERTER] Charset converter initialized with charset: utf-8
2026-01-20 16:43:12.182 [DEBUG] [CHARSET_CONVERTER] Converting 868 bytes using charset: utf-8
2026-01-20 16:43:12.182 [DEBUG] [CHARSET_CONVERTER] Converting from bytes using charset: utf-8
2026-01-20 16:43:12.182 [DEBUG] [CHARSET_CONVERTER] Using default UTF-8 conversion
2026-01-20 16:43:12.182 [DEBUG] [CHARSET_CONVERTER] Using UTF-8 converter for output
2026-01-20 16:43:12.183 [INFO] [HTTP_SCAN] Successfully fetched 1 rows
2026-01-20 16:43:12.183 [DEBUG] [HTTP_SCAN] Starting HTTP scan operation
2026-01-20 16:43:12.183 [DEBUG] [HTTP_SCAN] No more results available
2026-01-20 16:43:27.659 [DEBUG] [HTTP_AUTH] Found http_bearer secret for URL: http://localhost:4444/odata/ADMIN
2026-01-20 16:43:36.485 [INFO] [ODATA_CLIENT] ODataServiceClient::GetMetadata() called - handling V2/V4 compatibility
2026-01-20 16:43:36.485 [DEBUG] [ODATA_CLIENT] DoHttpGet: calling AddInputParametersToUrl
2026-01-20 16:43:36.485 [DEBUG] [ODATA_CLIENT] DoHttpGet: URL after input parameters: http://localhost:4444/odata/ADMIN
2026-01-20 16:43:36.486 [INFO] [HTTP_REQUEST_REPRO] Reproduce with: SELECT * FROM http_get('http://localhost:4444/odata/ADMIN', headers := MAP{'Accept': 'application/json;odata.metadata=minimal', 'Authorization': 'Bearer eyJhbGciOiJIUzI1NiJ9.eyJpc3MiOiJodHRwOi8vbG9jYWxob3N0OjQ0NDQiLCJzdWIiOiJ7XCJhY3RpdmVcIjp0cnVlLFwiZXhjbHVkZWRcIjpmYWxzZSxcImZpcnN0X25hbWVcIjpcIlN1cGVyXCIsXCJsYW5nX2lkXCI6MSxcImxhc3RfbmFtZVwiOlwiQWRtaW5cIixcInJvbGVfaWRcIjoxLFwidXNlcl9pZFwiOjEsXCJ1c2VybmFtZVwiOlwicm9vdFwifSIsImF1ZCI6WyJodHRwOi8vbG9jYWxob3N0OjQ0NDQiXSwiZXhwIjoxNzc0MDg0NzU1LjgzMzE4OTcsIm5iZiI6MTc2ODkwMDc1NS44MzMxOTA3LCJpYXQiOjE3Njg5MDA3NTUuODMzMTkwMn0.nKV-u4pSDHrsDNaaPkCnfXSs8jOtofXSggQ-MS5CtQA', 'OData-MaxVersion': '4.0', 'OData-Version': '4.0'}, url_encode := true);
2026-01-20 16:43:36.486 [INFO] [HTTP_REQUEST] Executing GET request to: /odata/ADMIN
2026-01-20 16:43:36.486 [DEBUG] [HTTP_REQUEST] Request headers:
2026-01-20 16:43:36.486 [DEBUG] [HTTP_REQUEST]   Accept: application/json;odata.metadata=minimal
2026-01-20 16:43:36.486 [DEBUG] [HTTP_REQUEST]   Authorization: Bearer eyJhbGciOiJIUzI1NiJ9.eyJpc3MiOiJodHRwOi8vbG9jYWxob3N0OjQ0NDQiLCJzdWIiOiJ7XCJhY3RpdmVcIjp0cnVlLFwiZXhjbHVkZWRcIjpmYWxzZSxcImZpcnN0X25hbWVcIjpcIlN1cGVyXCIsXCJsYW5nX2lkXCI6MSxcImxhc3RfbmFtZVwiOlwiQWRtaW5cIixcInJvbGVfaWRcIjoxLFwidXNlcl9pZFwiOjEsXCJ1c2VybmFtZVwiOlwicm9vdFwifSIsImF1ZCI6WyJodHRwOi8vbG9jYWxob3N0OjQ0NDQiXSwiZXhwIjoxNzc0MDg0NzU1LjgzMzE4OTcsIm5iZiI6MTc2ODkwMDc1NS44MzMxOTA3LCJpYXQiOjE3Njg5MDA3NTUuODMzMTkwMn0.nKV-u4pSDHrsDNaaPkCnfXSs8jOtofXSggQ-MS5CtQA
2026-01-20 16:43:36.486 [DEBUG] [HTTP_REQUEST]   OData-MaxVersion: 4.0
2026-01-20 16:43:36.486 [DEBUG] [HTTP_REQUEST]   OData-Version: 4.0
2026-01-20 16:43:36.487 [INFO] [HTTP_RESPONSE] Response status: 200
2026-01-20 16:43:36.487 [DEBUG] [HTTP_RESPONSE] Response headers:
2026-01-20 16:43:36.487 [DEBUG] [HTTP_RESPONSE]   Accept-Ranges: bytes
2026-01-20 16:43:36.487 [DEBUG] [HTTP_RESPONSE]   Access-Control-Allow-Headers: Content-Type, Authorization, enctype
2026-01-20 16:43:36.487 [DEBUG] [HTTP_RESPONSE]   Access-Control-Allow-Methods: GET, POST, PUT, DELETE, OPTIONS
2026-01-20 16:43:36.487 [DEBUG] [HTTP_RESPONSE]   Access-Control-Allow-Origin: *
2026-01-20 16:43:36.487 [DEBUG] [HTTP_RESPONSE]   Content-Length: 606
2026-01-20 16:43:36.487 [DEBUG] [HTTP_RESPONSE]   Content-Type: text/html; charset=utf-8
2026-01-20 16:43:36.487 [DEBUG] [HTTP_RESPONSE]   Date: Tue, 20 Jan 2026 17:43:36 GMT
2026-01-20 16:43:36.487 [DEBUG] [HTTP_RESPONSE]   Last-Modified: Sun, 18 Jan 2026 17:31:57 GMT
2026-01-20 16:43:36.487 [DEBUG] [HTTP_RESPONSE]   Vary: Authorization
2026-01-20 16:43:36.487 [DEBUG] [HTTP_RESPONSE] Response body (606 bytes)
2026-01-20 16:43:36.487 [DEBUG] [HTTP_RESPONSE] Response body: <!DOCTYPE html>
<html lang="en" data-theme="light">
  <head>
    <base href="./static/" />
    <meta charset="UTF-8" />
    <link rel="icon" href="./img/icon.png" />
    <meta name="viewport" content="width=device-width, initial-scale=1.0" />
    <title>CS</title>
    <script type="module" crossorigin src="./assets/index-Bt-2cytc.js"></script>
    <link rel="stylesheet" crossorigin href="./assets/index-DGjk5ksV.css">
  <link rel="manifest" href="./manifest.webmanifest"><script id="vite-plugin-pwa:register-sw" src="./registerSW.js"></script></head>
  <body>
    <div id="app"></div>
  </body>
</html>

2026-01-20 16:43:36.487 [DEBUG] [ODATA_RESPONSE] Created OData service response
2026-01-20 16:43:36.487 [DEBUG] [ODATA_RESPONSE] Response content type: text/html; charset=utf-8
2026-01-20 16:43:36.487 [DEBUG] [ODATA_RESPONSE] OData version: V4
2026-01-20 16:43:36.487 [DEBUG] [ODATA_RESPONSE] Parsing HTTP response content
2026-01-20 16:43:36.487 [DEBUG] [ODATA_RESPONSE] Content type: text/html; charset=utf-8
2026-01-20 16:43:36.487 [DEBUG] [CHARSET_CONVERTER] Detected UTF-8 charset, using UTF-8 converter
2026-01-20 16:43:36.487 [DEBUG] [CHARSET_CONVERTER] Creating charset converter for content type: text/html; charset=utf-8
2026-01-20 16:43:36.487 [DEBUG] [CHARSET_CONVERTER] Charset converter initialized with charset: utf-8
2026-01-20 16:43:36.487 [DEBUG] [CHARSET_CONVERTER] Converting 606 bytes using charset: utf-8
2026-01-20 16:43:36.487 [DEBUG] [CHARSET_CONVERTER] Converting from bytes using charset: utf-8
2026-01-20 16:43:36.487 [DEBUG] [CHARSET_CONVERTER] Using default UTF-8 conversion
2026-01-20 16:43:36.487 [DEBUG] [CHARSET_CONVERTER] Using UTF-8 converter for output
2026-01-20 16:43:36.487 [DEBUG] [ODATA_RESPONSE] Content size: 606 bytes
2026-01-20 16:43:36.487 [DEBUG] [CHARSET_CONVERTER] Detected UTF-8 charset, using UTF-8 converter
2026-01-20 16:43:36.487 [DEBUG] [CHARSET_CONVERTER] Creating charset converter for content type: text/html; charset=utf-8
2026-01-20 16:43:36.487 [DEBUG] [CHARSET_CONVERTER] Charset converter initialized with charset: utf-8
2026-01-20 16:43:36.487 [DEBUG] [CHARSET_CONVERTER] Converting 606 bytes using charset: utf-8
2026-01-20 16:43:36.487 [DEBUG] [CHARSET_CONVERTER] Converting from bytes using charset: utf-8
2026-01-20 16:43:36.487 [DEBUG] [CHARSET_CONVERTER] Using default UTF-8 conversion
2026-01-20 16:43:36.487 [DEBUG] [CHARSET_CONVERTER] Using UTF-8 converter for output
2026-01-20 16:43:36.487 [WARN] [ODATA_CLIENT] Service root request failed: Unsupported OData content type: text/html; charset=utf-8, falling back to direct $metadata URL
2026-01-20 16:43:36.505 [DEBUG] [ODATA_READ_BIND] Standard OData v4 URL detected, using conventional metadata approach
2026-01-20 16:43:36.506 [DEBUG] [ODATA_READ_BIND] Standard OData v4 URL detected, using conventional metadata approach
2026-01-20 16:43:36.506 [DEBUG] [ODATA_READ_BIND] Activating columns: 0, 1, 5, 11, 
2026-01-20 16:43:36.507 [DEBUG] [ODATA_READ_BIND] Mapping activated index 0 to original index 0
2026-01-20 16:43:36.507 [DEBUG] [ODATA_READ_BIND] Mapping activated index 1 to original index 1
2026-01-20 16:43:36.507 [DEBUG] [ODATA_READ_BIND] Mapping activated index 2 to original index 5
2026-01-20 16:43:36.507 [DEBUG] [ODATA_READ_BIND] Mapping activated index 3 to original index 11
2026-01-20 16:43:36.507 [DEBUG] [ODATA_READ_BIND] ActivateColumns: service_root_mode_ = false
2026-01-20 16:43:36.507 [DEBUG] [ODATA_READ_BIND] Creating new predicate pushdown helper
2026-01-20 16:43:36.507 [INFO] [ODATA_CLIENT] Resolved metadata URL: http://localhost:4444/odata/ADMIN/$metadata
2026-01-20 16:43:36.507 [DEBUG] [ODATA_CLIENT] GetCurrentEntitySetType called
2026-01-20 16:43:36.507 [DEBUG] [ODATA_CLIENT] Current URL path: /odata/ADMIN/app
2026-01-20 16:43:36.507 [DEBUG] [ODATA_CLIENT] Input parameters count: 0
2026-01-20 16:43:36.507 [DEBUG] [ODATA_CLIENT] Current entity name from fragment: empty
2026-01-20 16:43:36.507 [DEBUG] [ODATA_CLIENT] No entity name from @odata.context; deferring to metadata lookup
2026-01-20 16:43:36.507 [DEBUG] [ODATA_CLIENT] Final entity set name: 
2026-01-20 16:43:36.507 [DEBUG] [ODATA_CLIENT] Using stored metadata context URL: http://localhost:4444/odata/ADMIN/$metadata
2026-01-20 16:43:36.507 [DEBUG] [ODATA_CLIENT] Derived entity set candidate from URL: app
2026-01-20 16:43:36.507 [DEBUG] [ODATA_CLIENT] Resolved entity set from URL path: app
2026-01-20 16:43:36.507 [DEBUG] [ODATA_CLIENT] Using stored metadata context URL: http://localhost:4444/odata/ADMIN/$metadata
2026-01-20 16:43:36.507 [DEBUG] [ODATA_CLIENT] GetCurrentEntitySetType called
2026-01-20 16:43:36.507 [DEBUG] [ODATA_CLIENT] Current URL path: /odata/ADMIN/app
2026-01-20 16:43:36.507 [DEBUG] [ODATA_CLIENT] Input parameters count: 0
2026-01-20 16:43:36.507 [DEBUG] [ODATA_CLIENT] Current entity name from fragment: empty
2026-01-20 16:43:36.507 [DEBUG] [ODATA_CLIENT] No entity name from @odata.context; deferring to metadata lookup
2026-01-20 16:43:36.507 [DEBUG] [ODATA_CLIENT] Final entity set name: 
2026-01-20 16:43:36.507 [DEBUG] [ODATA_CLIENT] Using stored metadata context URL: http://localhost:4444/odata/ADMIN/$metadata
2026-01-20 16:43:36.507 [DEBUG] [ODATA_CLIENT] Derived entity set candidate from URL: app
2026-01-20 16:43:36.507 [DEBUG] [ODATA_CLIENT] Resolved entity set from URL path: app
2026-01-20 16:43:36.508 [DEBUG] [ODATA_CLIENT] Using stored metadata context URL: http://localhost:4444/odata/ADMIN/$metadata
2026-01-20 16:43:36.508 [DEBUG] [ODATA_CLIENT] Using stored metadata context URL: http://localhost:4444/odata/ADMIN/$metadata
2026-01-20 16:43:36.508 [DEBUG] [ODATA_CLIENT] GetCurrentEntitySetType called
2026-01-20 16:43:36.508 [DEBUG] [ODATA_CLIENT] Current URL path: /odata/ADMIN/app
2026-01-20 16:43:36.508 [DEBUG] [ODATA_CLIENT] Input parameters count: 0
2026-01-20 16:43:36.508 [DEBUG] [ODATA_CLIENT] Current entity name from fragment: empty
2026-01-20 16:43:36.508 [DEBUG] [ODATA_CLIENT] No entity name from @odata.context; deferring to metadata lookup
2026-01-20 16:43:36.508 [DEBUG] [ODATA_CLIENT] Final entity set name: 
2026-01-20 16:43:36.508 [DEBUG] [ODATA_CLIENT] Using stored metadata context URL: http://localhost:4444/odata/ADMIN/$metadata
2026-01-20 16:43:36.508 [DEBUG] [ODATA_CLIENT] Derived entity set candidate from URL: app
2026-01-20 16:43:36.508 [DEBUG] [ODATA_CLIENT] Resolved entity set from URL path: app
2026-01-20 16:43:36.508 [DEBUG] [ODATA_CLIENT] Using stored metadata context URL: http://localhost:4444/odata/ADMIN/$metadata
2026-01-20 16:43:36.508 [DEBUG] [ODATA_CLIENT] Using stored metadata context URL: http://localhost:4444/odata/ADMIN/$metadata
2026-01-20 16:43:36.509 [DEBUG] [ODATA_READ_BIND] Using OData client column names for predicate pushdown: 12 columns
2026-01-20 16:43:36.509 [DEBUG] [PREDICATE_PUSHDOWN] Created predicate pushdown helper with 12 columns
2026-01-20 16:43:36.509 [DEBUG] [PREDICATE_PUSHDOWN] Column 0: app_id
2026-01-20 16:43:36.509 [DEBUG] [PREDICATE_PUSHDOWN] Column 1: app
2026-01-20 16:43:36.509 [DEBUG] [PREDICATE_PUSHDOWN] Column 2: app_desc
2026-01-20 16:43:36.509 [DEBUG] [PREDICATE_PUSHDOWN] Column 3: version
2026-01-20 16:43:36.509 [DEBUG] [PREDICATE_PUSHDOWN] Column 4: email
2026-01-20 16:43:36.509 [DEBUG] [PREDICATE_PUSHDOWN] Column 5: db
2026-01-20 16:43:36.509 [DEBUG] [PREDICATE_PUSHDOWN] Column 6: attach_logo
2026-01-20 16:43:36.509 [DEBUG] [PREDICATE_PUSHDOWN] Column 7: config
2026-01-20 16:43:36.509 [DEBUG] [PREDICATE_PUSHDOWN] Column 8: user_id
2026-01-20 16:43:36.509 [DEBUG] [PREDICATE_PUSHDOWN] Column 9: created_at
2026-01-20 16:43:36.509 [DEBUG] [PREDICATE_PUSHDOWN] Column 10: updated_at
2026-01-20 16:43:36.509 [DEBUG] [PREDICATE_PUSHDOWN] Column 11: excluded
2026-01-20 16:43:36.509 [DEBUG] [PREDICATE_PUSHDOWN] Set OData version to: V4
2026-01-20 16:43:36.509 [DEBUG] [ODATA_READ_BIND] Set OData version V4 on predicate pushdown helper
2026-01-20 16:43:36.509 [DEBUG] [PREDICATE_PUSHDOWN] Column name resolver set
2026-01-20 16:43:36.509 [DEBUG] [PREDICATE_PUSHDOWN] Consuming column selection: 4 columns
2026-01-20 16:43:36.509 [DEBUG] [PREDICATE_PUSHDOWN] Building select clause for 4 columns
2026-01-20 16:43:36.509 [DEBUG] [PREDICATE_PUSHDOWN] Non-rowid columns: 4 out of 12
2026-01-20 16:43:36.509 [DEBUG] [ODATA_CLIENT] Using stored metadata context URL: http://localhost:4444/odata/ADMIN/$metadata
2026-01-20 16:43:36.509 [DEBUG] [ODATA_CLIENT] GetCurrentEntitySetType called
2026-01-20 16:43:36.509 [DEBUG] [ODATA_CLIENT] Current URL path: /odata/ADMIN/app
2026-01-20 16:43:36.509 [DEBUG] [ODATA_CLIENT] Input parameters count: 0
2026-01-20 16:43:36.509 [DEBUG] [ODATA_CLIENT] Current entity name from fragment: empty
2026-01-20 16:43:36.509 [DEBUG] [ODATA_CLIENT] No entity name from @odata.context; deferring to metadata lookup
2026-01-20 16:43:36.509 [DEBUG] [ODATA_CLIENT] Final entity set name: 
2026-01-20 16:43:36.509 [DEBUG] [ODATA_CLIENT] Using stored metadata context URL: http://localhost:4444/odata/ADMIN/$metadata
2026-01-20 16:43:36.509 [DEBUG] [ODATA_CLIENT] Derived entity set candidate from URL: app
2026-01-20 16:43:36.509 [DEBUG] [ODATA_CLIENT] Resolved entity set from URL path: app
2026-01-20 16:43:36.509 [DEBUG] [ODATA_CLIENT] Using stored metadata context URL: http://localhost:4444/odata/ADMIN/$metadata
2026-01-20 16:43:36.509 [DEBUG] [ODATA_CLIENT] GetCurrentEntitySetType called
2026-01-20 16:43:36.509 [DEBUG] [ODATA_CLIENT] Current URL path: /odata/ADMIN/app
2026-01-20 16:43:36.509 [DEBUG] [ODATA_CLIENT] Input parameters count: 0
2026-01-20 16:43:36.509 [DEBUG] [ODATA_CLIENT] Current entity name from fragment: empty
2026-01-20 16:43:36.509 [DEBUG] [ODATA_CLIENT] No entity name from @odata.context; deferring to metadata lookup
2026-01-20 16:43:36.509 [DEBUG] [ODATA_CLIENT] Final entity set name: 
2026-01-20 16:43:36.509 [DEBUG] [ODATA_CLIENT] Using stored metadata context URL: http://localhost:4444/odata/ADMIN/$metadata
2026-01-20 16:43:36.510 [DEBUG] [ODATA_CLIENT] Derived entity set candidate from URL: app
2026-01-20 16:43:36.510 [DEBUG] [ODATA_CLIENT] Resolved entity set from URL path: app
2026-01-20 16:43:36.510 [DEBUG] [ODATA_CLIENT] Using stored metadata context URL: http://localhost:4444/odata/ADMIN/$metadata
2026-01-20 16:43:36.510 [DEBUG] [ODATA_CLIENT] Using stored metadata context URL: http://localhost:4444/odata/ADMIN/$metadata
2026-01-20 16:43:36.510 [DEBUG] [ODATA_CLIENT] GetCurrentEntitySetType called
2026-01-20 16:43:36.510 [DEBUG] [ODATA_CLIENT] Current URL path: /odata/ADMIN/app
2026-01-20 16:43:36.510 [DEBUG] [ODATA_CLIENT] Input parameters count: 0
2026-01-20 16:43:36.510 [DEBUG] [ODATA_CLIENT] Current entity name from fragment: empty
2026-01-20 16:43:36.510 [DEBUG] [ODATA_CLIENT] No entity name from @odata.context; deferring to metadata lookup
2026-01-20 16:43:36.510 [DEBUG] [ODATA_CLIENT] Final entity set name: 
2026-01-20 16:43:36.510 [DEBUG] [ODATA_CLIENT] Using stored metadata context URL: http://localhost:4444/odata/ADMIN/$metadata
2026-01-20 16:43:36.510 [DEBUG] [ODATA_CLIENT] Derived entity set candidate from URL: app
2026-01-20 16:43:36.510 [DEBUG] [ODATA_CLIENT] Resolved entity set from URL path: app
2026-01-20 16:43:36.510 [DEBUG] [ODATA_CLIENT] Using stored metadata context URL: http://localhost:4444/odata/ADMIN/$metadata
2026-01-20 16:43:36.510 [DEBUG] [ODATA_CLIENT] Using stored metadata context URL: http://localhost:4444/odata/ADMIN/$metadata
2026-01-20 16:43:36.511 [DEBUG] [PREDICATE_PUSHDOWN] Added field to select: app_id
2026-01-20 16:43:36.511 [DEBUG] [PREDICATE_PUSHDOWN] Added field to select: app
2026-01-20 16:43:36.511 [DEBUG] [PREDICATE_PUSHDOWN] Added field to select: db
2026-01-20 16:43:36.511 [DEBUG] [PREDICATE_PUSHDOWN] Added field to select: excluded
2026-01-20 16:43:36.511 [DEBUG] [PREDICATE_PUSHDOWN] Built select clause: $select=app_id,app,db,excluded
2026-01-20 16:43:36.511 [DEBUG] [PREDICATE_PUSHDOWN] Built select clause: $select=app_id,app,db,excluded
2026-01-20 16:43:36.511 [DEBUG] [ODATA_READ_BIND] Select clause: $select=app_id,app,db,excluded
2026-01-20 16:43:36.511 [DEBUG] [ODATA_READ_BIND] Adding 1 filters: Column 0: c0=1

2026-01-20 16:43:36.511 [DEBUG] [PREDICATE_PUSHDOWN] Building filter clause
2026-01-20 16:43:36.511 [DEBUG] [PREDICATE_PUSHDOWN] Processing 1 filters
2026-01-20 16:43:36.511 [DEBUG] [PREDICATE_PUSHDOWN] Processing filter for DuckDB column index: 0
2026-01-20 16:43:36.511 [DEBUG] [PREDICATE_PUSHDOWN] Total columns available: 12
2026-01-20 16:43:36.511 [DEBUG] [PREDICATE_PUSHDOWN] Column name resolver mapped index 0 to: app_id
2026-01-20 16:43:36.511 [DEBUG] [PREDICATE_PUSHDOWN] Translating filter for column 'app_id' with filter type: 0
2026-01-20 16:43:36.511 [DEBUG] [PREDICATE_PUSHDOWN] Translating constant comparison for column 'app_id'
2026-01-20 16:43:36.511 [DEBUG] [PREDICATE_PUSHDOWN] Constant value: '1' (type: INTEGER)
2026-01-20 16:43:36.511 [DEBUG] [PREDICATE_PUSHDOWN] Using comparison operator: eq
2026-01-20 16:43:36.511 [DEBUG] [PREDICATE_PUSHDOWN] Added numeric value without quotes: 1
2026-01-20 16:43:36.511 [DEBUG] [PREDICATE_PUSHDOWN] Final constant comparison: 'app_id eq 1'
2026-01-20 16:43:36.511 [DEBUG] [PREDICATE_PUSHDOWN] Translated filter result: 'app_id eq 1'
2026-01-20 16:43:36.511 [DEBUG] [PREDICATE_PUSHDOWN] Valid filter: app_id eq 1
2026-01-20 16:43:36.511 [DEBUG] [PREDICATE_PUSHDOWN] Built filter clause (smart-encoded): $filter=app_id%20eq%201
2026-01-20 16:43:36.511 [DEBUG] [PREDICATE_PUSHDOWN] Built filter clause: $filter=app_id%20eq%201
2026-01-20 16:43:36.511 [DEBUG] [ODATA_READ_BIND] Filter clause: $filter=app_id%20eq%201
2026-01-20 16:43:36.511 [DEBUG] [ODATA_READ_BIND] Updating URL from predicate pushdown
2026-01-20 16:43:36.511 [DEBUG] [ODATA_READ_BIND] Original URL: http://localhost:4444/odata/ADMIN/app?$format=json
2026-01-20 16:43:36.511 [DEBUG] [PREDICATE_PUSHDOWN] Applying filters to URL: http://localhost:4444/odata/ADMIN/app?$format=json
2026-01-20 16:43:36.511 [DEBUG] [PREDICATE_PUSHDOWN] Select clause: '$select=app_id,app,db,excluded'
2026-01-20 16:43:36.511 [DEBUG] [PREDICATE_PUSHDOWN] Filter clause: '$filter=app_id%20eq%201'
2026-01-20 16:43:36.511 [DEBUG] [PREDICATE_PUSHDOWN] Top clause: ''
2026-01-20 16:43:36.511 [DEBUG] [PREDICATE_PUSHDOWN] Skip clause: ''
2026-01-20 16:43:36.511 [DEBUG] [PREDICATE_PUSHDOWN] Expand clause: ''
2026-01-20 16:43:36.511 [DEBUG] [PREDICATE_PUSHDOWN] Set param '$select' = 'app_id,app,db,excluded'
2026-01-20 16:43:36.511 [DEBUG] [PREDICATE_PUSHDOWN] Set param '$filter' = 'app_id%20eq%201'
2026-01-20 16:43:36.511 [DEBUG] [PREDICATE_PUSHDOWN] Final query: '?$filter=app_id%20eq%201&$format=json&$select=app_id,app,db,excluded'
2026-01-20 16:43:36.511 [INFO] [PREDICATE_PUSHDOWN] Updated URL: http://localhost:4444/odata/ADMIN/app?$filter=app_id%20eq%201&$format=json&$select=app_id,app,db,excluded
2026-01-20 16:43:36.511 [DEBUG] [ODATA_READ_BIND] Updated URL: http://localhost:4444/odata/ADMIN/app?$filter=app_id%20eq%201&$format=json&$select=app_id,app,db,excluded
2026-01-20 16:43:36.511 [DEBUG] [ODATA_READ_BIND] PrefetchFirstPage: service_root_mode_ = false
2026-01-20 16:43:36.512 [DEBUG] [ODATA_READ_BIND] PrefetchFirstPage: starting first page fetch
2026-01-20 16:43:36.512 [INFO] [ODATA_CLIENT] Fetching OData request from: http://localhost:4444/odata/ADMIN/app?$filter=app_id%20eq%201&$format=json&$select=app_id,app,db,excluded (get_next: 0)
2026-01-20 16:43:36.512 [INFO] [ODATA_CLIENT] Resolved metadata URL: http://localhost:4444/odata/ADMIN/$metadata
2026-01-20 16:43:36.512 [DEBUG] [ODATA_CLIENT] Using cached metadata, detected version: V4
2026-01-20 16:43:36.512 [DEBUG] [ODATA_CLIENT] Executing HTTP GET request
2026-01-20 16:43:36.512 [DEBUG] [ODATA_CLIENT] DoHttpGet: calling AddInputParametersToUrl
2026-01-20 16:43:36.512 [INFO] [ODATA_CLIENT] AddInputParametersToUrl called with 0 parameters on client at 94051398042416
2026-01-20 16:43:36.512 [INFO] [ODATA_CLIENT] No input parameters to add
2026-01-20 16:43:36.512 [DEBUG] [ODATA_CLIENT] DoHttpGet: URL after input parameters: http://localhost:4444/odata/ADMIN/app?$filter=app_id%20eq%201&$format=json&$select=app_id,app,db,excluded
2026-01-20 16:43:36.512 [INFO] [HTTP_REQUEST_REPRO] Reproduce with: SELECT * FROM http_get('http://localhost:4444/odata/ADMIN/app?$filter=app_id%20eq%201&$format=json&$select=app_id,app,db,excluded', headers := MAP{'Accept': 'application/json;odata.metadata=minimal', 'Authorization': 'Bearer eyJhbGciOiJIUzI1NiJ9.eyJpc3MiOiJodHRwOi8vbG9jYWxob3N0OjQ0NDQiLCJzdWIiOiJ7XCJhY3RpdmVcIjp0cnVlLFwiZXhjbHVkZWRcIjpmYWxzZSxcImZpcnN0X25hbWVcIjpcIlN1cGVyXCIsXCJsYW5nX2lkXCI6MSxcImxhc3RfbmFtZVwiOlwiQWRtaW5cIixcInJvbGVfaWRcIjoxLFwidXNlcl9pZFwiOjEsXCJ1c2VybmFtZVwiOlwicm9vdFwifSIsImF1ZCI6WyJodHRwOi8vbG9jYWxob3N0OjQ0NDQiXSwiZXhwIjoxNzc0MDg0NzU1LjgzMzE4OTcsIm5iZiI6MTc2ODkwMDc1NS44MzMxOTA3LCJpYXQiOjE3Njg5MDA3NTUuODMzMTkwMn0.nKV-u4pSDHrsDNaaPkCnfXSs8jOtofXSggQ-MS5CtQA', 'OData-MaxVersion': '4.0', 'OData-Version': '4.0'}, url_encode := false);
2026-01-20 16:43:36.512 [INFO] [HTTP_REQUEST] Executing GET request to: /odata/ADMIN/app?$filter=app_id%20eq%201&$format=json&$select=app_id,app,db,excluded
2026-01-20 16:43:36.512 [DEBUG] [HTTP_REQUEST] Request headers:
2026-01-20 16:43:36.512 [DEBUG] [HTTP_REQUEST]   Accept: application/json;odata.metadata=minimal
2026-01-20 16:43:36.512 [DEBUG] [HTTP_REQUEST]   Authorization: Bearer eyJhbGciOiJIUzI1NiJ9.eyJpc3MiOiJodHRwOi8vbG9jYWxob3N0OjQ0NDQiLCJzdWIiOiJ7XCJhY3RpdmVcIjp0cnVlLFwiZXhjbHVkZWRcIjpmYWxzZSxcImZpcnN0X25hbWVcIjpcIlN1cGVyXCIsXCJsYW5nX2lkXCI6MSxcImxhc3RfbmFtZVwiOlwiQWRtaW5cIixcInJvbGVfaWRcIjoxLFwidXNlcl9pZFwiOjEsXCJ1c2VybmFtZVwiOlwicm9vdFwifSIsImF1ZCI6WyJodHRwOi8vbG9jYWxob3N0OjQ0NDQiXSwiZXhwIjoxNzc0MDg0NzU1LjgzMzE4OTcsIm5iZiI6MTc2ODkwMDc1NS44MzMxOTA3LCJpYXQiOjE3Njg5MDA3NTUuODMzMTkwMn0.nKV-u4pSDHrsDNaaPkCnfXSs8jOtofXSggQ-MS5CtQA
2026-01-20 16:43:36.512 [DEBUG] [HTTP_REQUEST]   OData-MaxVersion: 4.0
2026-01-20 16:43:36.512 [DEBUG] [HTTP_REQUEST]   OData-Version: 4.0
2026-01-20 16:43:36.526 [INFO] [HTTP_RESPONSE] Response status: 200
2026-01-20 16:43:36.526 [DEBUG] [HTTP_RESPONSE] Response headers:
2026-01-20 16:43:36.526 [DEBUG] [HTTP_RESPONSE]   Access-Control-Allow-Headers: Content-Type, Authorization, enctype
2026-01-20 16:43:36.526 [DEBUG] [HTTP_RESPONSE]   Access-Control-Allow-Methods: GET, POST, PUT, DELETE, OPTIONS
2026-01-20 16:43:36.526 [DEBUG] [HTTP_RESPONSE]   Access-Control-Allow-Origin: *
2026-01-20 16:43:36.526 [DEBUG] [HTTP_RESPONSE]   Content-Length: 161
2026-01-20 16:43:36.526 [DEBUG] [HTTP_RESPONSE]   Content-Type: application/json; charset=utf-8
2026-01-20 16:43:36.526 [DEBUG] [HTTP_RESPONSE]   Date: Tue, 20 Jan 2026 17:43:36 GMT
2026-01-20 16:43:36.526 [DEBUG] [HTTP_RESPONSE]   Odata-Version: 4.0
2026-01-20 16:43:36.526 [DEBUG] [HTTP_RESPONSE]   Vary: Authorization
2026-01-20 16:43:36.526 [DEBUG] [HTTP_RESPONSE] Response body (161 bytes)
2026-01-20 16:43:36.526 [DEBUG] [HTTP_RESPONSE] Response body: {"@odata.context":"http://localhost:4444/odata/ADMIN/app","@odata.count":1,"value":[{"app":"ADMIN","app_id":1,"db":"ADMIN","excluded":false,"username":"root"}]}

2026-01-20 16:43:36.526 [DEBUG] [ODATA_CLIENT] Creating OData response object
2026-01-20 16:43:36.526 [DEBUG] [ODATA_RESPONSE] Created OData entity set response
2026-01-20 16:43:36.526 [DEBUG] [ODATA_RESPONSE] Response content type: application/json; charset=utf-8
2026-01-20 16:43:36.526 [DEBUG] [ODATA_RESPONSE] OData version: V4
2026-01-20 16:43:36.526 [DEBUG] [ODATA_CLIENT] Successfully created OData response
2026-01-20 16:43:36.526 [DEBUG] [ODATA_RESPONSE] Parsing HTTP response content
2026-01-20 16:43:36.526 [DEBUG] [ODATA_RESPONSE] Content type: application/json; charset=utf-8
2026-01-20 16:43:36.526 [DEBUG] [CHARSET_CONVERTER] Detected UTF-8 charset, using UTF-8 converter
2026-01-20 16:43:36.526 [DEBUG] [CHARSET_CONVERTER] Creating charset converter for content type: application/json; charset=utf-8
2026-01-20 16:43:36.526 [DEBUG] [CHARSET_CONVERTER] Charset converter initialized with charset: utf-8
2026-01-20 16:43:36.526 [DEBUG] [CHARSET_CONVERTER] Converting 161 bytes using charset: utf-8
2026-01-20 16:43:36.526 [DEBUG] [CHARSET_CONVERTER] Converting from bytes using charset: utf-8
2026-01-20 16:43:36.526 [DEBUG] [CHARSET_CONVERTER] Using default UTF-8 conversion
2026-01-20 16:43:36.526 [DEBUG] [CHARSET_CONVERTER] Using UTF-8 converter for output
2026-01-20 16:43:36.526 [DEBUG] [ODATA_RESPONSE] Content size: 161 bytes
2026-01-20 16:43:36.526 [DEBUG] [CHARSET_CONVERTER] Detected UTF-8 charset, using UTF-8 converter
2026-01-20 16:43:36.526 [DEBUG] [CHARSET_CONVERTER] Creating charset converter for content type: application/json; charset=utf-8
2026-01-20 16:43:36.526 [DEBUG] [CHARSET_CONVERTER] Charset converter initialized with charset: utf-8
2026-01-20 16:43:36.526 [DEBUG] [CHARSET_CONVERTER] Converting 161 bytes using charset: utf-8
2026-01-20 16:43:36.526 [DEBUG] [CHARSET_CONVERTER] Converting from bytes using charset: utf-8
2026-01-20 16:43:36.526 [DEBUG] [CHARSET_CONVERTER] Using default UTF-8 conversion
2026-01-20 16:43:36.526 [DEBUG] [CHARSET_CONVERTER] Using UTF-8 converter for output
2026-01-20 16:43:36.526 [DEBUG] [ODATA_CONTENT] Creating OData content from response
2026-01-20 16:43:36.526 [DEBUG] [ODATA_CONTENT] Content type: application/json; charset=utf-8
2026-01-20 16:43:36.526 [DEBUG] [ODATA_CONTENT] Content size: 161 bytes
2026-01-20 16:43:36.526 [DEBUG] [DETECT_VERSION] Starting OData version detection
2026-01-20 16:43:36.526 [DEBUG] [DETECT_VERSION] Found 'value' array, detecting as V4
2026-01-20 16:43:36.526 [DEBUG] [ODATA_CONTENT] Detected OData version from response: V4
2026-01-20 16:43:36.526 [DEBUG] [ODATA_CONTENT] Metadata suggested version: V4
2026-01-20 16:43:36.526 [DEBUG] [DETECT_VERSION] Starting OData version detection
2026-01-20 16:43:36.526 [DEBUG] [DETECT_VERSION] Found 'value' array, detecting as V4
2026-01-20 16:43:36.526 [DEBUG] [ODATA_RESPONSE] Successfully parsed content
2026-01-20 16:43:36.526 [DEBUG] [ODATA_CLIENT] Raw metadata context URL: http://localhost:4444/odata/ADMIN/app
2026-01-20 16:43:36.526 [INFO] [ODATA_CLIENT] Updated metadata context URL from response: http://localhost:4444/odata/ADMIN/app
2026-01-20 16:43:36.526 [DEBUG] [ODATA_RESPONSE] Returning cached parsed content
2026-01-20 16:43:36.526 [INFO] [ODATA_READ_BIND] Service reported total row count: 1
2026-01-20 16:43:36.526 [INFO] [ODATA_READ_BIND] GetResultNames called - service_root_mode: false
2026-01-20 16:43:36.526 [INFO] [ODATA_READ_BIND] GetResultTypes called - service_root_mode: false
2026-01-20 16:43:36.526 [INFO] [ODATA_READ_BIND] Calling odata_client->GetResultTypes() for metadata
2026-01-20 16:43:36.526 [DEBUG] [ODATA_CLIENT] Using stored metadata context URL: http://localhost:4444/odata/ADMIN/app
2026-01-20 16:43:36.526 [DEBUG] [ODATA_CLIENT] OData Metadata HTTP Request:
  URL: http://localhost:4444/odata/ADMIN/app
  Method: GET
  Headers:
    Connection: close
    Authorization: Bearer eyJhbGciOiJIUzI1NiJ9.eyJpc3MiOiJodHRwOi8vbG9jYWxob3N0OjQ0NDQiLCJzdWIiOiJ7XCJhY3RpdmVcIjp0cnVlLFwiZXhjbHVkZWRcIjpmYWxzZSxcImZpcnN0X25hbWVcIjpcIlN1cGVyXCIsXCJsYW5nX2lkXCI6MSxcImxhc3RfbmFtZVwiOlwiQWRtaW5cIixcInJvbGVfaWRcIjoxLFwidXNlcl9pZFwiOjEsXCJ1c2VybmFtZVwiOlwicm9vdFwifSIsImF1ZCI6WyJodHRwOi8vbG9jYWxob3N0OjQ0NDQiXSwiZXhwIjoxNzc0MDg0NzU1LjgzMzE4OTcsIm5iZiI6MTc2ODkwMDc1NS44MzMxOTA3LCJpYXQiOjE3Njg5MDA3NTUuODMzMTkwMn0.nKV-u4pSDHrsDNaaPkCnfXSs8jOtofXSggQ-MS5CtQA
    Accept: application/xml
2026-01-20 16:43:36.526 [DEBUG] [ODATA_CLIENT] Metadata request attempt 1 of 3
2026-01-20 16:43:36.526 [INFO] [HTTP_REQUEST_REPRO] Reproduce with: SELECT * FROM http_get('http://localhost:4444/odata/ADMIN/app', headers := MAP{'Accept': 'application/xml', 'Authorization': 'Bearer eyJhbGciOiJIUzI1NiJ9.eyJpc3MiOiJodHRwOi8vbG9jYWxob3N0OjQ0NDQiLCJzdWIiOiJ7XCJhY3RpdmVcIjp0cnVlLFwiZXhjbHVkZWRcIjpmYWxzZSxcImZpcnN0X25hbWVcIjpcIlN1cGVyXCIsXCJsYW5nX2lkXCI6MSxcImxhc3RfbmFtZVwiOlwiQWRtaW5cIixcInJvbGVfaWRcIjoxLFwidXNlcl9pZFwiOjEsXCJ1c2VybmFtZVwiOlwicm9vdFwifSIsImF1ZCI6WyJodHRwOi8vbG9jYWxob3N0OjQ0NDQiXSwiZXhwIjoxNzc0MDg0NzU1LjgzMzE4OTcsIm5iZiI6MTc2ODkwMDc1NS44MzMxOTA3LCJpYXQiOjE3Njg5MDA3NTUuODMzMTkwMn0.nKV-u4pSDHrsDNaaPkCnfXSs8jOtofXSggQ-MS5CtQA', 'Connection': 'close'}, url_encode := false);
2026-01-20 16:43:36.527 [INFO] [HTTP_REQUEST] Executing GET request to: /odata/ADMIN/app
2026-01-20 16:43:36.527 [DEBUG] [HTTP_REQUEST] Request headers:
2026-01-20 16:43:36.527 [DEBUG] [HTTP_REQUEST]   Accept: application/xml
2026-01-20 16:43:36.527 [DEBUG] [HTTP_REQUEST]   Authorization: Bearer eyJhbGciOiJIUzI1NiJ9.eyJpc3MiOiJodHRwOi8vbG9jYWxob3N0OjQ0NDQiLCJzdWIiOiJ7XCJhY3RpdmVcIjp0cnVlLFwiZXhjbHVkZWRcIjpmYWxzZSxcImZpcnN0X25hbWVcIjpcIlN1cGVyXCIsXCJsYW5nX2lkXCI6MSxcImxhc3RfbmFtZVwiOlwiQWRtaW5cIixcInJvbGVfaWRcIjoxLFwidXNlcl9pZFwiOjEsXCJ1c2VybmFtZVwiOlwicm9vdFwifSIsImF1ZCI6WyJodHRwOi8vbG9jYWxob3N0OjQ0NDQiXSwiZXhwIjoxNzc0MDg0NzU1LjgzMzE4OTcsIm5iZiI6MTc2ODkwMDc1NS44MzMxOTA3LCJpYXQiOjE3Njg5MDA3NTUuODMzMTkwMn0.nKV-u4pSDHrsDNaaPkCnfXSs8jOtofXSggQ-MS5CtQA
2026-01-20 16:43:36.527 [DEBUG] [HTTP_REQUEST]   Connection: close
2026-01-20 16:43:36.538 [INFO] [HTTP_RESPONSE] Response status: 200
2026-01-20 16:43:36.538 [DEBUG] [HTTP_RESPONSE] Response headers:
2026-01-20 16:43:36.538 [DEBUG] [HTTP_RESPONSE]   Access-Control-Allow-Headers: Content-Type, Authorization, enctype
2026-01-20 16:43:36.538 [DEBUG] [HTTP_RESPONSE]   Access-Control-Allow-Methods: GET, POST, PUT, DELETE, OPTIONS
2026-01-20 16:43:36.538 [DEBUG] [HTTP_RESPONSE]   Access-Control-Allow-Origin: *
2026-01-20 16:43:36.538 [DEBUG] [HTTP_RESPONSE]   Connection: close
2026-01-20 16:43:36.538 [DEBUG] [HTTP_RESPONSE]   Content-Length: 868
2026-01-20 16:43:36.538 [DEBUG] [HTTP_RESPONSE]   Content-Type: application/json; charset=utf-8
2026-01-20 16:43:36.538 [DEBUG] [HTTP_RESPONSE]   Date: Tue, 20 Jan 2026 17:43:36 GMT
2026-01-20 16:43:36.538 [DEBUG] [HTTP_RESPONSE]   Odata-Version: 4.0
2026-01-20 16:43:36.538 [DEBUG] [HTTP_RESPONSE]   Vary: Authorization
2026-01-20 16:43:36.538 [DEBUG] [HTTP_RESPONSE] Response body (868 bytes)
2026-01-20 16:43:36.538 [DEBUG] [HTTP_RESPONSE] Response body: {"@odata.context":"http://localhost:4444/odata/ADMIN/app","@odata.count":3,"value":[{"app":"ADMIN","app_desc":"Admin","app_id":1,"attach_logo":null,"config":"{}","created_at":"2025-11-05T18:55:00.130747Z","db":"ADMIN","email":null,"excluded":false,"updated_at":"2025-11-05T18:55:00.130747Z","user_id":1,"username":"root","version":"1.0.0"},{"app":"ETLX","app_desc":"ETLX UI in CS","app_id":2,"attach_logo":null,"config":null,"created_at":"2025-11-05T19:01:54.055156Z","db":"ETLX","email":null,"excluded":false,"updated_at":"2025-11-05T19:01:54.055156Z","user_id":1,"username":"root","version":"1.0.0"},{"app":"SAAS","app_desc":"CS SASS Backend","app_id":3,"attach_logo":null,"config":null,"created_at":"2026-01-10T18:53:52.783348Z","db":"SAAS","email":null,"excluded":false,"updated_at":"2026-01-10T18:53:52.783348Z","user_id":1,"username":"root","version":"1.0.0"}]}

2026-01-20 16:43:36.538 [DEBUG] [CHARSET_CONVERTER] Detected UTF-8 charset, using UTF-8 converter
2026-01-20 16:43:36.538 [DEBUG] [CHARSET_CONVERTER] Creating charset converter for content type: application/json; charset=utf-8
2026-01-20 16:43:36.538 [DEBUG] [CHARSET_CONVERTER] Charset converter initialized with charset: utf-8
2026-01-20 16:43:36.538 [DEBUG] [CHARSET_CONVERTER] Converting 868 bytes using charset: utf-8
2026-01-20 16:43:36.538 [DEBUG] [CHARSET_CONVERTER] Converting from bytes using charset: utf-8
2026-01-20 16:43:36.538 [DEBUG] [CHARSET_CONVERTER] Using default UTF-8 conversion
2026-01-20 16:43:36.538 [DEBUG] [CHARSET_CONVERTER] Using UTF-8 converter for output
2026-01-20 16:43:36.538 [DEBUG] [CHARSET_CONVERTER] Detected UTF-8 charset, using UTF-8 converter
2026-01-20 16:43:36.538 [DEBUG] [CHARSET_CONVERTER] Creating charset converter for content type: application/json; charset=utf-8
2026-01-20 16:43:36.538 [DEBUG] [CHARSET_CONVERTER] Charset converter initialized with charset: utf-8
2026-01-20 16:43:36.538 [DEBUG] [CHARSET_CONVERTER] Converting 868 bytes using charset: utf-8
2026-01-20 16:43:36.538 [DEBUG] [CHARSET_CONVERTER] Converting from bytes using charset: utf-8
2026-01-20 16:43:36.538 [DEBUG] [CHARSET_CONVERTER] Using default UTF-8 conversion
2026-01-20 16:43:36.538 [DEBUG] [CHARSET_CONVERTER] Using UTF-8 converter for output
2026-01-20 16:43:36.538 [DEBUG] [CHARSET_CONVERTER] Detected UTF-8 charset, using UTF-8 converter
2026-01-20 16:43:36.538 [DEBUG] [CHARSET_CONVERTER] Creating charset converter for content type: application/json; charset=utf-8
2026-01-20 16:43:36.538 [DEBUG] [CHARSET_CONVERTER] Charset converter initialized with charset: utf-8
2026-01-20 16:43:36.538 [DEBUG] [CHARSET_CONVERTER] Converting 868 bytes using charset: utf-8
2026-01-20 16:43:36.538 [DEBUG] [CHARSET_CONVERTER] Converting from bytes using charset: utf-8
2026-01-20 16:43:36.538 [DEBUG] [CHARSET_CONVERTER] Using default UTF-8 conversion
2026-01-20 16:43:36.538 [DEBUG] [CHARSET_CONVERTER] Using UTF-8 converter for output
2026-01-20 16:43:36.538 [DEBUG] [ODATA_CLIENT] OData Metadata HTTP Success Response:
  Status Code: 200
  Content Type: application/json; charset=utf-8
  Response Headers:
    Vary: Authorization
    Odata-Version: 4.0
    Content-Length: 868
    Content-Type: application/json; charset=utf-8
    Connection: close
    Date: Tue, 20 Jan 2026 17:43:36 GMT
    Access-Control-Allow-Origin: *
    Access-Control-Allow-Methods: GET, POST, PUT, DELETE, OPTIONS
    Access-Control-Allow-Headers: Content-Type, Authorization, enctype
  Response Body Size: 868 bytes
  Response Body Preview (first 4000 chars): {"@odata.context":"http://localhost:4444/odata/ADMIN/app","@odata.count":3,"value":[{"app":"ADMIN","app_desc":"Admin","app_id":1,"attach_logo":null,"config":"{}","created_at":"2025-11-05T18:55:00.130747Z","db":"ADMIN","email":null,"excluded":false,"updated_at":"2025-11-05T18:55:00.130747Z","user_id":1,"username":"root","version":"1.0.0"},{"app":"ETLX","app_desc":"ETLX UI in CS","app_id":2,"attach_logo":null,"config":null,"created_at":"2025-11-05T19:01:54.055156Z","db":"ETLX","email":null,"excluded":false,"updated_at":"2025-11-05T19:01:54.055156Z","user_id":1,"username":"root","version":"1.0.0"},{"app":"SAAS","app_desc":"CS SASS Backend","app_id":3,"attach_logo":null,"config":null,"created_at":"2026-01-10T18:53:52.783348Z","db":"SAAS","email":null,"excluded":false,"updated_at":"2026-01-10T18:53:52.783348Z","user_id":1,"username":"root","version":"1.0.0"}]}

2026-01-20 16:43:36.538 [DEBUG] [CHARSET_CONVERTER] Detected UTF-8 charset, using UTF-8 converter
2026-01-20 16:43:36.538 [DEBUG] [CHARSET_CONVERTER] Creating charset converter for content type: application/json; charset=utf-8
2026-01-20 16:43:36.538 [DEBUG] [CHARSET_CONVERTER] Charset converter initialized with charset: utf-8
2026-01-20 16:43:36.538 [DEBUG] [CHARSET_CONVERTER] Converting 868 bytes using charset: utf-8
2026-01-20 16:43:36.538 [DEBUG] [CHARSET_CONVERTER] Converting from bytes using charset: utf-8
2026-01-20 16:43:36.538 [DEBUG] [CHARSET_CONVERTER] Using default UTF-8 conversion
2026-01-20 16:43:36.538 [DEBUG] [CHARSET_CONVERTER] Using UTF-8 converter for output
2026-01-20 16:47:15.552 [INFO] [TRACER] Tracing enabled, writing to: ./erpl_web_trace.log
2026-01-20 16:47:15.553 [INFO] [TRACER] Trace level set to: DEBUG
2026-01-20 16:47:16.952 [DEBUG] [SECRET_BEARER] Creating HTTP Bearer token secret
2026-01-20 16:47:16.952 [DEBUG] [SECRET_BEARER] Using custom scope with 1 entries
2026-01-20 16:47:16.952 [DEBUG] [SECRET_BEARER] Set token parameter
2026-01-20 16:47:16.952 [INFO] [SECRET_BEARER] Successfully created HTTP Bearer token secret
2026-01-20 16:47:23.170 [DEBUG] [HTTP_AUTH] Found http_bearer secret for URL: http://localhost:4444/odata/ADMIN
2026-01-20 16:47:26.559 [INFO] [ODATA_CLIENT] ODataServiceClient::GetMetadata() called - handling V2/V4 compatibility
2026-01-20 16:47:26.559 [DEBUG] [ODATA_CLIENT] DoHttpGet: calling AddInputParametersToUrl
2026-01-20 16:47:26.559 [DEBUG] [ODATA_CLIENT] DoHttpGet: URL after input parameters: http://localhost:4444/odata/ADMIN
2026-01-20 16:47:26.560 [INFO] [HTTP_REQUEST_REPRO] Reproduce with: SELECT * FROM http_get('http://localhost:4444/odata/ADMIN', headers := MAP{'Accept': 'application/json;odata.metadata=minimal', 'Authorization': 'Bearer eyJhbGciOiJIUzI1NiJ9.eyJpc3MiOiJodHRwOi8vbG9jYWxob3N0OjQ0NDQiLCJzdWIiOiJ7XCJhY3RpdmVcIjp0cnVlLFwiZXhjbHVkZWRcIjpmYWxzZSxcImZpcnN0X25hbWVcIjpcIlN1cGVyXCIsXCJsYW5nX2lkXCI6MSxcImxhc3RfbmFtZVwiOlwiQWRtaW5cIixcInJvbGVfaWRcIjoxLFwidXNlcl9pZFwiOjEsXCJ1c2VybmFtZVwiOlwicm9vdFwifSIsImF1ZCI6WyJodHRwOi8vbG9jYWxob3N0OjQ0NDQiXSwiZXhwIjoxNzc0MDg0NzU1LjgzMzE4OTcsIm5iZiI6MTc2ODkwMDc1NS44MzMxOTA3LCJpYXQiOjE3Njg5MDA3NTUuODMzMTkwMn0.nKV-u4pSDHrsDNaaPkCnfXSs8jOtofXSggQ-MS5CtQA', 'OData-MaxVersion': '4.0', 'OData-Version': '4.0'}, url_encode := true);
2026-01-20 16:47:26.560 [INFO] [HTTP_REQUEST] Executing GET request to: /odata/ADMIN
2026-01-20 16:47:26.560 [DEBUG] [HTTP_REQUEST] Request headers:
2026-01-20 16:47:26.560 [DEBUG] [HTTP_REQUEST]   Accept: application/json;odata.metadata=minimal
2026-01-20 16:47:26.560 [DEBUG] [HTTP_REQUEST]   Authorization: Bearer eyJhbGciOiJIUzI1NiJ9.eyJpc3MiOiJodHRwOi8vbG9jYWxob3N0OjQ0NDQiLCJzdWIiOiJ7XCJhY3RpdmVcIjp0cnVlLFwiZXhjbHVkZWRcIjpmYWxzZSxcImZpcnN0X25hbWVcIjpcIlN1cGVyXCIsXCJsYW5nX2lkXCI6MSxcImxhc3RfbmFtZVwiOlwiQWRtaW5cIixcInJvbGVfaWRcIjoxLFwidXNlcl9pZFwiOjEsXCJ1c2VybmFtZVwiOlwicm9vdFwifSIsImF1ZCI6WyJodHRwOi8vbG9jYWxob3N0OjQ0NDQiXSwiZXhwIjoxNzc0MDg0NzU1LjgzMzE4OTcsIm5iZiI6MTc2ODkwMDc1NS44MzMxOTA3LCJpYXQiOjE3Njg5MDA3NTUuODMzMTkwMn0.nKV-u4pSDHrsDNaaPkCnfXSs8jOtofXSggQ-MS5CtQA
2026-01-20 16:47:26.560 [DEBUG] [HTTP_REQUEST]   OData-MaxVersion: 4.0
2026-01-20 16:47:26.560 [DEBUG] [HTTP_REQUEST]   OData-Version: 4.0
2026-01-20 16:47:26.561 [INFO] [HTTP_RESPONSE] Response status: 200
2026-01-20 16:47:26.561 [DEBUG] [HTTP_RESPONSE] Response headers:
2026-01-20 16:47:26.561 [DEBUG] [HTTP_RESPONSE]   Accept-Ranges: bytes
2026-01-20 16:47:26.561 [DEBUG] [HTTP_RESPONSE]   Access-Control-Allow-Headers: Content-Type, Authorization, enctype
2026-01-20 16:47:26.561 [DEBUG] [HTTP_RESPONSE]   Access-Control-Allow-Methods: GET, POST, PUT, DELETE, OPTIONS
2026-01-20 16:47:26.561 [DEBUG] [HTTP_RESPONSE]   Access-Control-Allow-Origin: *
2026-01-20 16:47:26.561 [DEBUG] [HTTP_RESPONSE]   Content-Length: 606
2026-01-20 16:47:26.561 [DEBUG] [HTTP_RESPONSE]   Content-Type: text/html; charset=utf-8
2026-01-20 16:47:26.561 [DEBUG] [HTTP_RESPONSE]   Date: Tue, 20 Jan 2026 17:47:26 GMT
2026-01-20 16:47:26.561 [DEBUG] [HTTP_RESPONSE]   Last-Modified: Sun, 18 Jan 2026 17:31:57 GMT
2026-01-20 16:47:26.561 [DEBUG] [HTTP_RESPONSE]   Vary: Authorization
2026-01-20 16:47:26.561 [DEBUG] [HTTP_RESPONSE] Response body (606 bytes)
2026-01-20 16:47:26.561 [DEBUG] [HTTP_RESPONSE] Response body: <!DOCTYPE html>
<html lang="en" data-theme="light">
  <head>
    <base href="./static/" />
    <meta charset="UTF-8" />
    <link rel="icon" href="./img/icon.png" />
    <meta name="viewport" content="width=device-width, initial-scale=1.0" />
    <title>CS</title>
    <script type="module" crossorigin src="./assets/index-Bt-2cytc.js"></script>
    <link rel="stylesheet" crossorigin href="./assets/index-DGjk5ksV.css">
  <link rel="manifest" href="./manifest.webmanifest"><script id="vite-plugin-pwa:register-sw" src="./registerSW.js"></script></head>
  <body>
    <div id="app"></div>
  </body>
</html>

2026-01-20 16:47:26.561 [DEBUG] [ODATA_RESPONSE] Created OData service response
2026-01-20 16:47:26.561 [DEBUG] [ODATA_RESPONSE] Response content type: text/html; charset=utf-8
2026-01-20 16:47:26.561 [DEBUG] [ODATA_RESPONSE] OData version: V4
2026-01-20 16:47:26.561 [DEBUG] [ODATA_RESPONSE] Parsing HTTP response content
2026-01-20 16:47:26.561 [DEBUG] [ODATA_RESPONSE] Content type: text/html; charset=utf-8
2026-01-20 16:47:26.561 [DEBUG] [CHARSET_CONVERTER] Detected UTF-8 charset, using UTF-8 converter
2026-01-20 16:47:26.561 [DEBUG] [CHARSET_CONVERTER] Creating charset converter for content type: text/html; charset=utf-8
2026-01-20 16:47:26.561 [DEBUG] [CHARSET_CONVERTER] Charset converter initialized with charset: utf-8
2026-01-20 16:47:26.561 [DEBUG] [CHARSET_CONVERTER] Converting 606 bytes using charset: utf-8
2026-01-20 16:47:26.561 [DEBUG] [CHARSET_CONVERTER] Converting from bytes using charset: utf-8
2026-01-20 16:47:26.561 [DEBUG] [CHARSET_CONVERTER] Using default UTF-8 conversion
2026-01-20 16:47:26.561 [DEBUG] [CHARSET_CONVERTER] Using UTF-8 converter for output
2026-01-20 16:47:26.561 [DEBUG] [ODATA_RESPONSE] Content size: 606 bytes
2026-01-20 16:47:26.561 [DEBUG] [CHARSET_CONVERTER] Detected UTF-8 charset, using UTF-8 converter
2026-01-20 16:47:26.561 [DEBUG] [CHARSET_CONVERTER] Creating charset converter for content type: text/html; charset=utf-8
2026-01-20 16:47:26.561 [DEBUG] [CHARSET_CONVERTER] Charset converter initialized with charset: utf-8
2026-01-20 16:47:26.561 [DEBUG] [CHARSET_CONVERTER] Converting 606 bytes using charset: utf-8
2026-01-20 16:47:26.561 [DEBUG] [CHARSET_CONVERTER] Converting from bytes using charset: utf-8
2026-01-20 16:47:26.561 [DEBUG] [CHARSET_CONVERTER] Using default UTF-8 conversion
2026-01-20 16:47:26.561 [DEBUG] [CHARSET_CONVERTER] Using UTF-8 converter for output
2026-01-20 16:47:26.561 [WARN] [ODATA_CLIENT] Service root request failed: Unsupported OData content type: text/html; charset=utf-8, falling back to direct $metadata URL
2026-01-20 16:47:26.561 [DEBUG] [ODATA_CLIENT] OData Metadata HTTP Request:
  URL: http://localhost:4444/odata/ADMIN/$metadata
  Method: GET
  Headers:
    Connection: close
    Authorization: Bearer eyJhbGciOiJIUzI1NiJ9.eyJpc3MiOiJodHRwOi8vbG9jYWxob3N0OjQ0NDQiLCJzdWIiOiJ7XCJhY3RpdmVcIjp0cnVlLFwiZXhjbHVkZWRcIjpmYWxzZSxcImZpcnN0X25hbWVcIjpcIlN1cGVyXCIsXCJsYW5nX2lkXCI6MSxcImxhc3RfbmFtZVwiOlwiQWRtaW5cIixcInJvbGVfaWRcIjoxLFwidXNlcl9pZFwiOjEsXCJ1c2VybmFtZVwiOlwicm9vdFwifSIsImF1ZCI6WyJodHRwOi8vbG9jYWxob3N0OjQ0NDQiXSwiZXhwIjoxNzc0MDg0NzU1LjgzMzE4OTcsIm5iZiI6MTc2ODkwMDc1NS44MzMxOTA3LCJpYXQiOjE3Njg5MDA3NTUuODMzMTkwMn0.nKV-u4pSDHrsDNaaPkCnfXSs8jOtofXSggQ-MS5CtQA
    Accept: application/xml
2026-01-20 16:47:26.561 [DEBUG] [ODATA_CLIENT] Metadata request attempt 1 of 3
2026-01-20 16:47:26.561 [INFO] [HTTP_REQUEST_REPRO] Reproduce with: SELECT * FROM http_get('http://localhost:4444/odata/ADMIN/$metadata', headers := MAP{'Accept': 'application/xml', 'Authorization': 'Bearer eyJhbGciOiJIUzI1NiJ9.eyJpc3MiOiJodHRwOi8vbG9jYWxob3N0OjQ0NDQiLCJzdWIiOiJ7XCJhY3RpdmVcIjp0cnVlLFwiZXhjbHVkZWRcIjpmYWxzZSxcImZpcnN0X25hbWVcIjpcIlN1cGVyXCIsXCJsYW5nX2lkXCI6MSxcImxhc3RfbmFtZVwiOlwiQWRtaW5cIixcInJvbGVfaWRcIjoxLFwidXNlcl9pZFwiOjEsXCJ1c2VybmFtZVwiOlwicm9vdFwifSIsImF1ZCI6WyJodHRwOi8vbG9jYWxob3N0OjQ0NDQiXSwiZXhwIjoxNzc0MDg0NzU1LjgzMzE4OTcsIm5iZiI6MTc2ODkwMDc1NS44MzMxOTA3LCJpYXQiOjE3Njg5MDA3NTUuODMzMTkwMn0.nKV-u4pSDHrsDNaaPkCnfXSs8jOtofXSggQ-MS5CtQA', 'Connection': 'close'}, url_encode := false);
2026-01-20 16:47:26.561 [INFO] [HTTP_REQUEST] Executing GET request to: /odata/ADMIN/$metadata
2026-01-20 16:47:26.561 [DEBUG] [HTTP_REQUEST] Request headers:
2026-01-20 16:47:26.561 [DEBUG] [HTTP_REQUEST]   Accept: application/xml
2026-01-20 16:47:26.561 [DEBUG] [HTTP_REQUEST]   Authorization: Bearer eyJhbGciOiJIUzI1NiJ9.eyJpc3MiOiJodHRwOi8vbG9jYWxob3N0OjQ0NDQiLCJzdWIiOiJ7XCJhY3RpdmVcIjp0cnVlLFwiZXhjbHVkZWRcIjpmYWxzZSxcImZpcnN0X25hbWVcIjpcIlN1cGVyXCIsXCJsYW5nX2lkXCI6MSxcImxhc3RfbmFtZVwiOlwiQWRtaW5cIixcInJvbGVfaWRcIjoxLFwidXNlcl9pZFwiOjEsXCJ1c2VybmFtZVwiOlwicm9vdFwifSIsImF1ZCI6WyJodHRwOi8vbG9jYWxob3N0OjQ0NDQiXSwiZXhwIjoxNzc0MDg0NzU1LjgzMzE4OTcsIm5iZiI6MTc2ODkwMDc1NS44MzMxOTA3LCJpYXQiOjE3Njg5MDA3NTUuODMzMTkwMn0.nKV-u4pSDHrsDNaaPkCnfXSs8jOtofXSggQ-MS5CtQA
2026-01-20 16:47:26.561 [DEBUG] [HTTP_REQUEST]   Connection: close
2026-01-20 16:47:26.580 [INFO] [HTTP_RESPONSE] Response status: 200
2026-01-20 16:47:26.580 [DEBUG] [HTTP_RESPONSE] Response headers:
2026-01-20 16:47:26.580 [DEBUG] [HTTP_RESPONSE]   Access-Control-Allow-Headers: Content-Type, Authorization, enctype
2026-01-20 16:47:26.580 [DEBUG] [HTTP_RESPONSE]   Access-Control-Allow-Methods: GET, POST, PUT, DELETE, OPTIONS
2026-01-20 16:47:26.580 [DEBUG] [HTTP_RESPONSE]   Access-Control-Allow-Origin: *
2026-01-20 16:47:26.580 [DEBUG] [HTTP_RESPONSE]   Connection: close
2026-01-20 16:47:26.580 [DEBUG] [HTTP_RESPONSE]   Content-Type: application/xml
2026-01-20 16:47:26.580 [DEBUG] [HTTP_RESPONSE]   Date: Tue, 20 Jan 2026 17:47:26 GMT
2026-01-20 16:47:26.580 [DEBUG] [HTTP_RESPONSE]   Odata-Version: 4.0
2026-01-20 16:47:26.580 [DEBUG] [HTTP_RESPONSE]   Transfer-Encoding: chunked
2026-01-20 16:47:26.580 [DEBUG] [HTTP_RESPONSE]   Vary: Authorization
2026-01-20 16:47:26.580 [DEBUG] [HTTP_RESPONSE] Response body (54495 bytes)
2026-01-20 16:47:26.580 [DEBUG] [HTTP_RESPONSE] Response body (truncated): <?xml version="1.0" encoding="utf-8"?>
<edmx:Edmx Version="4.0"
 xmlns:edmx="http://docs.oasis-open.org/odata/ns/edmx"
 xmlns="http://docs.oasis-open.org/odata/ns/edm">
 <edmx:DataServices><Schema Namespace="ADMIN"><EntityType Name="users"><Key><PropertyRef Name="user_id"/></Key><Property Name="user_id" Type="Edm.Int32" Nullable="false"/><Property Name="username" Type="Edm.String" Nullable="false"/><Property Name="first_name" Type="Edm.String" Nullable="false"/><Property Name="last_name" Type="Edm.String" Nullable="false"/><Property Name="email" Type="Edm.String" Nullable="true"/><Property Name="phone" Type="Edm.String" Nullable="true"/><Property Name="password" Type="Edm.String" Nullable="false"/><Property Name="role_id" Type="Edm.Int32" Nullable="true"/><Property Name="lang_id" Type="Edm.Int32" Nullable="true"/><Property Name="timezone" Type="Edm.String" Nullable="true"/><Property Name="attach_profile_pic" Type="Edm.String" Nullable="true"/><Property Name="active" Type="Edm.Boolean" ...
2026-01-20 16:47:26.580 [DEBUG] [CHARSET_CONVERTER] No charset specified, defaulting to UTF-8 converter
2026-01-20 16:47:26.580 [DEBUG] [CHARSET_CONVERTER] Creating charset converter for content type: application/xml
2026-01-20 16:47:26.580 [DEBUG] [CHARSET_CONVERTER] Charset converter initialized with charset: utf-8
2026-01-20 16:47:26.580 [DEBUG] [CHARSET_CONVERTER] Converting 54495 bytes using charset: utf-8
2026-01-20 16:47:26.580 [DEBUG] [CHARSET_CONVERTER] Converting from bytes using charset: utf-8
2026-01-20 16:47:26.580 [DEBUG] [CHARSET_CONVERTER] Using default UTF-8 conversion
2026-01-20 16:47:26.581 [DEBUG] [CHARSET_CONVERTER] Using UTF-8 converter for output
2026-01-20 16:47:26.581 [DEBUG] [CHARSET_CONVERTER] No charset specified, defaulting to UTF-8 converter
2026-01-20 16:47:26.581 [DEBUG] [CHARSET_CONVERTER] Creating charset converter for content type: application/xml
2026-01-20 16:47:26.581 [DEBUG] [CHARSET_CONVERTER] Charset converter initialized with charset: utf-8
2026-01-20 16:47:26.581 [DEBUG] [CHARSET_CONVERTER] Converting 54495 bytes using charset: utf-8
2026-01-20 16:47:26.581 [DEBUG] [CHARSET_CONVERTER] Converting from bytes using charset: utf-8
2026-01-20 16:47:26.581 [DEBUG] [CHARSET_CONVERTER] Using default UTF-8 conversion
2026-01-20 16:47:26.582 [DEBUG] [CHARSET_CONVERTER] Using UTF-8 converter for output
2026-01-20 16:47:26.582 [DEBUG] [CHARSET_CONVERTER] No charset specified, defaulting to UTF-8 converter
2026-01-20 16:47:26.582 [DEBUG] [CHARSET_CONVERTER] Creating charset converter for content type: application/xml
2026-01-20 16:47:26.582 [DEBUG] [CHARSET_CONVERTER] Charset converter initialized with charset: utf-8
2026-01-20 16:47:26.582 [DEBUG] [CHARSET_CONVERTER] Converting 54495 bytes using charset: utf-8
2026-01-20 16:47:26.582 [DEBUG] [CHARSET_CONVERTER] Converting from bytes using charset: utf-8
2026-01-20 16:47:26.582 [DEBUG] [CHARSET_CONVERTER] Using default UTF-8 conversion
2026-01-20 16:47:26.582 [DEBUG] [CHARSET_CONVERTER] Using UTF-8 converter for output
2026-01-20 16:47:26.583 [DEBUG] [ODATA_CLIENT] OData Metadata HTTP Success Response:
  Status Code: 200
  Content Type: application/xml
  Response Headers:
    Vary: Authorization
    Transfer-Encoding: chunked
    Odata-Version: 4.0
    Content-Type: application/xml
    Connection: close
    Date: Tue, 20 Jan 2026 17:47:26 GMT
    Access-Control-Allow-Origin: *
    Access-Control-Allow-Methods: GET, POST, PUT, DELETE, OPTIONS
    Access-Control-Allow-Headers: Content-Type, Authorization, enctype
  Response Body Size: 54495 bytes
  Response Body Preview (first 4000 chars): <?xml version="1.0" encoding="utf-8"?>
<edmx:Edmx Version="4.0"
 xmlns:edmx="http://docs.oasis-open.org/odata/ns/edmx"
 xmlns="http://docs.oasis-open.org/odata/ns/edm">
 <edmx:DataServices><Schema Namespace="ADMIN"><EntityType Name="users"><Key><PropertyRef Name="user_id"/></Key><Property Name="user_id" Type="Edm.Int32" Nullable="false"/><Property Name="username" Type="Edm.String" Nullable="false"/><Property Name="first_name" Type="Edm.String" Nullable="false"/><Property Name="last_name" Type="Edm.String" Nullable="false"/><Property Name="email" Type="Edm.String" Nullable="true"/><Property Name="phone" Type="Edm.String" Nullable="true"/><Property Name="password" Type="Edm.String" Nullable="false"/><Property Name="role_id" Type="Edm.Int32" Nullable="true"/><Property Name="lang_id" Type="Edm.Int32" Nullable="true"/><Property Name="timezone" Type="Edm.String" Nullable="true"/><Property Name="attach_profile_pic" Type="Edm.String" Nullable="true"/><Property Name="active" Type="Edm.Boolean" Nullable="true"/><Property Name="created_at" Type="Edm.DateTimeOffset" Nullable="true"/><Property Name="updated_at" Type="Edm.DateTimeOffset" Nullable="true"/><Property Name="excluded" Type="Edm.Boolean" Nullable="true"/></EntityType><EntityType Name="etl_rb_output_field"><Key><PropertyRef Name="etl_rb_output_field_id"/></Key><Property Name="etl_rb_output_field_id" Type="Edm.Int32" Nullable="false"/><Property Name="etl_rb_output_field" Type="Edm.String" Nullable="false"/><Property Name="etl_rb_output_field_desc" Type="Edm.String" Nullable="true"/><Property Name="etl_rbase_output_id" Type="Edm.Int32" Nullable="false"/><Property Name="sql_select" Type="Edm.String" Nullable="false"/><Property Name="sql_from" Type="Edm.String" Nullable="true"/><Property Name="sql_join" Type="Edm.String" Nullable="true"/><Property Name="sql_where" Type="Edm.String" Nullable="true"/><Property Name="sql_group_by" Type="Edm.String" Nullable="true"/><Property Name="sql_order_by" Type="Edm.String" Nullable="true"/><Property Name="sql_window" Type="Edm.String" Nullable="true"/><Property Name="sql_having" Type="Edm.String" Nullable="true"/><Property Name="field_order" Type="Edm.Int32" Nullable="true"/><Property Name="fields_used" Type="Edm.String" Nullable="true"/><Property Name="etl_report_base_id" Type="Edm.Int32" Nullable="true"/><Property Name="active" Type="Edm.Boolean" Nullable="true"/><Property Name="user_id" Type="Edm.Int32" Nullable="true"/><Property Name="app_id" Type="Edm.Int32" Nullable="true"/><Property Name="created_at" Type="Edm.DateTimeOffset" Nullable="true"/><Property Name="updated_at" Type="Edm.DateTimeOffset" Nullable="true"/><Property Name="excluded" Type="Edm.Boolean" Nullable="true"/></EntityType><EntityType Name="calendar"><Key><PropertyRef Name="calendar_id"/></Key><Property Name="calendar_id" Type="Edm.Int32" Nullable="false"/><Property Name="calendar" Type="Edm.String" Nullable="false"/><Property Name="calendar_desc" Type="Edm.String" Nullable="true"/><Property Name="calendar_email" Type="Edm.String" Nullable="true"/><Property Name="calendar_color" Type="Edm.String" Nullable="true"/><Property Name="user_id" Type="Edm.Int32" Nullable="true"/><Property Name="app_id" Type="Edm.Int32" Nullable="true"/><Property Name="created_at" Type="Edm.DateTimeOffset" Nullable="true"/><Property Name="updated_at" Type="Edm.DateTimeOffset" Nullable="true"/><Property Name="excluded" Type="Edm.Boolean" Nullable="true"/></EntityType><EntityType Name="task_status"><Key><PropertyRef Name="task_status_id"/></Key><Property Name="task_status_id" Type="Edm.Int32" Nullable="false"/><Property Name="task_status" Type="Edm.String" Nullable="false"/><Property Name="excluded" Type="Edm.Boolean" Nullable="true"/></EntityType><EntityType Name="role_row_level_access"><Key><PropertyRef Name="role_row_level_access_id"/></Key><Property Name="role_row_level_access_id" Type="Edm.Int32" Nullable="false"/><Property Name="role_id" Type="Edm.Int32" Nullable="true"/><Property Name="row_id" Type=
2026-01-20 16:47:26.583 [DEBUG] [CHARSET_CONVERTER] No charset specified, defaulting to UTF-8 converter
2026-01-20 16:47:26.583 [DEBUG] [CHARSET_CONVERTER] Creating charset converter for content type: application/xml
2026-01-20 16:47:26.583 [DEBUG] [CHARSET_CONVERTER] Charset converter initialized with charset: utf-8
2026-01-20 16:47:26.583 [DEBUG] [CHARSET_CONVERTER] Converting 54495 bytes using charset: utf-8
2026-01-20 16:47:26.583 [DEBUG] [CHARSET_CONVERTER] Converting from bytes using charset: utf-8
2026-01-20 16:47:26.583 [DEBUG] [CHARSET_CONVERTER] Using default UTF-8 conversion
2026-01-20 16:47:26.583 [DEBUG] [CHARSET_CONVERTER] Using UTF-8 converter for output
2026-01-20 16:47:26.584 [INFO] [ODATA_CLIENT] Detected OData version from metadata: V4
2026-01-20 16:47:26.601 [DEBUG] [ODATA_READ_BIND] Standard OData v4 URL detected, using conventional metadata approach
2026-01-20 16:47:26.601 [DEBUG] [ODATA_READ_BIND] Standard OData v4 URL detected, using conventional metadata approach
2026-01-20 16:47:26.602 [DEBUG] [ODATA_READ_BIND] Activating columns: 0, 1, 5, 11, 
2026-01-20 16:47:26.602 [DEBUG] [ODATA_READ_BIND] Mapping activated index 0 to original index 0
2026-01-20 16:47:26.602 [DEBUG] [ODATA_READ_BIND] Mapping activated index 1 to original index 1
2026-01-20 16:47:26.602 [DEBUG] [ODATA_READ_BIND] Mapping activated index 2 to original index 5
2026-01-20 16:47:26.602 [DEBUG] [ODATA_READ_BIND] Mapping activated index 3 to original index 11
2026-01-20 16:47:26.602 [DEBUG] [ODATA_READ_BIND] ActivateColumns: service_root_mode_ = false
2026-01-20 16:47:26.602 [DEBUG] [ODATA_READ_BIND] Creating new predicate pushdown helper
2026-01-20 16:47:26.602 [INFO] [ODATA_CLIENT] Resolved metadata URL: http://localhost:4444/odata/ADMIN/$metadata
2026-01-20 16:47:26.602 [DEBUG] [ODATA_CLIENT] GetCurrentEntitySetType called
2026-01-20 16:47:26.602 [DEBUG] [ODATA_CLIENT] Current URL path: /odata/ADMIN/app
2026-01-20 16:47:26.602 [DEBUG] [ODATA_CLIENT] Input parameters count: 0
2026-01-20 16:47:26.602 [DEBUG] [ODATA_CLIENT] Current entity name from fragment: empty
2026-01-20 16:47:26.602 [DEBUG] [ODATA_CLIENT] No entity name from @odata.context; deferring to metadata lookup
2026-01-20 16:47:26.602 [DEBUG] [ODATA_CLIENT] Final entity set name: 
2026-01-20 16:47:26.602 [DEBUG] [ODATA_CLIENT] Using stored metadata context URL: http://localhost:4444/odata/ADMIN/$metadata
2026-01-20 16:47:26.602 [DEBUG] [ODATA_CLIENT] Derived entity set candidate from URL: app
2026-01-20 16:47:26.602 [DEBUG] [ODATA_CLIENT] Resolved entity set from URL path: app
2026-01-20 16:47:26.603 [DEBUG] [ODATA_CLIENT] Using stored metadata context URL: http://localhost:4444/odata/ADMIN/$metadata
2026-01-20 16:47:26.603 [DEBUG] [ODATA_CLIENT] GetCurrentEntitySetType called
2026-01-20 16:47:26.603 [DEBUG] [ODATA_CLIENT] Current URL path: /odata/ADMIN/app
2026-01-20 16:47:26.603 [DEBUG] [ODATA_CLIENT] Input parameters count: 0
2026-01-20 16:47:26.603 [DEBUG] [ODATA_CLIENT] Current entity name from fragment: empty
2026-01-20 16:47:26.603 [DEBUG] [ODATA_CLIENT] No entity name from @odata.context; deferring to metadata lookup
2026-01-20 16:47:26.603 [DEBUG] [ODATA_CLIENT] Final entity set name: 
2026-01-20 16:47:26.603 [DEBUG] [ODATA_CLIENT] Using stored metadata context URL: http://localhost:4444/odata/ADMIN/$metadata
2026-01-20 16:47:26.603 [DEBUG] [ODATA_CLIENT] Derived entity set candidate from URL: app
2026-01-20 16:47:26.603 [DEBUG] [ODATA_CLIENT] Resolved entity set from URL path: app
2026-01-20 16:47:26.603 [DEBUG] [ODATA_CLIENT] Using stored metadata context URL: http://localhost:4444/odata/ADMIN/$metadata
2026-01-20 16:47:26.603 [DEBUG] [ODATA_CLIENT] Using stored metadata context URL: http://localhost:4444/odata/ADMIN/$metadata
2026-01-20 16:47:26.603 [DEBUG] [ODATA_CLIENT] GetCurrentEntitySetType called
2026-01-20 16:47:26.603 [DEBUG] [ODATA_CLIENT] Current URL path: /odata/ADMIN/app
2026-01-20 16:47:26.603 [DEBUG] [ODATA_CLIENT] Input parameters count: 0
2026-01-20 16:47:26.603 [DEBUG] [ODATA_CLIENT] Current entity name from fragment: empty
2026-01-20 16:47:26.603 [DEBUG] [ODATA_CLIENT] No entity name from @odata.context; deferring to metadata lookup
2026-01-20 16:47:26.603 [DEBUG] [ODATA_CLIENT] Final entity set name: 
2026-01-20 16:47:26.603 [DEBUG] [ODATA_CLIENT] Using stored metadata context URL: http://localhost:4444/odata/ADMIN/$metadata
2026-01-20 16:47:26.603 [DEBUG] [ODATA_CLIENT] Derived entity set candidate from URL: app
2026-01-20 16:47:26.603 [DEBUG] [ODATA_CLIENT] Resolved entity set from URL path: app
2026-01-20 16:47:26.603 [DEBUG] [ODATA_CLIENT] Using stored metadata context URL: http://localhost:4444/odata/ADMIN/$metadata
2026-01-20 16:47:26.604 [DEBUG] [ODATA_CLIENT] Using stored metadata context URL: http://localhost:4444/odata/ADMIN/$metadata
2026-01-20 16:47:26.604 [DEBUG] [ODATA_READ_BIND] Using OData client column names for predicate pushdown: 12 columns
2026-01-20 16:47:26.604 [DEBUG] [PREDICATE_PUSHDOWN] Created predicate pushdown helper with 12 columns
2026-01-20 16:47:26.604 [DEBUG] [PREDICATE_PUSHDOWN] Column 0: app_id
2026-01-20 16:47:26.604 [DEBUG] [PREDICATE_PUSHDOWN] Column 1: app
2026-01-20 16:47:26.604 [DEBUG] [PREDICATE_PUSHDOWN] Column 2: app_desc
2026-01-20 16:47:26.604 [DEBUG] [PREDICATE_PUSHDOWN] Column 3: version
2026-01-20 16:47:26.604 [DEBUG] [PREDICATE_PUSHDOWN] Column 4: email
2026-01-20 16:47:26.604 [DEBUG] [PREDICATE_PUSHDOWN] Column 5: db
2026-01-20 16:47:26.604 [DEBUG] [PREDICATE_PUSHDOWN] Column 6: attach_logo
2026-01-20 16:47:26.604 [DEBUG] [PREDICATE_PUSHDOWN] Column 7: config
2026-01-20 16:47:26.604 [DEBUG] [PREDICATE_PUSHDOWN] Column 8: user_id
2026-01-20 16:47:26.604 [DEBUG] [PREDICATE_PUSHDOWN] Column 9: created_at
2026-01-20 16:47:26.604 [DEBUG] [PREDICATE_PUSHDOWN] Column 10: updated_at
2026-01-20 16:47:26.604 [DEBUG] [PREDICATE_PUSHDOWN] Column 11: excluded
2026-01-20 16:47:26.604 [DEBUG] [PREDICATE_PUSHDOWN] Set OData version to: V4
2026-01-20 16:47:26.604 [DEBUG] [ODATA_READ_BIND] Set OData version V4 on predicate pushdown helper
2026-01-20 16:47:26.604 [DEBUG] [PREDICATE_PUSHDOWN] Column name resolver set
2026-01-20 16:47:26.604 [DEBUG] [PREDICATE_PUSHDOWN] Consuming column selection: 4 columns
2026-01-20 16:47:26.604 [DEBUG] [PREDICATE_PUSHDOWN] Building select clause for 4 columns
2026-01-20 16:47:26.604 [DEBUG] [PREDICATE_PUSHDOWN] Non-rowid columns: 4 out of 12
2026-01-20 16:47:26.604 [DEBUG] [ODATA_CLIENT] Using stored metadata context URL: http://localhost:4444/odata/ADMIN/$metadata
2026-01-20 16:47:26.605 [DEBUG] [ODATA_CLIENT] GetCurrentEntitySetType called
2026-01-20 16:47:26.605 [DEBUG] [ODATA_CLIENT] Current URL path: /odata/ADMIN/app
2026-01-20 16:47:26.605 [DEBUG] [ODATA_CLIENT] Input parameters count: 0
2026-01-20 16:47:26.605 [DEBUG] [ODATA_CLIENT] Current entity name from fragment: empty
2026-01-20 16:47:26.605 [DEBUG] [ODATA_CLIENT] No entity name from @odata.context; deferring to metadata lookup
2026-01-20 16:47:26.605 [DEBUG] [ODATA_CLIENT] Final entity set name: 
2026-01-20 16:47:26.605 [DEBUG] [ODATA_CLIENT] Using stored metadata context URL: http://localhost:4444/odata/ADMIN/$metadata
2026-01-20 16:47:26.605 [DEBUG] [ODATA_CLIENT] Derived entity set candidate from URL: app
2026-01-20 16:47:26.605 [DEBUG] [ODATA_CLIENT] Resolved entity set from URL path: app
2026-01-20 16:47:26.605 [DEBUG] [ODATA_CLIENT] Using stored metadata context URL: http://localhost:4444/odata/ADMIN/$metadata
2026-01-20 16:47:26.605 [DEBUG] [ODATA_CLIENT] GetCurrentEntitySetType called
2026-01-20 16:47:26.605 [DEBUG] [ODATA_CLIENT] Current URL path: /odata/ADMIN/app
2026-01-20 16:47:26.605 [DEBUG] [ODATA_CLIENT] Input parameters count: 0
2026-01-20 16:47:26.605 [DEBUG] [ODATA_CLIENT] Current entity name from fragment: empty
2026-01-20 16:47:26.605 [DEBUG] [ODATA_CLIENT] No entity name from @odata.context; deferring to metadata lookup
2026-01-20 16:47:26.605 [DEBUG] [ODATA_CLIENT] Final entity set name: 
2026-01-20 16:47:26.605 [DEBUG] [ODATA_CLIENT] Using stored metadata context URL: http://localhost:4444/odata/ADMIN/$metadata
2026-01-20 16:47:26.605 [DEBUG] [ODATA_CLIENT] Derived entity set candidate from URL: app
2026-01-20 16:47:26.605 [DEBUG] [ODATA_CLIENT] Resolved entity set from URL path: app
2026-01-20 16:47:26.605 [DEBUG] [ODATA_CLIENT] Using stored metadata context URL: http://localhost:4444/odata/ADMIN/$metadata
2026-01-20 16:47:26.605 [DEBUG] [ODATA_CLIENT] Using stored metadata context URL: http://localhost:4444/odata/ADMIN/$metadata
2026-01-20 16:47:26.605 [DEBUG] [ODATA_CLIENT] GetCurrentEntitySetType called
2026-01-20 16:47:26.605 [DEBUG] [ODATA_CLIENT] Current URL path: /odata/ADMIN/app
2026-01-20 16:47:26.606 [DEBUG] [ODATA_CLIENT] Input parameters count: 0
2026-01-20 16:47:26.606 [DEBUG] [ODATA_CLIENT] Current entity name from fragment: empty
2026-01-20 16:47:26.606 [DEBUG] [ODATA_CLIENT] No entity name from @odata.context; deferring to metadata lookup
2026-01-20 16:47:26.606 [DEBUG] [ODATA_CLIENT] Final entity set name: 
2026-01-20 16:47:26.606 [DEBUG] [ODATA_CLIENT] Using stored metadata context URL: http://localhost:4444/odata/ADMIN/$metadata
2026-01-20 16:47:26.606 [DEBUG] [ODATA_CLIENT] Derived entity set candidate from URL: app
2026-01-20 16:47:26.606 [DEBUG] [ODATA_CLIENT] Resolved entity set from URL path: app
2026-01-20 16:47:26.606 [DEBUG] [ODATA_CLIENT] Using stored metadata context URL: http://localhost:4444/odata/ADMIN/$metadata
2026-01-20 16:47:26.606 [DEBUG] [ODATA_CLIENT] Using stored metadata context URL: http://localhost:4444/odata/ADMIN/$metadata
2026-01-20 16:47:26.607 [DEBUG] [PREDICATE_PUSHDOWN] Added field to select: app_id
2026-01-20 16:47:26.607 [DEBUG] [PREDICATE_PUSHDOWN] Added field to select: app
2026-01-20 16:47:26.607 [DEBUG] [PREDICATE_PUSHDOWN] Added field to select: db
2026-01-20 16:47:26.607 [DEBUG] [PREDICATE_PUSHDOWN] Added field to select: excluded
2026-01-20 16:47:26.607 [DEBUG] [PREDICATE_PUSHDOWN] Built select clause: $select=app_id,app,db,excluded
2026-01-20 16:47:26.607 [DEBUG] [PREDICATE_PUSHDOWN] Built select clause: $select=app_id,app,db,excluded
2026-01-20 16:47:26.607 [DEBUG] [ODATA_READ_BIND] Select clause: $select=app_id,app,db,excluded
2026-01-20 16:47:26.607 [DEBUG] [ODATA_READ_BIND] Adding 1 filters: Column 0: c0=1

2026-01-20 16:47:26.607 [DEBUG] [PREDICATE_PUSHDOWN] Building filter clause
2026-01-20 16:47:26.607 [DEBUG] [PREDICATE_PUSHDOWN] Processing 1 filters
2026-01-20 16:47:26.607 [DEBUG] [PREDICATE_PUSHDOWN] Processing filter for DuckDB column index: 0
2026-01-20 16:47:26.607 [DEBUG] [PREDICATE_PUSHDOWN] Total columns available: 12
2026-01-20 16:47:26.607 [DEBUG] [PREDICATE_PUSHDOWN] Column name resolver mapped index 0 to: app_id
2026-01-20 16:47:26.607 [DEBUG] [PREDICATE_PUSHDOWN] Translating filter for column 'app_id' with filter type: 0
2026-01-20 16:47:26.607 [DEBUG] [PREDICATE_PUSHDOWN] Translating constant comparison for column 'app_id'
2026-01-20 16:47:26.607 [DEBUG] [PREDICATE_PUSHDOWN] Constant value: '1' (type: INTEGER)
2026-01-20 16:47:26.607 [DEBUG] [PREDICATE_PUSHDOWN] Using comparison operator: eq
2026-01-20 16:47:26.607 [DEBUG] [PREDICATE_PUSHDOWN] Added numeric value without quotes: 1
2026-01-20 16:47:26.607 [DEBUG] [PREDICATE_PUSHDOWN] Final constant comparison: 'app_id eq 1'
2026-01-20 16:47:26.607 [DEBUG] [PREDICATE_PUSHDOWN] Translated filter result: 'app_id eq 1'
2026-01-20 16:47:26.607 [DEBUG] [PREDICATE_PUSHDOWN] Valid filter: app_id eq 1
2026-01-20 16:47:26.607 [DEBUG] [PREDICATE_PUSHDOWN] Built filter clause (smart-encoded): $filter=app_id%20eq%201
2026-01-20 16:47:26.607 [DEBUG] [PREDICATE_PUSHDOWN] Built filter clause: $filter=app_id%20eq%201
2026-01-20 16:47:26.607 [DEBUG] [ODATA_READ_BIND] Filter clause: $filter=app_id%20eq%201
2026-01-20 16:47:26.607 [DEBUG] [ODATA_READ_BIND] Updating URL from predicate pushdown
2026-01-20 16:47:26.607 [DEBUG] [ODATA_READ_BIND] Original URL: http://localhost:4444/odata/ADMIN/app?$format=json
2026-01-20 16:47:26.607 [DEBUG] [PREDICATE_PUSHDOWN] Applying filters to URL: http://localhost:4444/odata/ADMIN/app?$format=json
2026-01-20 16:47:26.607 [DEBUG] [PREDICATE_PUSHDOWN] Select clause: '$select=app_id,app,db,excluded'
2026-01-20 16:47:26.607 [DEBUG] [PREDICATE_PUSHDOWN] Filter clause: '$filter=app_id%20eq%201'
2026-01-20 16:47:26.607 [DEBUG] [PREDICATE_PUSHDOWN] Top clause: ''
2026-01-20 16:47:26.607 [DEBUG] [PREDICATE_PUSHDOWN] Skip clause: ''
2026-01-20 16:47:26.607 [DEBUG] [PREDICATE_PUSHDOWN] Expand clause: ''
2026-01-20 16:47:26.608 [DEBUG] [PREDICATE_PUSHDOWN] Set param '$select' = 'app_id,app,db,excluded'
2026-01-20 16:47:26.608 [DEBUG] [PREDICATE_PUSHDOWN] Set param '$filter' = 'app_id%20eq%201'
2026-01-20 16:47:26.608 [DEBUG] [PREDICATE_PUSHDOWN] Final query: '?$filter=app_id%20eq%201&$format=json&$select=app_id,app,db,excluded'
2026-01-20 16:47:26.608 [INFO] [PREDICATE_PUSHDOWN] Updated URL: http://localhost:4444/odata/ADMIN/app?$filter=app_id%20eq%201&$format=json&$select=app_id,app,db,excluded
2026-01-20 16:47:26.608 [DEBUG] [ODATA_READ_BIND] Updated URL: http://localhost:4444/odata/ADMIN/app?$filter=app_id%20eq%201&$format=json&$select=app_id,app,db,excluded
2026-01-20 16:47:26.608 [DEBUG] [ODATA_READ_BIND] PrefetchFirstPage: service_root_mode_ = false
2026-01-20 16:47:26.608 [DEBUG] [ODATA_READ_BIND] PrefetchFirstPage: starting first page fetch
2026-01-20 16:47:26.608 [INFO] [ODATA_CLIENT] Fetching OData request from: http://localhost:4444/odata/ADMIN/app?$filter=app_id%20eq%201&$format=json&$select=app_id,app,db,excluded (get_next: 0)
2026-01-20 16:47:26.608 [INFO] [ODATA_CLIENT] Resolved metadata URL: http://localhost:4444/odata/ADMIN/$metadata
2026-01-20 16:47:26.608 [DEBUG] [ODATA_CLIENT] Using cached metadata, detected version: V4
2026-01-20 16:47:26.608 [DEBUG] [ODATA_CLIENT] Executing HTTP GET request
2026-01-20 16:47:26.608 [DEBUG] [ODATA_CLIENT] DoHttpGet: calling AddInputParametersToUrl
2026-01-20 16:47:26.608 [INFO] [ODATA_CLIENT] AddInputParametersToUrl called with 0 parameters on client at 94364829678176
2026-01-20 16:47:26.608 [INFO] [ODATA_CLIENT] No input parameters to add
2026-01-20 16:47:26.608 [DEBUG] [ODATA_CLIENT] DoHttpGet: URL after input parameters: http://localhost:4444/odata/ADMIN/app?$filter=app_id%20eq%201&$format=json&$select=app_id,app,db,excluded
2026-01-20 16:47:26.608 [INFO] [HTTP_REQUEST_REPRO] Reproduce with: SELECT * FROM http_get('http://localhost:4444/odata/ADMIN/app?$filter=app_id%20eq%201&$format=json&$select=app_id,app,db,excluded', headers := MAP{'Accept': 'application/json;odata.metadata=minimal', 'Authorization': 'Bearer eyJhbGciOiJIUzI1NiJ9.eyJpc3MiOiJodHRwOi8vbG9jYWxob3N0OjQ0NDQiLCJzdWIiOiJ7XCJhY3RpdmVcIjp0cnVlLFwiZXhjbHVkZWRcIjpmYWxzZSxcImZpcnN0X25hbWVcIjpcIlN1cGVyXCIsXCJsYW5nX2lkXCI6MSxcImxhc3RfbmFtZVwiOlwiQWRtaW5cIixcInJvbGVfaWRcIjoxLFwidXNlcl9pZFwiOjEsXCJ1c2VybmFtZVwiOlwicm9vdFwifSIsImF1ZCI6WyJodHRwOi8vbG9jYWxob3N0OjQ0NDQiXSwiZXhwIjoxNzc0MDg0NzU1LjgzMzE4OTcsIm5iZiI6MTc2ODkwMDc1NS44MzMxOTA3LCJpYXQiOjE3Njg5MDA3NTUuODMzMTkwMn0.nKV-u4pSDHrsDNaaPkCnfXSs8jOtofXSggQ-MS5CtQA', 'OData-MaxVersion': '4.0', 'OData-Version': '4.0'}, url_encode := false);
2026-01-20 16:47:26.608 [INFO] [HTTP_REQUEST] Executing GET request to: /odata/ADMIN/app?$filter=app_id%20eq%201&$format=json&$select=app_id,app,db,excluded
2026-01-20 16:47:26.608 [DEBUG] [HTTP_REQUEST] Request headers:
2026-01-20 16:47:26.608 [DEBUG] [HTTP_REQUEST]   Accept: application/json;odata.metadata=minimal
2026-01-20 16:47:26.608 [DEBUG] [HTTP_REQUEST]   Authorization: Bearer eyJhbGciOiJIUzI1NiJ9.eyJpc3MiOiJodHRwOi8vbG9jYWxob3N0OjQ0NDQiLCJzdWIiOiJ7XCJhY3RpdmVcIjp0cnVlLFwiZXhjbHVkZWRcIjpmYWxzZSxcImZpcnN0X25hbWVcIjpcIlN1cGVyXCIsXCJsYW5nX2lkXCI6MSxcImxhc3RfbmFtZVwiOlwiQWRtaW5cIixcInJvbGVfaWRcIjoxLFwidXNlcl9pZFwiOjEsXCJ1c2VybmFtZVwiOlwicm9vdFwifSIsImF1ZCI6WyJodHRwOi8vbG9jYWxob3N0OjQ0NDQiXSwiZXhwIjoxNzc0MDg0NzU1LjgzMzE4OTcsIm5iZiI6MTc2ODkwMDc1NS44MzMxOTA3LCJpYXQiOjE3Njg5MDA3NTUuODMzMTkwMn0.nKV-u4pSDHrsDNaaPkCnfXSs8jOtofXSggQ-MS5CtQA
2026-01-20 16:47:26.608 [DEBUG] [HTTP_REQUEST]   OData-MaxVersion: 4.0
2026-01-20 16:47:26.608 [DEBUG] [HTTP_REQUEST]   OData-Version: 4.0
2026-01-20 16:47:26.618 [INFO] [HTTP_RESPONSE] Response status: 200
2026-01-20 16:47:26.618 [DEBUG] [HTTP_RESPONSE] Response headers:
2026-01-20 16:47:26.618 [DEBUG] [HTTP_RESPONSE]   Access-Control-Allow-Headers: Content-Type, Authorization, enctype
2026-01-20 16:47:26.618 [DEBUG] [HTTP_RESPONSE]   Access-Control-Allow-Methods: GET, POST, PUT, DELETE, OPTIONS
2026-01-20 16:47:26.618 [DEBUG] [HTTP_RESPONSE]   Access-Control-Allow-Origin: *
2026-01-20 16:47:26.618 [DEBUG] [HTTP_RESPONSE]   Content-Length: 161
2026-01-20 16:47:26.618 [DEBUG] [HTTP_RESPONSE]   Content-Type: application/json; charset=utf-8
2026-01-20 16:47:26.618 [DEBUG] [HTTP_RESPONSE]   Date: Tue, 20 Jan 2026 17:47:26 GMT
2026-01-20 16:47:26.618 [DEBUG] [HTTP_RESPONSE]   Odata-Version: 4.0
2026-01-20 16:47:26.618 [DEBUG] [HTTP_RESPONSE]   Vary: Authorization
2026-01-20 16:47:26.618 [DEBUG] [HTTP_RESPONSE] Response body (161 bytes)
2026-01-20 16:47:26.618 [DEBUG] [HTTP_RESPONSE] Response body: {"@odata.context":"http://localhost:4444/odata/ADMIN/app","@odata.count":1,"value":[{"app":"ADMIN","app_id":1,"db":"ADMIN","excluded":false,"username":"root"}]}

2026-01-20 16:47:26.618 [DEBUG] [ODATA_CLIENT] Creating OData response object
2026-01-20 16:47:26.618 [DEBUG] [ODATA_RESPONSE] Created OData entity set response
2026-01-20 16:47:26.618 [DEBUG] [ODATA_RESPONSE] Response content type: application/json; charset=utf-8
2026-01-20 16:47:26.618 [DEBUG] [ODATA_RESPONSE] OData version: V4
2026-01-20 16:47:26.618 [DEBUG] [ODATA_CLIENT] Successfully created OData response
2026-01-20 16:47:26.618 [DEBUG] [ODATA_RESPONSE] Parsing HTTP response content
2026-01-20 16:47:26.618 [DEBUG] [ODATA_RESPONSE] Content type: application/json; charset=utf-8
2026-01-20 16:47:26.618 [DEBUG] [CHARSET_CONVERTER] Detected UTF-8 charset, using UTF-8 converter
2026-01-20 16:47:26.618 [DEBUG] [CHARSET_CONVERTER] Creating charset converter for content type: application/json; charset=utf-8
2026-01-20 16:47:26.618 [DEBUG] [CHARSET_CONVERTER] Charset converter initialized with charset: utf-8
2026-01-20 16:47:26.618 [DEBUG] [CHARSET_CONVERTER] Converting 161 bytes using charset: utf-8
2026-01-20 16:47:26.618 [DEBUG] [CHARSET_CONVERTER] Converting from bytes using charset: utf-8
2026-01-20 16:47:26.618 [DEBUG] [CHARSET_CONVERTER] Using default UTF-8 conversion
2026-01-20 16:47:26.618 [DEBUG] [CHARSET_CONVERTER] Using UTF-8 converter for output
2026-01-20 16:47:26.618 [DEBUG] [ODATA_RESPONSE] Content size: 161 bytes
2026-01-20 16:47:26.618 [DEBUG] [CHARSET_CONVERTER] Detected UTF-8 charset, using UTF-8 converter
2026-01-20 16:47:26.618 [DEBUG] [CHARSET_CONVERTER] Creating charset converter for content type: application/json; charset=utf-8
2026-01-20 16:47:26.618 [DEBUG] [CHARSET_CONVERTER] Charset converter initialized with charset: utf-8
2026-01-20 16:47:26.618 [DEBUG] [CHARSET_CONVERTER] Converting 161 bytes using charset: utf-8
2026-01-20 16:47:26.618 [DEBUG] [CHARSET_CONVERTER] Converting from bytes using charset: utf-8
2026-01-20 16:47:26.618 [DEBUG] [CHARSET_CONVERTER] Using default UTF-8 conversion
2026-01-20 16:47:26.618 [DEBUG] [CHARSET_CONVERTER] Using UTF-8 converter for output
2026-01-20 16:47:26.618 [DEBUG] [ODATA_CONTENT] Creating OData content from response
2026-01-20 16:47:26.618 [DEBUG] [ODATA_CONTENT] Content type: application/json; charset=utf-8
2026-01-20 16:47:26.618 [DEBUG] [ODATA_CONTENT] Content size: 161 bytes
2026-01-20 16:47:26.618 [DEBUG] [DETECT_VERSION] Starting OData version detection
2026-01-20 16:47:26.618 [DEBUG] [DETECT_VERSION] Found 'value' array, detecting as V4
2026-01-20 16:47:26.618 [DEBUG] [ODATA_CONTENT] Detected OData version from response: V4
2026-01-20 16:47:26.618 [DEBUG] [ODATA_CONTENT] Metadata suggested version: V4
2026-01-20 16:47:26.618 [DEBUG] [DETECT_VERSION] Starting OData version detection
2026-01-20 16:47:26.618 [DEBUG] [DETECT_VERSION] Found 'value' array, detecting as V4
2026-01-20 16:47:26.619 [DEBUG] [ODATA_RESPONSE] Successfully parsed content
2026-01-20 16:47:26.619 [DEBUG] [ODATA_CLIENT] Raw metadata context URL: http://localhost:4444/odata/ADMIN/app
2026-01-20 16:47:26.619 [INFO] [ODATA_CLIENT] Updated metadata context URL from response: http://localhost:4444/odata/ADMIN/app
2026-01-20 16:47:26.619 [DEBUG] [ODATA_RESPONSE] Returning cached parsed content
2026-01-20 16:47:26.619 [INFO] [ODATA_READ_BIND] Service reported total row count: 1
2026-01-20 16:47:26.619 [INFO] [ODATA_READ_BIND] GetResultNames called - service_root_mode: false
2026-01-20 16:47:26.619 [INFO] [ODATA_READ_BIND] GetResultTypes called - service_root_mode: false
2026-01-20 16:47:26.619 [INFO] [ODATA_READ_BIND] Calling odata_client->GetResultTypes() for metadata
2026-01-20 16:47:26.619 [DEBUG] [ODATA_CLIENT] Using stored metadata context URL: http://localhost:4444/odata/ADMIN/app
2026-01-20 16:47:26.619 [DEBUG] [ODATA_CLIENT] OData Metadata HTTP Request:
  URL: http://localhost:4444/odata/ADMIN/app
  Method: GET
  Headers:
    Connection: close
    Authorization: Bearer eyJhbGciOiJIUzI1NiJ9.eyJpc3MiOiJodHRwOi8vbG9jYWxob3N0OjQ0NDQiLCJzdWIiOiJ7XCJhY3RpdmVcIjp0cnVlLFwiZXhjbHVkZWRcIjpmYWxzZSxcImZpcnN0X25hbWVcIjpcIlN1cGVyXCIsXCJsYW5nX2lkXCI6MSxcImxhc3RfbmFtZVwiOlwiQWRtaW5cIixcInJvbGVfaWRcIjoxLFwidXNlcl9pZFwiOjEsXCJ1c2VybmFtZVwiOlwicm9vdFwifSIsImF1ZCI6WyJodHRwOi8vbG9jYWxob3N0OjQ0NDQiXSwiZXhwIjoxNzc0MDg0NzU1LjgzMzE4OTcsIm5iZiI6MTc2ODkwMDc1NS44MzMxOTA3LCJpYXQiOjE3Njg5MDA3NTUuODMzMTkwMn0.nKV-u4pSDHrsDNaaPkCnfXSs8jOtofXSggQ-MS5CtQA
    Accept: application/xml
2026-01-20 16:47:26.619 [DEBUG] [ODATA_CLIENT] Metadata request attempt 1 of 3
2026-01-20 16:47:26.619 [INFO] [HTTP_REQUEST_REPRO] Reproduce with: SELECT * FROM http_get('http://localhost:4444/odata/ADMIN/app', headers := MAP{'Accept': 'application/xml', 'Authorization': 'Bearer eyJhbGciOiJIUzI1NiJ9.eyJpc3MiOiJodHRwOi8vbG9jYWxob3N0OjQ0NDQiLCJzdWIiOiJ7XCJhY3RpdmVcIjp0cnVlLFwiZXhjbHVkZWRcIjpmYWxzZSxcImZpcnN0X25hbWVcIjpcIlN1cGVyXCIsXCJsYW5nX2lkXCI6MSxcImxhc3RfbmFtZVwiOlwiQWRtaW5cIixcInJvbGVfaWRcIjoxLFwidXNlcl9pZFwiOjEsXCJ1c2VybmFtZVwiOlwicm9vdFwifSIsImF1ZCI6WyJodHRwOi8vbG9jYWxob3N0OjQ0NDQiXSwiZXhwIjoxNzc0MDg0NzU1LjgzMzE4OTcsIm5iZiI6MTc2ODkwMDc1NS44MzMxOTA3LCJpYXQiOjE3Njg5MDA3NTUuODMzMTkwMn0.nKV-u4pSDHrsDNaaPkCnfXSs8jOtofXSggQ-MS5CtQA', 'Connection': 'close'}, url_encode := false);
2026-01-20 16:47:26.619 [INFO] [HTTP_REQUEST] Executing GET request to: /odata/ADMIN/app
2026-01-20 16:47:26.619 [DEBUG] [HTTP_REQUEST] Request headers:
2026-01-20 16:47:26.619 [DEBUG] [HTTP_REQUEST]   Accept: application/xml
2026-01-20 16:47:26.619 [DEBUG] [HTTP_REQUEST]   Authorization: Bearer eyJhbGciOiJIUzI1NiJ9.eyJpc3MiOiJodHRwOi8vbG9jYWxob3N0OjQ0NDQiLCJzdWIiOiJ7XCJhY3RpdmVcIjp0cnVlLFwiZXhjbHVkZWRcIjpmYWxzZSxcImZpcnN0X25hbWVcIjpcIlN1cGVyXCIsXCJsYW5nX2lkXCI6MSxcImxhc3RfbmFtZVwiOlwiQWRtaW5cIixcInJvbGVfaWRcIjoxLFwidXNlcl9pZFwiOjEsXCJ1c2VybmFtZVwiOlwicm9vdFwifSIsImF1ZCI6WyJodHRwOi8vbG9jYWxob3N0OjQ0NDQiXSwiZXhwIjoxNzc0MDg0NzU1LjgzMzE4OTcsIm5iZiI6MTc2ODkwMDc1NS44MzMxOTA3LCJpYXQiOjE3Njg5MDA3NTUuODMzMTkwMn0.nKV-u4pSDHrsDNaaPkCnfXSs8jOtofXSggQ-MS5CtQA
2026-01-20 16:47:26.619 [DEBUG] [HTTP_REQUEST]   Connection: close
2026-01-20 16:47:26.631 [INFO] [HTTP_RESPONSE] Response status: 200
2026-01-20 16:47:26.631 [DEBUG] [HTTP_RESPONSE] Response headers:
2026-01-20 16:47:26.631 [DEBUG] [HTTP_RESPONSE]   Access-Control-Allow-Headers: Content-Type, Authorization, enctype
2026-01-20 16:47:26.631 [DEBUG] [HTTP_RESPONSE]   Access-Control-Allow-Methods: GET, POST, PUT, DELETE, OPTIONS
2026-01-20 16:47:26.631 [DEBUG] [HTTP_RESPONSE]   Access-Control-Allow-Origin: *
2026-01-20 16:47:26.631 [DEBUG] [HTTP_RESPONSE]   Connection: close
2026-01-20 16:47:26.631 [DEBUG] [HTTP_RESPONSE]   Content-Length: 868
2026-01-20 16:47:26.631 [DEBUG] [HTTP_RESPONSE]   Content-Type: application/json; charset=utf-8
2026-01-20 16:47:26.631 [DEBUG] [HTTP_RESPONSE]   Date: Tue, 20 Jan 2026 17:47:26 GMT
2026-01-20 16:47:26.631 [DEBUG] [HTTP_RESPONSE]   Odata-Version: 4.0
2026-01-20 16:47:26.631 [DEBUG] [HTTP_RESPONSE]   Vary: Authorization
2026-01-20 16:47:26.631 [DEBUG] [HTTP_RESPONSE] Response body (868 bytes)
2026-01-20 16:47:26.631 [DEBUG] [HTTP_RESPONSE] Response body: {"@odata.context":"http://localhost:4444/odata/ADMIN/app","@odata.count":3,"value":[{"app":"ADMIN","app_desc":"Admin","app_id":1,"attach_logo":null,"config":"{}","created_at":"2025-11-05T18:55:00.130747Z","db":"ADMIN","email":null,"excluded":false,"updated_at":"2025-11-05T18:55:00.130747Z","user_id":1,"username":"root","version":"1.0.0"},{"app":"ETLX","app_desc":"ETLX UI in CS","app_id":2,"attach_logo":null,"config":null,"created_at":"2025-11-05T19:01:54.055156Z","db":"ETLX","email":null,"excluded":false,"updated_at":"2025-11-05T19:01:54.055156Z","user_id":1,"username":"root","version":"1.0.0"},{"app":"SAAS","app_desc":"CS SASS Backend","app_id":3,"attach_logo":null,"config":null,"created_at":"2026-01-10T18:53:52.783348Z","db":"SAAS","email":null,"excluded":false,"updated_at":"2026-01-10T18:53:52.783348Z","user_id":1,"username":"root","version":"1.0.0"}]}

2026-01-20 16:47:26.631 [DEBUG] [CHARSET_CONVERTER] Detected UTF-8 charset, using UTF-8 converter
2026-01-20 16:47:26.631 [DEBUG] [CHARSET_CONVERTER] Creating charset converter for content type: application/json; charset=utf-8
2026-01-20 16:47:26.631 [DEBUG] [CHARSET_CONVERTER] Charset converter initialized with charset: utf-8
2026-01-20 16:47:26.631 [DEBUG] [CHARSET_CONVERTER] Converting 868 bytes using charset: utf-8
2026-01-20 16:47:26.631 [DEBUG] [CHARSET_CONVERTER] Converting from bytes using charset: utf-8
2026-01-20 16:47:26.632 [DEBUG] [CHARSET_CONVERTER] Using default UTF-8 conversion
2026-01-20 16:47:26.632 [DEBUG] [CHARSET_CONVERTER] Using UTF-8 converter for output
2026-01-20 16:47:26.632 [DEBUG] [CHARSET_CONVERTER] Detected UTF-8 charset, using UTF-8 converter
2026-01-20 16:47:26.632 [DEBUG] [CHARSET_CONVERTER] Creating charset converter for content type: application/json; charset=utf-8
2026-01-20 16:47:26.632 [DEBUG] [CHARSET_CONVERTER] Charset converter initialized with charset: utf-8
2026-01-20 16:47:26.632 [DEBUG] [CHARSET_CONVERTER] Converting 868 bytes using charset: utf-8
2026-01-20 16:47:26.632 [DEBUG] [CHARSET_CONVERTER] Converting from bytes using charset: utf-8
2026-01-20 16:47:26.632 [DEBUG] [CHARSET_CONVERTER] Using default UTF-8 conversion
2026-01-20 16:47:26.632 [DEBUG] [CHARSET_CONVERTER] Using UTF-8 converter for output
2026-01-20 16:47:26.632 [DEBUG] [CHARSET_CONVERTER] Detected UTF-8 charset, using UTF-8 converter
2026-01-20 16:47:26.632 [DEBUG] [CHARSET_CONVERTER] Creating charset converter for content type: application/json; charset=utf-8
2026-01-20 16:47:26.632 [DEBUG] [CHARSET_CONVERTER] Charset converter initialized with charset: utf-8
2026-01-20 16:47:26.632 [DEBUG] [CHARSET_CONVERTER] Converting 868 bytes using charset: utf-8
2026-01-20 16:47:26.632 [DEBUG] [CHARSET_CONVERTER] Converting from bytes using charset: utf-8
2026-01-20 16:47:26.632 [DEBUG] [CHARSET_CONVERTER] Using default UTF-8 conversion
2026-01-20 16:47:26.632 [DEBUG] [CHARSET_CONVERTER] Using UTF-8 converter for output
2026-01-20 16:47:26.632 [DEBUG] [ODATA_CLIENT] OData Metadata HTTP Success Response:
  Status Code: 200
  Content Type: application/json; charset=utf-8
  Response Headers:
    Vary: Authorization
    Odata-Version: 4.0
    Content-Length: 868
    Content-Type: application/json; charset=utf-8
    Connection: close
    Date: Tue, 20 Jan 2026 17:47:26 GMT
    Access-Control-Allow-Origin: *
    Access-Control-Allow-Methods: GET, POST, PUT, DELETE, OPTIONS
    Access-Control-Allow-Headers: Content-Type, Authorization, enctype
  Response Body Size: 868 bytes
  Response Body Preview (first 4000 chars): {"@odata.context":"http://localhost:4444/odata/ADMIN/app","@odata.count":3,"value":[{"app":"ADMIN","app_desc":"Admin","app_id":1,"attach_logo":null,"config":"{}","created_at":"2025-11-05T18:55:00.130747Z","db":"ADMIN","email":null,"excluded":false,"updated_at":"2025-11-05T18:55:00.130747Z","user_id":1,"username":"root","version":"1.0.0"},{"app":"ETLX","app_desc":"ETLX UI in CS","app_id":2,"attach_logo":null,"config":null,"created_at":"2025-11-05T19:01:54.055156Z","db":"ETLX","email":null,"excluded":false,"updated_at":"2025-11-05T19:01:54.055156Z","user_id":1,"username":"root","version":"1.0.0"},{"app":"SAAS","app_desc":"CS SASS Backend","app_id":3,"attach_logo":null,"config":null,"created_at":"2026-01-10T18:53:52.783348Z","db":"SAAS","email":null,"excluded":false,"updated_at":"2026-01-10T18:53:52.783348Z","user_id":1,"username":"root","version":"1.0.0"}]}

2026-01-20 16:47:26.632 [DEBUG] [CHARSET_CONVERTER] Detected UTF-8 charset, using UTF-8 converter
2026-01-20 16:47:26.632 [DEBUG] [CHARSET_CONVERTER] Creating charset converter for content type: application/json; charset=utf-8
2026-01-20 16:47:26.632 [DEBUG] [CHARSET_CONVERTER] Charset converter initialized with charset: utf-8
2026-01-20 16:47:26.632 [DEBUG] [CHARSET_CONVERTER] Converting 868 bytes using charset: utf-8
2026-01-20 16:47:26.632 [DEBUG] [CHARSET_CONVERTER] Converting from bytes using charset: utf-8
2026-01-20 16:47:26.632 [DEBUG] [CHARSET_CONVERTER] Using default UTF-8 conversion
2026-01-20 16:47:26.632 [DEBUG] [CHARSET_CONVERTER] Using UTF-8 converter for output
2026-01-20 16:50:12.119 [DEBUG] [ODATA_READ_BIND] Standard OData v4 URL detected, using conventional metadata approach
2026-01-20 16:50:12.120 [DEBUG] [ODATA_READ_BIND] Standard OData v4 URL detected, using conventional metadata approach
2026-01-20 16:50:12.120 [DEBUG] [ODATA_READ_BIND] Activating columns: 0, 1, 5, 11, 
2026-01-20 16:50:12.120 [DEBUG] [ODATA_READ_BIND] Mapping activated index 0 to original index 0
2026-01-20 16:50:12.120 [DEBUG] [ODATA_READ_BIND] Mapping activated index 1 to original index 1
2026-01-20 16:50:12.121 [DEBUG] [ODATA_READ_BIND] Mapping activated index 2 to original index 5
2026-01-20 16:50:12.121 [DEBUG] [ODATA_READ_BIND] Mapping activated index 3 to original index 11
2026-01-20 16:50:12.121 [DEBUG] [ODATA_READ_BIND] ActivateColumns: service_root_mode_ = false
2026-01-20 16:50:12.121 [DEBUG] [ODATA_READ_BIND] Creating new predicate pushdown helper
2026-01-20 16:50:12.121 [INFO] [ODATA_CLIENT] Resolved metadata URL: http://localhost:4444/odata/ADMIN/$metadata
2026-01-20 16:50:12.121 [DEBUG] [ODATA_CLIENT] GetCurrentEntitySetType called
2026-01-20 16:50:12.121 [DEBUG] [ODATA_CLIENT] Current URL path: /odata/ADMIN/app
2026-01-20 16:50:12.121 [DEBUG] [ODATA_CLIENT] Input parameters count: 0
2026-01-20 16:50:12.121 [DEBUG] [ODATA_CLIENT] Current entity name from fragment: empty
2026-01-20 16:50:12.121 [DEBUG] [ODATA_CLIENT] No entity name from @odata.context; deferring to metadata lookup
2026-01-20 16:50:12.121 [DEBUG] [ODATA_CLIENT] Final entity set name: 
2026-01-20 16:50:12.121 [DEBUG] [ODATA_CLIENT] Using stored metadata context URL: http://localhost:4444/odata/ADMIN/$metadata
2026-01-20 16:50:12.121 [DEBUG] [ODATA_CLIENT] Derived entity set candidate from URL: app
2026-01-20 16:50:12.121 [DEBUG] [ODATA_CLIENT] Resolved entity set from URL path: app
2026-01-20 16:50:12.121 [DEBUG] [ODATA_CLIENT] Using stored metadata context URL: http://localhost:4444/odata/ADMIN/$metadata
2026-01-20 16:50:12.121 [DEBUG] [ODATA_CLIENT] GetCurrentEntitySetType called
2026-01-20 16:50:12.121 [DEBUG] [ODATA_CLIENT] Current URL path: /odata/ADMIN/app
2026-01-20 16:50:12.121 [DEBUG] [ODATA_CLIENT] Input parameters count: 0
2026-01-20 16:50:12.121 [DEBUG] [ODATA_CLIENT] Current entity name from fragment: empty
2026-01-20 16:50:12.121 [DEBUG] [ODATA_CLIENT] No entity name from @odata.context; deferring to metadata lookup
2026-01-20 16:50:12.121 [DEBUG] [ODATA_CLIENT] Final entity set name: 
2026-01-20 16:50:12.121 [DEBUG] [ODATA_CLIENT] Using stored metadata context URL: http://localhost:4444/odata/ADMIN/$metadata
2026-01-20 16:50:12.122 [DEBUG] [ODATA_CLIENT] Derived entity set candidate from URL: app
2026-01-20 16:50:12.122 [DEBUG] [ODATA_CLIENT] Resolved entity set from URL path: app
2026-01-20 16:50:12.122 [DEBUG] [ODATA_CLIENT] Using stored metadata context URL: http://localhost:4444/odata/ADMIN/$metadata
2026-01-20 16:50:12.122 [DEBUG] [ODATA_CLIENT] Using stored metadata context URL: http://localhost:4444/odata/ADMIN/$metadata
2026-01-20 16:50:12.122 [DEBUG] [ODATA_CLIENT] GetCurrentEntitySetType called
2026-01-20 16:50:12.122 [DEBUG] [ODATA_CLIENT] Current URL path: /odata/ADMIN/app
2026-01-20 16:50:12.122 [DEBUG] [ODATA_CLIENT] Input parameters count: 0
2026-01-20 16:50:12.122 [DEBUG] [ODATA_CLIENT] Current entity name from fragment: empty
2026-01-20 16:50:12.122 [DEBUG] [ODATA_CLIENT] No entity name from @odata.context; deferring to metadata lookup
2026-01-20 16:50:12.122 [DEBUG] [ODATA_CLIENT] Final entity set name: 
2026-01-20 16:50:12.122 [DEBUG] [ODATA_CLIENT] Using stored metadata context URL: http://localhost:4444/odata/ADMIN/$metadata
2026-01-20 16:50:12.122 [DEBUG] [ODATA_CLIENT] Derived entity set candidate from URL: app
2026-01-20 16:50:12.122 [DEBUG] [ODATA_CLIENT] Resolved entity set from URL path: app
2026-01-20 16:50:12.122 [DEBUG] [ODATA_CLIENT] Using stored metadata context URL: http://localhost:4444/odata/ADMIN/$metadata
2026-01-20 16:50:12.122 [DEBUG] [ODATA_CLIENT] Using stored metadata context URL: http://localhost:4444/odata/ADMIN/$metadata
2026-01-20 16:50:12.123 [DEBUG] [ODATA_READ_BIND] Using OData client column names for predicate pushdown: 12 columns
2026-01-20 16:50:12.124 [DEBUG] [PREDICATE_PUSHDOWN] Created predicate pushdown helper with 12 columns
2026-01-20 16:50:12.124 [DEBUG] [PREDICATE_PUSHDOWN] Column 0: app_id
2026-01-20 16:50:12.124 [DEBUG] [PREDICATE_PUSHDOWN] Column 1: app
2026-01-20 16:50:12.124 [DEBUG] [PREDICATE_PUSHDOWN] Column 2: app_desc
2026-01-20 16:50:12.124 [DEBUG] [PREDICATE_PUSHDOWN] Column 3: version
2026-01-20 16:50:12.124 [DEBUG] [PREDICATE_PUSHDOWN] Column 4: email
2026-01-20 16:50:12.124 [DEBUG] [PREDICATE_PUSHDOWN] Column 5: db
2026-01-20 16:50:12.124 [DEBUG] [PREDICATE_PUSHDOWN] Column 6: attach_logo
2026-01-20 16:50:12.124 [DEBUG] [PREDICATE_PUSHDOWN] Column 7: config
2026-01-20 16:50:12.124 [DEBUG] [PREDICATE_PUSHDOWN] Column 8: user_id
2026-01-20 16:50:12.124 [DEBUG] [PREDICATE_PUSHDOWN] Column 9: created_at
2026-01-20 16:50:12.124 [DEBUG] [PREDICATE_PUSHDOWN] Column 10: updated_at
2026-01-20 16:50:12.124 [DEBUG] [PREDICATE_PUSHDOWN] Column 11: excluded
2026-01-20 16:50:12.124 [DEBUG] [PREDICATE_PUSHDOWN] Set OData version to: V4
2026-01-20 16:50:12.124 [DEBUG] [ODATA_READ_BIND] Set OData version V4 on predicate pushdown helper
2026-01-20 16:50:12.124 [DEBUG] [PREDICATE_PUSHDOWN] Column name resolver set
2026-01-20 16:50:12.124 [DEBUG] [PREDICATE_PUSHDOWN] Consuming column selection: 4 columns
2026-01-20 16:50:12.124 [DEBUG] [PREDICATE_PUSHDOWN] Building select clause for 4 columns
2026-01-20 16:50:12.124 [DEBUG] [PREDICATE_PUSHDOWN] Non-rowid columns: 4 out of 12
2026-01-20 16:50:12.124 [DEBUG] [ODATA_CLIENT] Using stored metadata context URL: http://localhost:4444/odata/ADMIN/$metadata
2026-01-20 16:50:12.124 [DEBUG] [ODATA_CLIENT] GetCurrentEntitySetType called
2026-01-20 16:50:12.124 [DEBUG] [ODATA_CLIENT] Current URL path: /odata/ADMIN/app
2026-01-20 16:50:12.124 [DEBUG] [ODATA_CLIENT] Input parameters count: 0
2026-01-20 16:50:12.124 [DEBUG] [ODATA_CLIENT] Current entity name from fragment: empty
2026-01-20 16:50:12.124 [DEBUG] [ODATA_CLIENT] No entity name from @odata.context; deferring to metadata lookup
2026-01-20 16:50:12.124 [DEBUG] [ODATA_CLIENT] Final entity set name: 
2026-01-20 16:50:12.124 [DEBUG] [ODATA_CLIENT] Using stored metadata context URL: http://localhost:4444/odata/ADMIN/$metadata
2026-01-20 16:50:12.124 [DEBUG] [ODATA_CLIENT] Derived entity set candidate from URL: app
2026-01-20 16:50:12.124 [DEBUG] [ODATA_CLIENT] Resolved entity set from URL path: app
2026-01-20 16:50:12.124 [DEBUG] [ODATA_CLIENT] Using stored metadata context URL: http://localhost:4444/odata/ADMIN/$metadata
2026-01-20 16:50:12.124 [DEBUG] [ODATA_CLIENT] GetCurrentEntitySetType called
2026-01-20 16:50:12.124 [DEBUG] [ODATA_CLIENT] Current URL path: /odata/ADMIN/app
2026-01-20 16:50:12.124 [DEBUG] [ODATA_CLIENT] Input parameters count: 0
2026-01-20 16:50:12.124 [DEBUG] [ODATA_CLIENT] Current entity name from fragment: empty
2026-01-20 16:50:12.124 [DEBUG] [ODATA_CLIENT] No entity name from @odata.context; deferring to metadata lookup
2026-01-20 16:50:12.124 [DEBUG] [ODATA_CLIENT] Final entity set name: 
2026-01-20 16:50:12.125 [DEBUG] [ODATA_CLIENT] Using stored metadata context URL: http://localhost:4444/odata/ADMIN/$metadata
2026-01-20 16:50:12.125 [DEBUG] [ODATA_CLIENT] Derived entity set candidate from URL: app
2026-01-20 16:50:12.125 [DEBUG] [ODATA_CLIENT] Resolved entity set from URL path: app
2026-01-20 16:50:12.125 [DEBUG] [ODATA_CLIENT] Using stored metadata context URL: http://localhost:4444/odata/ADMIN/$metadata
2026-01-20 16:50:12.125 [DEBUG] [ODATA_CLIENT] Using stored metadata context URL: http://localhost:4444/odata/ADMIN/$metadata
2026-01-20 16:50:12.125 [DEBUG] [ODATA_CLIENT] GetCurrentEntitySetType called
2026-01-20 16:50:12.125 [DEBUG] [ODATA_CLIENT] Current URL path: /odata/ADMIN/app
2026-01-20 16:50:12.125 [DEBUG] [ODATA_CLIENT] Input parameters count: 0
2026-01-20 16:50:12.125 [DEBUG] [ODATA_CLIENT] Current entity name from fragment: empty
2026-01-20 16:50:12.125 [DEBUG] [ODATA_CLIENT] No entity name from @odata.context; deferring to metadata lookup
2026-01-20 16:50:12.125 [DEBUG] [ODATA_CLIENT] Final entity set name: 
2026-01-20 16:50:12.125 [DEBUG] [ODATA_CLIENT] Using stored metadata context URL: http://localhost:4444/odata/ADMIN/$metadata
2026-01-20 16:50:12.125 [DEBUG] [ODATA_CLIENT] Derived entity set candidate from URL: app
2026-01-20 16:50:12.125 [DEBUG] [ODATA_CLIENT] Resolved entity set from URL path: app
2026-01-20 16:50:12.125 [DEBUG] [ODATA_CLIENT] Using stored metadata context URL: http://localhost:4444/odata/ADMIN/$metadata
2026-01-20 16:50:12.125 [DEBUG] [ODATA_CLIENT] Using stored metadata context URL: http://localhost:4444/odata/ADMIN/$metadata
2026-01-20 16:50:12.126 [DEBUG] [PREDICATE_PUSHDOWN] Added field to select: app_id
2026-01-20 16:50:12.127 [DEBUG] [PREDICATE_PUSHDOWN] Added field to select: app
2026-01-20 16:50:12.127 [DEBUG] [PREDICATE_PUSHDOWN] Added field to select: db
2026-01-20 16:50:12.127 [DEBUG] [PREDICATE_PUSHDOWN] Added field to select: excluded
2026-01-20 16:50:12.127 [DEBUG] [PREDICATE_PUSHDOWN] Built select clause: $select=app_id,app,db,excluded
2026-01-20 16:50:12.127 [DEBUG] [PREDICATE_PUSHDOWN] Built select clause: $select=app_id,app,db,excluded
2026-01-20 16:50:12.127 [DEBUG] [ODATA_READ_BIND] Select clause: $select=app_id,app,db,excluded
2026-01-20 16:50:12.127 [DEBUG] [ODATA_READ_BIND] Adding 1 filters: Column 0: c0=1

2026-01-20 16:50:12.127 [DEBUG] [PREDICATE_PUSHDOWN] Building filter clause
2026-01-20 16:50:12.127 [DEBUG] [PREDICATE_PUSHDOWN] Processing 1 filters
2026-01-20 16:50:12.127 [DEBUG] [PREDICATE_PUSHDOWN] Processing filter for DuckDB column index: 0
2026-01-20 16:50:12.127 [DEBUG] [PREDICATE_PUSHDOWN] Total columns available: 12
2026-01-20 16:50:12.127 [DEBUG] [PREDICATE_PUSHDOWN] Column name resolver mapped index 0 to: app_id
2026-01-20 16:50:12.127 [DEBUG] [PREDICATE_PUSHDOWN] Translating filter for column 'app_id' with filter type: 0
2026-01-20 16:50:12.127 [DEBUG] [PREDICATE_PUSHDOWN] Translating constant comparison for column 'app_id'
2026-01-20 16:50:12.127 [DEBUG] [PREDICATE_PUSHDOWN] Constant value: '1' (type: INTEGER)
2026-01-20 16:50:12.127 [DEBUG] [PREDICATE_PUSHDOWN] Using comparison operator: eq
2026-01-20 16:50:12.127 [DEBUG] [PREDICATE_PUSHDOWN] Added numeric value without quotes: 1
2026-01-20 16:50:12.127 [DEBUG] [PREDICATE_PUSHDOWN] Final constant comparison: 'app_id eq 1'
2026-01-20 16:50:12.127 [DEBUG] [PREDICATE_PUSHDOWN] Translated filter result: 'app_id eq 1'
2026-01-20 16:50:12.127 [DEBUG] [PREDICATE_PUSHDOWN] Valid filter: app_id eq 1
2026-01-20 16:50:12.127 [DEBUG] [PREDICATE_PUSHDOWN] Built filter clause (smart-encoded): $filter=app_id%20eq%201
2026-01-20 16:50:12.127 [DEBUG] [PREDICATE_PUSHDOWN] Built filter clause: $filter=app_id%20eq%201
2026-01-20 16:50:12.127 [DEBUG] [ODATA_READ_BIND] Filter clause: $filter=app_id%20eq%201
2026-01-20 16:50:12.127 [DEBUG] [ODATA_READ_BIND] Updating URL from predicate pushdown
2026-01-20 16:50:12.127 [DEBUG] [ODATA_READ_BIND] Original URL: http://localhost:4444/odata/ADMIN/app?$format=json
2026-01-20 16:50:12.127 [DEBUG] [PREDICATE_PUSHDOWN] Applying filters to URL: http://localhost:4444/odata/ADMIN/app?$format=json
2026-01-20 16:50:12.127 [DEBUG] [PREDICATE_PUSHDOWN] Select clause: '$select=app_id,app,db,excluded'
2026-01-20 16:50:12.127 [DEBUG] [PREDICATE_PUSHDOWN] Filter clause: '$filter=app_id%20eq%201'
2026-01-20 16:50:12.127 [DEBUG] [PREDICATE_PUSHDOWN] Top clause: ''
2026-01-20 16:50:12.127 [DEBUG] [PREDICATE_PUSHDOWN] Skip clause: ''
2026-01-20 16:50:12.127 [DEBUG] [PREDICATE_PUSHDOWN] Expand clause: ''
2026-01-20 16:50:12.127 [DEBUG] [PREDICATE_PUSHDOWN] Set param '$select' = 'app_id,app,db,excluded'
2026-01-20 16:50:12.127 [DEBUG] [PREDICATE_PUSHDOWN] Set param '$filter' = 'app_id%20eq%201'
2026-01-20 16:50:12.127 [DEBUG] [PREDICATE_PUSHDOWN] Final query: '?$filter=app_id%20eq%201&$format=json&$select=app_id,app,db,excluded'
2026-01-20 16:50:12.127 [INFO] [PREDICATE_PUSHDOWN] Updated URL: http://localhost:4444/odata/ADMIN/app?$filter=app_id%20eq%201&$format=json&$select=app_id,app,db,excluded
2026-01-20 16:50:12.127 [DEBUG] [ODATA_READ_BIND] Updated URL: http://localhost:4444/odata/ADMIN/app?$filter=app_id%20eq%201&$format=json&$select=app_id,app,db,excluded
2026-01-20 16:50:12.127 [DEBUG] [ODATA_READ_BIND] PrefetchFirstPage: service_root_mode_ = false
2026-01-20 16:50:12.127 [DEBUG] [ODATA_READ_BIND] PrefetchFirstPage: starting first page fetch
2026-01-20 16:50:12.127 [INFO] [ODATA_CLIENT] Fetching OData request from: http://localhost:4444/odata/ADMIN/app?$filter=app_id%20eq%201&$format=json&$select=app_id,app,db,excluded (get_next: 0)
2026-01-20 16:50:12.127 [INFO] [ODATA_CLIENT] Resolved metadata URL: http://localhost:4444/odata/ADMIN/$metadata
2026-01-20 16:50:12.127 [DEBUG] [ODATA_CLIENT] Using cached metadata, detected version: V4
2026-01-20 16:50:12.127 [DEBUG] [ODATA_CLIENT] Executing HTTP GET request
2026-01-20 16:50:12.127 [DEBUG] [ODATA_CLIENT] DoHttpGet: calling AddInputParametersToUrl
2026-01-20 16:50:12.127 [INFO] [ODATA_CLIENT] AddInputParametersToUrl called with 0 parameters on client at 94364830062912
2026-01-20 16:50:12.127 [INFO] [ODATA_CLIENT] No input parameters to add
2026-01-20 16:50:12.127 [DEBUG] [ODATA_CLIENT] DoHttpGet: URL after input parameters: http://localhost:4444/odata/ADMIN/app?$filter=app_id%20eq%201&$format=json&$select=app_id,app,db,excluded
2026-01-20 16:50:12.128 [INFO] [HTTP_REQUEST_REPRO] Reproduce with: SELECT * FROM http_get('http://localhost:4444/odata/ADMIN/app?$filter=app_id%20eq%201&$format=json&$select=app_id,app,db,excluded', headers := MAP{'Accept': 'application/json;odata.metadata=minimal', 'Authorization': 'Bearer eyJhbGciOiJIUzI1NiJ9.eyJpc3MiOiJodHRwOi8vbG9jYWxob3N0OjQ0NDQiLCJzdWIiOiJ7XCJhY3RpdmVcIjp0cnVlLFwiZXhjbHVkZWRcIjpmYWxzZSxcImZpcnN0X25hbWVcIjpcIlN1cGVyXCIsXCJsYW5nX2lkXCI6MSxcImxhc3RfbmFtZVwiOlwiQWRtaW5cIixcInJvbGVfaWRcIjoxLFwidXNlcl9pZFwiOjEsXCJ1c2VybmFtZVwiOlwicm9vdFwifSIsImF1ZCI6WyJodHRwOi8vbG9jYWxob3N0OjQ0NDQiXSwiZXhwIjoxNzc0MDg0NzU1LjgzMzE4OTcsIm5iZiI6MTc2ODkwMDc1NS44MzMxOTA3LCJpYXQiOjE3Njg5MDA3NTUuODMzMTkwMn0.nKV-u4pSDHrsDNaaPkCnfXSs8jOtofXSggQ-MS5CtQA', 'OData-MaxVersion': '4.0', 'OData-Version': '4.0'}, url_encode := false);
2026-01-20 16:50:12.128 [INFO] [HTTP_REQUEST] Executing GET request to: /odata/ADMIN/app?$filter=app_id%20eq%201&$format=json&$select=app_id,app,db,excluded
2026-01-20 16:50:12.128 [DEBUG] [HTTP_REQUEST] Request headers:
2026-01-20 16:50:12.128 [DEBUG] [HTTP_REQUEST]   Accept: application/json;odata.metadata=minimal
2026-01-20 16:50:12.128 [DEBUG] [HTTP_REQUEST]   Authorization: Bearer eyJhbGciOiJIUzI1NiJ9.eyJpc3MiOiJodHRwOi8vbG9jYWxob3N0OjQ0NDQiLCJzdWIiOiJ7XCJhY3RpdmVcIjp0cnVlLFwiZXhjbHVkZWRcIjpmYWxzZSxcImZpcnN0X25hbWVcIjpcIlN1cGVyXCIsXCJsYW5nX2lkXCI6MSxcImxhc3RfbmFtZVwiOlwiQWRtaW5cIixcInJvbGVfaWRcIjoxLFwidXNlcl9pZFwiOjEsXCJ1c2VybmFtZVwiOlwicm9vdFwifSIsImF1ZCI6WyJodHRwOi8vbG9jYWxob3N0OjQ0NDQiXSwiZXhwIjoxNzc0MDg0NzU1LjgzMzE4OTcsIm5iZiI6MTc2ODkwMDc1NS44MzMxOTA3LCJpYXQiOjE3Njg5MDA3NTUuODMzMTkwMn0.nKV-u4pSDHrsDNaaPkCnfXSs8jOtofXSggQ-MS5CtQA
2026-01-20 16:50:12.128 [DEBUG] [HTTP_REQUEST]   OData-MaxVersion: 4.0
2026-01-20 16:50:12.128 [DEBUG] [HTTP_REQUEST]   OData-Version: 4.0
2026-01-20 16:50:12.139 [INFO] [HTTP_RESPONSE] Response status: 200
2026-01-20 16:50:12.139 [DEBUG] [HTTP_RESPONSE] Response headers:
2026-01-20 16:50:12.139 [DEBUG] [HTTP_RESPONSE]   Access-Control-Allow-Headers: Content-Type, Authorization, enctype
2026-01-20 16:50:12.139 [DEBUG] [HTTP_RESPONSE]   Access-Control-Allow-Methods: GET, POST, PUT, DELETE, OPTIONS
2026-01-20 16:50:12.139 [DEBUG] [HTTP_RESPONSE]   Access-Control-Allow-Origin: *
2026-01-20 16:50:12.139 [DEBUG] [HTTP_RESPONSE]   Content-Length: 161
2026-01-20 16:50:12.139 [DEBUG] [HTTP_RESPONSE]   Content-Type: application/json; charset=utf-8
2026-01-20 16:50:12.139 [DEBUG] [HTTP_RESPONSE]   Date: Tue, 20 Jan 2026 17:50:12 GMT
2026-01-20 16:50:12.139 [DEBUG] [HTTP_RESPONSE]   Odata-Version: 4.0
2026-01-20 16:50:12.139 [DEBUG] [HTTP_RESPONSE]   Vary: Authorization
2026-01-20 16:50:12.139 [DEBUG] [HTTP_RESPONSE] Response body (161 bytes)
2026-01-20 16:50:12.139 [DEBUG] [HTTP_RESPONSE] Response body: {"@odata.context":"http://localhost:4444/odata/ADMIN/app","@odata.count":1,"value":[{"app":"ADMIN","app_id":1,"db":"ADMIN","excluded":false,"username":"root"}]}

2026-01-20 16:50:12.139 [DEBUG] [ODATA_CLIENT] Creating OData response object
2026-01-20 16:50:12.139 [DEBUG] [ODATA_RESPONSE] Created OData entity set response
2026-01-20 16:50:12.139 [DEBUG] [ODATA_RESPONSE] Response content type: application/json; charset=utf-8
2026-01-20 16:50:12.139 [DEBUG] [ODATA_RESPONSE] OData version: V4
2026-01-20 16:50:12.139 [DEBUG] [ODATA_CLIENT] Successfully created OData response
2026-01-20 16:50:12.139 [DEBUG] [ODATA_RESPONSE] Parsing HTTP response content
2026-01-20 16:50:12.139 [DEBUG] [ODATA_RESPONSE] Content type: application/json; charset=utf-8
2026-01-20 16:50:12.139 [DEBUG] [CHARSET_CONVERTER] Detected UTF-8 charset, using UTF-8 converter
2026-01-20 16:50:12.139 [DEBUG] [CHARSET_CONVERTER] Creating charset converter for content type: application/json; charset=utf-8
2026-01-20 16:50:12.139 [DEBUG] [CHARSET_CONVERTER] Charset converter initialized with charset: utf-8
2026-01-20 16:50:12.140 [DEBUG] [CHARSET_CONVERTER] Converting 161 bytes using charset: utf-8
2026-01-20 16:50:12.140 [DEBUG] [CHARSET_CONVERTER] Converting from bytes using charset: utf-8
2026-01-20 16:50:12.140 [DEBUG] [CHARSET_CONVERTER] Using default UTF-8 conversion
2026-01-20 16:50:12.140 [DEBUG] [CHARSET_CONVERTER] Using UTF-8 converter for output
2026-01-20 16:50:12.140 [DEBUG] [ODATA_RESPONSE] Content size: 161 bytes
2026-01-20 16:50:12.140 [DEBUG] [CHARSET_CONVERTER] Detected UTF-8 charset, using UTF-8 converter
2026-01-20 16:50:12.140 [DEBUG] [CHARSET_CONVERTER] Creating charset converter for content type: application/json; charset=utf-8
2026-01-20 16:50:12.140 [DEBUG] [CHARSET_CONVERTER] Charset converter initialized with charset: utf-8
2026-01-20 16:50:12.140 [DEBUG] [CHARSET_CONVERTER] Converting 161 bytes using charset: utf-8
2026-01-20 16:50:12.140 [DEBUG] [CHARSET_CONVERTER] Converting from bytes using charset: utf-8
2026-01-20 16:50:12.140 [DEBUG] [CHARSET_CONVERTER] Using default UTF-8 conversion
2026-01-20 16:50:12.140 [DEBUG] [CHARSET_CONVERTER] Using UTF-8 converter for output
2026-01-20 16:50:12.140 [DEBUG] [ODATA_CONTENT] Creating OData content from response
2026-01-20 16:50:12.140 [DEBUG] [ODATA_CONTENT] Content type: application/json; charset=utf-8
2026-01-20 16:50:12.140 [DEBUG] [ODATA_CONTENT] Content size: 161 bytes
2026-01-20 16:50:12.140 [DEBUG] [DETECT_VERSION] Starting OData version detection
2026-01-20 16:50:12.140 [DEBUG] [DETECT_VERSION] Found 'value' array, detecting as V4
2026-01-20 16:50:12.140 [DEBUG] [ODATA_CONTENT] Detected OData version from response: V4
2026-01-20 16:50:12.140 [DEBUG] [ODATA_CONTENT] Metadata suggested version: V4
2026-01-20 16:50:12.140 [DEBUG] [DETECT_VERSION] Starting OData version detection
2026-01-20 16:50:12.140 [DEBUG] [DETECT_VERSION] Found 'value' array, detecting as V4
2026-01-20 16:50:12.140 [DEBUG] [ODATA_RESPONSE] Successfully parsed content
2026-01-20 16:50:12.140 [DEBUG] [ODATA_CLIENT] Raw metadata context URL: http://localhost:4444/odata/ADMIN/app
2026-01-20 16:50:12.140 [INFO] [ODATA_CLIENT] Updated metadata context URL from response: http://localhost:4444/odata/ADMIN/app
2026-01-20 16:50:12.140 [DEBUG] [ODATA_RESPONSE] Returning cached parsed content
2026-01-20 16:50:12.140 [INFO] [ODATA_READ_BIND] Service reported total row count: 1
2026-01-20 16:50:12.140 [INFO] [ODATA_READ_BIND] GetResultNames called - service_root_mode: false
2026-01-20 16:50:12.140 [INFO] [ODATA_READ_BIND] GetResultTypes called - service_root_mode: false
2026-01-20 16:50:12.140 [INFO] [ODATA_READ_BIND] Calling odata_client->GetResultTypes() for metadata
2026-01-20 16:50:12.140 [DEBUG] [ODATA_CLIENT] Using stored metadata context URL: http://localhost:4444/odata/ADMIN/app
2026-01-20 16:50:12.140 [DEBUG] [ODATA_CLIENT] OData Metadata HTTP Request:
  URL: http://localhost:4444/odata/ADMIN/app
  Method: GET
  Headers:
    Connection: close
    Authorization: Bearer eyJhbGciOiJIUzI1NiJ9.eyJpc3MiOiJodHRwOi8vbG9jYWxob3N0OjQ0NDQiLCJzdWIiOiJ7XCJhY3RpdmVcIjp0cnVlLFwiZXhjbHVkZWRcIjpmYWxzZSxcImZpcnN0X25hbWVcIjpcIlN1cGVyXCIsXCJsYW5nX2lkXCI6MSxcImxhc3RfbmFtZVwiOlwiQWRtaW5cIixcInJvbGVfaWRcIjoxLFwidXNlcl9pZFwiOjEsXCJ1c2VybmFtZVwiOlwicm9vdFwifSIsImF1ZCI6WyJodHRwOi8vbG9jYWxob3N0OjQ0NDQiXSwiZXhwIjoxNzc0MDg0NzU1LjgzMzE4OTcsIm5iZiI6MTc2ODkwMDc1NS44MzMxOTA3LCJpYXQiOjE3Njg5MDA3NTUuODMzMTkwMn0.nKV-u4pSDHrsDNaaPkCnfXSs8jOtofXSggQ-MS5CtQA
    Accept: application/xml
2026-01-20 16:50:12.140 [DEBUG] [ODATA_CLIENT] Metadata request attempt 1 of 3
2026-01-20 16:50:12.141 [INFO] [HTTP_REQUEST_REPRO] Reproduce with: SELECT * FROM http_get('http://localhost:4444/odata/ADMIN/app', headers := MAP{'Accept': 'application/xml', 'Authorization': 'Bearer eyJhbGciOiJIUzI1NiJ9.eyJpc3MiOiJodHRwOi8vbG9jYWxob3N0OjQ0NDQiLCJzdWIiOiJ7XCJhY3RpdmVcIjp0cnVlLFwiZXhjbHVkZWRcIjpmYWxzZSxcImZpcnN0X25hbWVcIjpcIlN1cGVyXCIsXCJsYW5nX2lkXCI6MSxcImxhc3RfbmFtZVwiOlwiQWRtaW5cIixcInJvbGVfaWRcIjoxLFwidXNlcl9pZFwiOjEsXCJ1c2VybmFtZVwiOlwicm9vdFwifSIsImF1ZCI6WyJodHRwOi8vbG9jYWxob3N0OjQ0NDQiXSwiZXhwIjoxNzc0MDg0NzU1LjgzMzE4OTcsIm5iZiI6MTc2ODkwMDc1NS44MzMxOTA3LCJpYXQiOjE3Njg5MDA3NTUuODMzMTkwMn0.nKV-u4pSDHrsDNaaPkCnfXSs8jOtofXSggQ-MS5CtQA', 'Connection': 'close'}, url_encode := false);
2026-01-20 16:50:12.141 [INFO] [HTTP_REQUEST] Executing GET request to: /odata/ADMIN/app
2026-01-20 16:50:12.141 [DEBUG] [HTTP_REQUEST] Request headers:
2026-01-20 16:50:12.141 [DEBUG] [HTTP_REQUEST]   Accept: application/xml
2026-01-20 16:50:12.141 [DEBUG] [HTTP_REQUEST]   Authorization: Bearer eyJhbGciOiJIUzI1NiJ9.eyJpc3MiOiJodHRwOi8vbG9jYWxob3N0OjQ0NDQiLCJzdWIiOiJ7XCJhY3RpdmVcIjp0cnVlLFwiZXhjbHVkZWRcIjpmYWxzZSxcImZpcnN0X25hbWVcIjpcIlN1cGVyXCIsXCJsYW5nX2lkXCI6MSxcImxhc3RfbmFtZVwiOlwiQWRtaW5cIixcInJvbGVfaWRcIjoxLFwidXNlcl9pZFwiOjEsXCJ1c2VybmFtZVwiOlwicm9vdFwifSIsImF1ZCI6WyJodHRwOi8vbG9jYWxob3N0OjQ0NDQiXSwiZXhwIjoxNzc0MDg0NzU1LjgzMzE4OTcsIm5iZiI6MTc2ODkwMDc1NS44MzMxOTA3LCJpYXQiOjE3Njg5MDA3NTUuODMzMTkwMn0.nKV-u4pSDHrsDNaaPkCnfXSs8jOtofXSggQ-MS5CtQA
2026-01-20 16:50:12.141 [DEBUG] [HTTP_REQUEST]   Connection: close
2026-01-20 16:50:12.152 [INFO] [HTTP_RESPONSE] Response status: 200
2026-01-20 16:50:12.153 [DEBUG] [HTTP_RESPONSE] Response headers:
2026-01-20 16:50:12.153 [DEBUG] [HTTP_RESPONSE]   Access-Control-Allow-Headers: Content-Type, Authorization, enctype
2026-01-20 16:50:12.153 [DEBUG] [HTTP_RESPONSE]   Access-Control-Allow-Methods: GET, POST, PUT, DELETE, OPTIONS
2026-01-20 16:50:12.153 [DEBUG] [HTTP_RESPONSE]   Access-Control-Allow-Origin: *
2026-01-20 16:50:12.153 [DEBUG] [HTTP_RESPONSE]   Connection: close
2026-01-20 16:50:12.153 [DEBUG] [HTTP_RESPONSE]   Content-Length: 868
2026-01-20 16:50:12.153 [DEBUG] [HTTP_RESPONSE]   Content-Type: application/json; charset=utf-8
2026-01-20 16:50:12.153 [DEBUG] [HTTP_RESPONSE]   Date: Tue, 20 Jan 2026 17:50:12 GMT
2026-01-20 16:50:12.153 [DEBUG] [HTTP_RESPONSE]   Odata-Version: 4.0
2026-01-20 16:50:12.153 [DEBUG] [HTTP_RESPONSE]   Vary: Authorization
2026-01-20 16:50:12.153 [DEBUG] [HTTP_RESPONSE] Response body (868 bytes)
2026-01-20 16:50:12.153 [DEBUG] [HTTP_RESPONSE] Response body: {"@odata.context":"http://localhost:4444/odata/ADMIN/app","@odata.count":3,"value":[{"app":"ADMIN","app_desc":"Admin","app_id":1,"attach_logo":null,"config":"{}","created_at":"2025-11-05T18:55:00.130747Z","db":"ADMIN","email":null,"excluded":false,"updated_at":"2025-11-05T18:55:00.130747Z","user_id":1,"username":"root","version":"1.0.0"},{"app":"ETLX","app_desc":"ETLX UI in CS","app_id":2,"attach_logo":null,"config":null,"created_at":"2025-11-05T19:01:54.055156Z","db":"ETLX","email":null,"excluded":false,"updated_at":"2025-11-05T19:01:54.055156Z","user_id":1,"username":"root","version":"1.0.0"},{"app":"SAAS","app_desc":"CS SASS Backend","app_id":3,"attach_logo":null,"config":null,"created_at":"2026-01-10T18:53:52.783348Z","db":"SAAS","email":null,"excluded":false,"updated_at":"2026-01-10T18:53:52.783348Z","user_id":1,"username":"root","version":"1.0.0"}]}

2026-01-20 16:50:12.153 [DEBUG] [CHARSET_CONVERTER] Detected UTF-8 charset, using UTF-8 converter
2026-01-20 16:50:12.153 [DEBUG] [CHARSET_CONVERTER] Creating charset converter for content type: application/json; charset=utf-8
2026-01-20 16:50:12.153 [DEBUG] [CHARSET_CONVERTER] Charset converter initialized with charset: utf-8
2026-01-20 16:50:12.153 [DEBUG] [CHARSET_CONVERTER] Converting 868 bytes using charset: utf-8
2026-01-20 16:50:12.153 [DEBUG] [CHARSET_CONVERTER] Converting from bytes using charset: utf-8
2026-01-20 16:50:12.153 [DEBUG] [CHARSET_CONVERTER] Using default UTF-8 conversion
2026-01-20 16:50:12.153 [DEBUG] [CHARSET_CONVERTER] Using UTF-8 converter for output
2026-01-20 16:50:12.153 [DEBUG] [CHARSET_CONVERTER] Detected UTF-8 charset, using UTF-8 converter
2026-01-20 16:50:12.153 [DEBUG] [CHARSET_CONVERTER] Creating charset converter for content type: application/json; charset=utf-8
2026-01-20 16:50:12.153 [DEBUG] [CHARSET_CONVERTER] Charset converter initialized with charset: utf-8
2026-01-20 16:50:12.153 [DEBUG] [CHARSET_CONVERTER] Converting 868 bytes using charset: utf-8
2026-01-20 16:50:12.153 [DEBUG] [CHARSET_CONVERTER] Converting from bytes using charset: utf-8
2026-01-20 16:50:12.153 [DEBUG] [CHARSET_CONVERTER] Using default UTF-8 conversion
2026-01-20 16:50:12.153 [DEBUG] [CHARSET_CONVERTER] Using UTF-8 converter for output
2026-01-20 16:50:12.153 [DEBUG] [CHARSET_CONVERTER] Detected UTF-8 charset, using UTF-8 converter
2026-01-20 16:50:12.153 [DEBUG] [CHARSET_CONVERTER] Creating charset converter for content type: application/json; charset=utf-8
2026-01-20 16:50:12.153 [DEBUG] [CHARSET_CONVERTER] Charset converter initialized with charset: utf-8
2026-01-20 16:50:12.153 [DEBUG] [CHARSET_CONVERTER] Converting 868 bytes using charset: utf-8
2026-01-20 16:50:12.153 [DEBUG] [CHARSET_CONVERTER] Converting from bytes using charset: utf-8
2026-01-20 16:50:12.153 [DEBUG] [CHARSET_CONVERTER] Using default UTF-8 conversion
2026-01-20 16:50:12.153 [DEBUG] [CHARSET_CONVERTER] Using UTF-8 converter for output
2026-01-20 16:50:12.153 [DEBUG] [ODATA_CLIENT] OData Metadata HTTP Success Response:
  Status Code: 200
  Content Type: application/json; charset=utf-8
  Response Headers:
    Vary: Authorization
    Odata-Version: 4.0
    Content-Length: 868
    Content-Type: application/json; charset=utf-8
    Connection: close
    Date: Tue, 20 Jan 2026 17:50:12 GMT
    Access-Control-Allow-Origin: *
    Access-Control-Allow-Methods: GET, POST, PUT, DELETE, OPTIONS
    Access-Control-Allow-Headers: Content-Type, Authorization, enctype
  Response Body Size: 868 bytes
  Response Body Preview (first 4000 chars): {"@odata.context":"http://localhost:4444/odata/ADMIN/app","@odata.count":3,"value":[{"app":"ADMIN","app_desc":"Admin","app_id":1,"attach_logo":null,"config":"{}","created_at":"2025-11-05T18:55:00.130747Z","db":"ADMIN","email":null,"excluded":false,"updated_at":"2025-11-05T18:55:00.130747Z","user_id":1,"username":"root","version":"1.0.0"},{"app":"ETLX","app_desc":"ETLX UI in CS","app_id":2,"attach_logo":null,"config":null,"created_at":"2025-11-05T19:01:54.055156Z","db":"ETLX","email":null,"excluded":false,"updated_at":"2025-11-05T19:01:54.055156Z","user_id":1,"username":"root","version":"1.0.0"},{"app":"SAAS","app_desc":"CS SASS Backend","app_id":3,"attach_logo":null,"config":null,"created_at":"2026-01-10T18:53:52.783348Z","db":"SAAS","email":null,"excluded":false,"updated_at":"2026-01-10T18:53:52.783348Z","user_id":1,"username":"root","version":"1.0.0"}]}

2026-01-20 16:50:12.153 [DEBUG] [CHARSET_CONVERTER] Detected UTF-8 charset, using UTF-8 converter
2026-01-20 16:50:12.153 [DEBUG] [CHARSET_CONVERTER] Creating charset converter for content type: application/json; charset=utf-8
2026-01-20 16:50:12.153 [DEBUG] [CHARSET_CONVERTER] Charset converter initialized with charset: utf-8
2026-01-20 16:50:12.153 [DEBUG] [CHARSET_CONVERTER] Converting 868 bytes using charset: utf-8
2026-01-20 16:50:12.153 [DEBUG] [CHARSET_CONVERTER] Converting from bytes using charset: utf-8
2026-01-20 16:50:12.153 [DEBUG] [CHARSET_CONVERTER] Using default UTF-8 conversion
2026-01-20 16:50:12.153 [DEBUG] [CHARSET_CONVERTER] Using UTF-8 converter for output
2026-01-20 16:51:28.881 [INFO] [TRACER] Tracing enabled, writing to: ./erpl_web_trace.log
2026-01-20 16:51:28.882 [INFO] [TRACER] Trace level set to: DEBUG
2026-01-20 16:51:31.152 [DEBUG] [SECRET_BEARER] Creating HTTP Bearer token secret
2026-01-20 16:51:31.152 [DEBUG] [SECRET_BEARER] Using custom scope with 1 entries
2026-01-20 16:51:31.152 [DEBUG] [SECRET_BEARER] Set token parameter
2026-01-20 16:51:31.153 [INFO] [SECRET_BEARER] Successfully created HTTP Bearer token secret
2026-01-20 16:51:40.104 [DEBUG] [HTTP_AUTH] Found http_bearer secret for URL: http://localhost:4444/odata/ADMIN
2026-01-20 16:52:00.588 [INFO] [ODATA_CLIENT] ODataServiceClient::GetMetadata() called - handling V2/V4 compatibility
2026-01-20 16:52:00.589 [DEBUG] [ODATA_CLIENT] DoHttpGet: calling AddInputParametersToUrl
2026-01-20 16:52:00.589 [DEBUG] [ODATA_CLIENT] DoHttpGet: URL after input parameters: http://localhost:4444/odata/ADMIN
2026-01-20 16:52:00.589 [INFO] [HTTP_REQUEST_REPRO] Reproduce with: SELECT * FROM http_get('http://localhost:4444/odata/ADMIN', headers := MAP{'Accept': 'application/json;odata.metadata=minimal', 'Authorization': 'Bearer eyJhbGciOiJIUzI1NiJ9.eyJpc3MiOiJodHRwOi8vbG9jYWxob3N0OjQ0NDQiLCJzdWIiOiJ7XCJhY3RpdmVcIjp0cnVlLFwiZXhjbHVkZWRcIjpmYWxzZSxcImZpcnN0X25hbWVcIjpcIlN1cGVyXCIsXCJsYW5nX2lkXCI6MSxcImxhc3RfbmFtZVwiOlwiQWRtaW5cIixcInJvbGVfaWRcIjoxLFwidXNlcl9pZFwiOjEsXCJ1c2VybmFtZVwiOlwicm9vdFwifSIsImF1ZCI6WyJodHRwOi8vbG9jYWxob3N0OjQ0NDQiXSwiZXhwIjoxNzc0MDg0NzU1LjgzMzE4OTcsIm5iZiI6MTc2ODkwMDc1NS44MzMxOTA3LCJpYXQiOjE3Njg5MDA3NTUuODMzMTkwMn0.nKV-u4pSDHrsDNaaPkCnfXSs8jOtofXSggQ-MS5CtQA', 'OData-MaxVersion': '4.0', 'OData-Version': '4.0'}, url_encode := true);
2026-01-20 16:52:00.589 [INFO] [HTTP_REQUEST] Executing GET request to: /odata/ADMIN
2026-01-20 16:52:00.589 [DEBUG] [HTTP_REQUEST] Request headers:
2026-01-20 16:52:00.589 [DEBUG] [HTTP_REQUEST]   Accept: application/json;odata.metadata=minimal
2026-01-20 16:52:00.589 [DEBUG] [HTTP_REQUEST]   Authorization: Bearer eyJhbGciOiJIUzI1NiJ9.eyJpc3MiOiJodHRwOi8vbG9jYWxob3N0OjQ0NDQiLCJzdWIiOiJ7XCJhY3RpdmVcIjp0cnVlLFwiZXhjbHVkZWRcIjpmYWxzZSxcImZpcnN0X25hbWVcIjpcIlN1cGVyXCIsXCJsYW5nX2lkXCI6MSxcImxhc3RfbmFtZVwiOlwiQWRtaW5cIixcInJvbGVfaWRcIjoxLFwidXNlcl9pZFwiOjEsXCJ1c2VybmFtZVwiOlwicm9vdFwifSIsImF1ZCI6WyJodHRwOi8vbG9jYWxob3N0OjQ0NDQiXSwiZXhwIjoxNzc0MDg0NzU1LjgzMzE4OTcsIm5iZiI6MTc2ODkwMDc1NS44MzMxOTA3LCJpYXQiOjE3Njg5MDA3NTUuODMzMTkwMn0.nKV-u4pSDHrsDNaaPkCnfXSs8jOtofXSggQ-MS5CtQA
2026-01-20 16:52:00.589 [DEBUG] [HTTP_REQUEST]   OData-MaxVersion: 4.0
2026-01-20 16:52:00.589 [DEBUG] [HTTP_REQUEST]   OData-Version: 4.0
2026-01-20 16:52:00.590 [INFO] [HTTP_RESPONSE] Response status: 200
2026-01-20 16:52:00.590 [DEBUG] [HTTP_RESPONSE] Response headers:
2026-01-20 16:52:00.590 [DEBUG] [HTTP_RESPONSE]   Accept-Ranges: bytes
2026-01-20 16:52:00.590 [DEBUG] [HTTP_RESPONSE]   Access-Control-Allow-Headers: Content-Type, Authorization, enctype
2026-01-20 16:52:00.590 [DEBUG] [HTTP_RESPONSE]   Access-Control-Allow-Methods: GET, POST, PUT, DELETE, OPTIONS
2026-01-20 16:52:00.590 [DEBUG] [HTTP_RESPONSE]   Access-Control-Allow-Origin: *
2026-01-20 16:52:00.590 [DEBUG] [HTTP_RESPONSE]   Content-Length: 606
2026-01-20 16:52:00.590 [DEBUG] [HTTP_RESPONSE]   Content-Type: text/html; charset=utf-8
2026-01-20 16:52:00.590 [DEBUG] [HTTP_RESPONSE]   Date: Tue, 20 Jan 2026 17:52:00 GMT
2026-01-20 16:52:00.590 [DEBUG] [HTTP_RESPONSE]   Last-Modified: Sun, 18 Jan 2026 17:31:57 GMT
2026-01-20 16:52:00.590 [DEBUG] [HTTP_RESPONSE]   Vary: Authorization
2026-01-20 16:52:00.590 [DEBUG] [HTTP_RESPONSE] Response body (606 bytes)
2026-01-20 16:52:00.590 [DEBUG] [HTTP_RESPONSE] Response body: <!DOCTYPE html>
<html lang="en" data-theme="light">
  <head>
    <base href="./static/" />
    <meta charset="UTF-8" />
    <link rel="icon" href="./img/icon.png" />
    <meta name="viewport" content="width=device-width, initial-scale=1.0" />
    <title>CS</title>
    <script type="module" crossorigin src="./assets/index-Bt-2cytc.js"></script>
    <link rel="stylesheet" crossorigin href="./assets/index-DGjk5ksV.css">
  <link rel="manifest" href="./manifest.webmanifest"><script id="vite-plugin-pwa:register-sw" src="./registerSW.js"></script></head>
  <body>
    <div id="app"></div>
  </body>
</html>

2026-01-20 16:52:00.590 [DEBUG] [ODATA_RESPONSE] Created OData service response
2026-01-20 16:52:00.590 [DEBUG] [ODATA_RESPONSE] Response content type: text/html; charset=utf-8
2026-01-20 16:52:00.590 [DEBUG] [ODATA_RESPONSE] OData version: V4
2026-01-20 16:52:00.590 [DEBUG] [ODATA_RESPONSE] Parsing HTTP response content
2026-01-20 16:52:00.590 [DEBUG] [ODATA_RESPONSE] Content type: text/html; charset=utf-8
2026-01-20 16:52:00.590 [DEBUG] [CHARSET_CONVERTER] Detected UTF-8 charset, using UTF-8 converter
2026-01-20 16:52:00.590 [DEBUG] [CHARSET_CONVERTER] Creating charset converter for content type: text/html; charset=utf-8
2026-01-20 16:52:00.590 [DEBUG] [CHARSET_CONVERTER] Charset converter initialized with charset: utf-8
2026-01-20 16:52:00.590 [DEBUG] [CHARSET_CONVERTER] Converting 606 bytes using charset: utf-8
2026-01-20 16:52:00.590 [DEBUG] [CHARSET_CONVERTER] Converting from bytes using charset: utf-8
2026-01-20 16:52:00.590 [DEBUG] [CHARSET_CONVERTER] Using default UTF-8 conversion
2026-01-20 16:52:00.590 [DEBUG] [CHARSET_CONVERTER] Using UTF-8 converter for output
2026-01-20 16:52:00.590 [DEBUG] [ODATA_RESPONSE] Content size: 606 bytes
2026-01-20 16:52:00.590 [DEBUG] [CHARSET_CONVERTER] Detected UTF-8 charset, using UTF-8 converter
2026-01-20 16:52:00.590 [DEBUG] [CHARSET_CONVERTER] Creating charset converter for content type: text/html; charset=utf-8
2026-01-20 16:52:00.590 [DEBUG] [CHARSET_CONVERTER] Charset converter initialized with charset: utf-8
2026-01-20 16:52:00.590 [DEBUG] [CHARSET_CONVERTER] Converting 606 bytes using charset: utf-8
2026-01-20 16:52:00.590 [DEBUG] [CHARSET_CONVERTER] Converting from bytes using charset: utf-8
2026-01-20 16:52:00.590 [DEBUG] [CHARSET_CONVERTER] Using default UTF-8 conversion
2026-01-20 16:52:00.590 [DEBUG] [CHARSET_CONVERTER] Using UTF-8 converter for output
2026-01-20 16:52:00.590 [WARN] [ODATA_CLIENT] Service root request failed: Unsupported OData content type: text/html; charset=utf-8, falling back to direct $metadata URL
2026-01-20 16:52:00.590 [DEBUG] [ODATA_CLIENT] OData Metadata HTTP Request:
  URL: http://localhost:4444/odata/ADMIN/$metadata
  Method: GET
  Headers:
    Connection: close
    Authorization: Bearer eyJhbGciOiJIUzI1NiJ9.eyJpc3MiOiJodHRwOi8vbG9jYWxob3N0OjQ0NDQiLCJzdWIiOiJ7XCJhY3RpdmVcIjp0cnVlLFwiZXhjbHVkZWRcIjpmYWxzZSxcImZpcnN0X25hbWVcIjpcIlN1cGVyXCIsXCJsYW5nX2lkXCI6MSxcImxhc3RfbmFtZVwiOlwiQWRtaW5cIixcInJvbGVfaWRcIjoxLFwidXNlcl9pZFwiOjEsXCJ1c2VybmFtZVwiOlwicm9vdFwifSIsImF1ZCI6WyJodHRwOi8vbG9jYWxob3N0OjQ0NDQiXSwiZXhwIjoxNzc0MDg0NzU1LjgzMzE4OTcsIm5iZiI6MTc2ODkwMDc1NS44MzMxOTA3LCJpYXQiOjE3Njg5MDA3NTUuODMzMTkwMn0.nKV-u4pSDHrsDNaaPkCnfXSs8jOtofXSggQ-MS5CtQA
    Accept: application/xml
2026-01-20 16:52:00.590 [DEBUG] [ODATA_CLIENT] Metadata request attempt 1 of 3
2026-01-20 16:52:00.590 [INFO] [HTTP_REQUEST_REPRO] Reproduce with: SELECT * FROM http_get('http://localhost:4444/odata/ADMIN/$metadata', headers := MAP{'Accept': 'application/xml', 'Authorization': 'Bearer eyJhbGciOiJIUzI1NiJ9.eyJpc3MiOiJodHRwOi8vbG9jYWxob3N0OjQ0NDQiLCJzdWIiOiJ7XCJhY3RpdmVcIjp0cnVlLFwiZXhjbHVkZWRcIjpmYWxzZSxcImZpcnN0X25hbWVcIjpcIlN1cGVyXCIsXCJsYW5nX2lkXCI6MSxcImxhc3RfbmFtZVwiOlwiQWRtaW5cIixcInJvbGVfaWRcIjoxLFwidXNlcl9pZFwiOjEsXCJ1c2VybmFtZVwiOlwicm9vdFwifSIsImF1ZCI6WyJodHRwOi8vbG9jYWxob3N0OjQ0NDQiXSwiZXhwIjoxNzc0MDg0NzU1LjgzMzE4OTcsIm5iZiI6MTc2ODkwMDc1NS44MzMxOTA3LCJpYXQiOjE3Njg5MDA3NTUuODMzMTkwMn0.nKV-u4pSDHrsDNaaPkCnfXSs8jOtofXSggQ-MS5CtQA', 'Connection': 'close'}, url_encode := false);
2026-01-20 16:52:00.590 [INFO] [HTTP_REQUEST] Executing GET request to: /odata/ADMIN/$metadata
2026-01-20 16:52:00.590 [DEBUG] [HTTP_REQUEST] Request headers:
2026-01-20 16:52:00.590 [DEBUG] [HTTP_REQUEST]   Accept: application/xml
2026-01-20 16:52:00.590 [DEBUG] [HTTP_REQUEST]   Authorization: Bearer eyJhbGciOiJIUzI1NiJ9.eyJpc3MiOiJodHRwOi8vbG9jYWxob3N0OjQ0NDQiLCJzdWIiOiJ7XCJhY3RpdmVcIjp0cnVlLFwiZXhjbHVkZWRcIjpmYWxzZSxcImZpcnN0X25hbWVcIjpcIlN1cGVyXCIsXCJsYW5nX2lkXCI6MSxcImxhc3RfbmFtZVwiOlwiQWRtaW5cIixcInJvbGVfaWRcIjoxLFwidXNlcl9pZFwiOjEsXCJ1c2VybmFtZVwiOlwicm9vdFwifSIsImF1ZCI6WyJodHRwOi8vbG9jYWxob3N0OjQ0NDQiXSwiZXhwIjoxNzc0MDg0NzU1LjgzMzE4OTcsIm5iZiI6MTc2ODkwMDc1NS44MzMxOTA3LCJpYXQiOjE3Njg5MDA3NTUuODMzMTkwMn0.nKV-u4pSDHrsDNaaPkCnfXSs8jOtofXSggQ-MS5CtQA
2026-01-20 16:52:00.591 [DEBUG] [HTTP_REQUEST]   Connection: close
2026-01-20 16:52:00.611 [INFO] [HTTP_RESPONSE] Response status: 200
2026-01-20 16:52:00.611 [DEBUG] [HTTP_RESPONSE] Response headers:
2026-01-20 16:52:00.611 [DEBUG] [HTTP_RESPONSE]   Access-Control-Allow-Headers: Content-Type, Authorization, enctype
2026-01-20 16:52:00.611 [DEBUG] [HTTP_RESPONSE]   Access-Control-Allow-Methods: GET, POST, PUT, DELETE, OPTIONS
2026-01-20 16:52:00.611 [DEBUG] [HTTP_RESPONSE]   Access-Control-Allow-Origin: *
2026-01-20 16:52:00.611 [DEBUG] [HTTP_RESPONSE]   Connection: close
2026-01-20 16:52:00.611 [DEBUG] [HTTP_RESPONSE]   Content-Type: application/xml
2026-01-20 16:52:00.611 [DEBUG] [HTTP_RESPONSE]   Date: Tue, 20 Jan 2026 17:52:00 GMT
2026-01-20 16:52:00.611 [DEBUG] [HTTP_RESPONSE]   Odata-Version: 4.0
2026-01-20 16:52:00.611 [DEBUG] [HTTP_RESPONSE]   Transfer-Encoding: chunked
2026-01-20 16:52:00.611 [DEBUG] [HTTP_RESPONSE]   Vary: Authorization
2026-01-20 16:52:00.611 [DEBUG] [HTTP_RESPONSE] Response body (54495 bytes)
2026-01-20 16:52:00.611 [DEBUG] [HTTP_RESPONSE] Response body (truncated): <?xml version="1.0" encoding="utf-8"?>
<edmx:Edmx Version="4.0"
 xmlns:edmx="http://docs.oasis-open.org/odata/ns/edmx"
 xmlns="http://docs.oasis-open.org/odata/ns/edm">
 <edmx:DataServices><Schema Namespace="ADMIN"><EntityType Name="role_row_level_access"><Key><PropertyRef Name="role_row_level_access_id"/></Key><Property Name="role_row_level_access_id" Type="Edm.Int32" Nullable="false"/><Property Name="role_id" Type="Edm.Int32" Nullable="true"/><Property Name="row_id" Type="Edm.Int32" Nullable="false"/><Property Name="table_id" Type="Edm.Int32" Nullable="true"/><Property Name="table" Type="Edm.String" Nullable="false"/><Property Name="db" Type="Edm.String" Nullable="false"/><Property Name="user_id" Type="Edm.Int32" Nullable="true"/><Property Name="app_id" Type="Edm.Int32" Nullable="true"/><Property Name="read" Type="Edm.Boolean" Nullable="true"/><Property Name="update" Type="Edm.Boolean" Nullable="true"/><Property Name="delete" Type="Edm.Boolean" Nullable="true"/><Property Name="share"...
2026-01-20 16:52:00.611 [DEBUG] [CHARSET_CONVERTER] No charset specified, defaulting to UTF-8 converter
2026-01-20 16:52:00.611 [DEBUG] [CHARSET_CONVERTER] Creating charset converter for content type: application/xml
2026-01-20 16:52:00.611 [DEBUG] [CHARSET_CONVERTER] Charset converter initialized with charset: utf-8
2026-01-20 16:52:00.611 [DEBUG] [CHARSET_CONVERTER] Converting 54495 bytes using charset: utf-8
2026-01-20 16:52:00.611 [DEBUG] [CHARSET_CONVERTER] Converting from bytes using charset: utf-8
2026-01-20 16:52:00.611 [DEBUG] [CHARSET_CONVERTER] Using default UTF-8 conversion
2026-01-20 16:52:00.612 [DEBUG] [CHARSET_CONVERTER] Using UTF-8 converter for output
2026-01-20 16:52:00.613 [DEBUG] [CHARSET_CONVERTER] No charset specified, defaulting to UTF-8 converter
2026-01-20 16:52:00.613 [DEBUG] [CHARSET_CONVERTER] Creating charset converter for content type: application/xml
2026-01-20 16:52:00.613 [DEBUG] [CHARSET_CONVERTER] Charset converter initialized with charset: utf-8
2026-01-20 16:52:00.613 [DEBUG] [CHARSET_CONVERTER] Converting 54495 bytes using charset: utf-8
2026-01-20 16:52:00.613 [DEBUG] [CHARSET_CONVERTER] Converting from bytes using charset: utf-8
2026-01-20 16:52:00.613 [DEBUG] [CHARSET_CONVERTER] Using default UTF-8 conversion
2026-01-20 16:52:00.614 [DEBUG] [CHARSET_CONVERTER] Using UTF-8 converter for output
2026-01-20 16:52:00.614 [DEBUG] [CHARSET_CONVERTER] No charset specified, defaulting to UTF-8 converter
2026-01-20 16:52:00.614 [DEBUG] [CHARSET_CONVERTER] Creating charset converter for content type: application/xml
2026-01-20 16:52:00.614 [DEBUG] [CHARSET_CONVERTER] Charset converter initialized with charset: utf-8
2026-01-20 16:52:00.614 [DEBUG] [CHARSET_CONVERTER] Converting 54495 bytes using charset: utf-8
2026-01-20 16:52:00.614 [DEBUG] [CHARSET_CONVERTER] Converting from bytes using charset: utf-8
2026-01-20 16:52:00.614 [DEBUG] [CHARSET_CONVERTER] Using default UTF-8 conversion
2026-01-20 16:52:00.615 [DEBUG] [CHARSET_CONVERTER] Using UTF-8 converter for output
2026-01-20 16:52:00.615 [DEBUG] [ODATA_CLIENT] OData Metadata HTTP Success Response:
  Status Code: 200
  Content Type: application/xml
  Response Headers:
    Vary: Authorization
    Transfer-Encoding: chunked
    Odata-Version: 4.0
    Content-Type: application/xml
    Connection: close
    Date: Tue, 20 Jan 2026 17:52:00 GMT
    Access-Control-Allow-Origin: *
    Access-Control-Allow-Methods: GET, POST, PUT, DELETE, OPTIONS
    Access-Control-Allow-Headers: Content-Type, Authorization, enctype
  Response Body Size: 54495 bytes
  Response Body Preview (first 4000 chars): <?xml version="1.0" encoding="utf-8"?>
<edmx:Edmx Version="4.0"
 xmlns:edmx="http://docs.oasis-open.org/odata/ns/edmx"
 xmlns="http://docs.oasis-open.org/odata/ns/edm">
 <edmx:DataServices><Schema Namespace="ADMIN"><EntityType Name="role_row_level_access"><Key><PropertyRef Name="role_row_level_access_id"/></Key><Property Name="role_row_level_access_id" Type="Edm.Int32" Nullable="false"/><Property Name="role_id" Type="Edm.Int32" Nullable="true"/><Property Name="row_id" Type="Edm.Int32" Nullable="false"/><Property Name="table_id" Type="Edm.Int32" Nullable="true"/><Property Name="table" Type="Edm.String" Nullable="false"/><Property Name="db" Type="Edm.String" Nullable="false"/><Property Name="user_id" Type="Edm.Int32" Nullable="true"/><Property Name="app_id" Type="Edm.Int32" Nullable="true"/><Property Name="read" Type="Edm.Boolean" Nullable="true"/><Property Name="update" Type="Edm.Boolean" Nullable="true"/><Property Name="delete" Type="Edm.Boolean" Nullable="true"/><Property Name="share" Type="Edm.Boolean" Nullable="true"/><Property Name="created_at" Type="Edm.DateTimeOffset" Nullable="true"/><Property Name="updated_at" Type="Edm.DateTimeOffset" Nullable="true"/><Property Name="excluded" Type="Edm.Boolean" Nullable="true"/></EntityType><EntityType Name="row_level_access"><Key><PropertyRef Name="row_level_access_id"/></Key><Property Name="row_level_access_id" Type="Edm.Int32" Nullable="false"/><Property Name="row_id" Type="Edm.Int32" Nullable="false"/><Property Name="table_id" Type="Edm.Int32" Nullable="true"/><Property Name="table" Type="Edm.String" Nullable="false"/><Property Name="db" Type="Edm.String" Nullable="false"/><Property Name="user_id" Type="Edm.Int32" Nullable="true"/><Property Name="app_id" Type="Edm.Int32" Nullable="true"/><Property Name="read" Type="Edm.Boolean" Nullable="true"/><Property Name="update" Type="Edm.Boolean" Nullable="true"/><Property Name="delete" Type="Edm.Boolean" Nullable="true"/><Property Name="share" Type="Edm.Boolean" Nullable="true"/><Property Name="created_at" Type="Edm.DateTimeOffset" Nullable="true"/><Property Name="updated_at" Type="Edm.DateTimeOffset" Nullable="true"/><Property Name="excluded" Type="Edm.Boolean" Nullable="true"/></EntityType><EntityType Name="translate_table_field"><Key><PropertyRef Name="transl_tbl_field_id"/></Key><Property Name="transl_tbl_field_id" Type="Edm.Int32" Nullable="false"/><Property Name="field_org_desc" Type="Edm.String" Nullable="false"/><Property Name="field_transl_desc" Type="Edm.String" Nullable="false"/><Property Name="field" Type="Edm.String" Nullable="false"/><Property Name="table" Type="Edm.String" Nullable="false"/><Property Name="db" Type="Edm.String" Nullable="false"/><Property Name="lang" Type="Edm.String" Nullable="false"/><Property Name="user_id" Type="Edm.Int32" Nullable="true"/><Property Name="app_id" Type="Edm.Int32" Nullable="true"/><Property Name="created_at" Type="Edm.DateTimeOffset" Nullable="true"/><Property Name="updated_at" Type="Edm.DateTimeOffset" Nullable="true"/><Property Name="excluded" Type="Edm.Boolean" Nullable="true"/></EntityType><EntityType Name="cron_log"><Key><PropertyRef Name="cron_log_id"/></Key><Property Name="cron_log_id" Type="Edm.Int32" Nullable="false"/><Property Name="cron_id" Type="Edm.Int32" Nullable="true"/><Property Name="cron" Type="Edm.String" Nullable="false"/><Property Name="cron_desc" Type="Edm.String" Nullable="false"/><Property Name="api" Type="Edm.String" Nullable="false"/><Property Name="start_at" Type="Edm.DateTimeOffset" Nullable="true"/><Property Name="end_at" Type="Edm.DateTimeOffset" Nullable="true"/><Property Name="success" Type="Edm.Boolean" Nullable="true"/><Property Name="cron_msg" Type="Edm.String" Nullable="false"/><Property Name="app_id" Type="Edm.Int32" Nullable="true"/><Property Name="db" Type="Edm.String" Nullable="true"/><Property Name="table" Type="Edm.String" Nullable="true"/><Property Name="created_at" Type="Edm.DateTimeOffset" Nullable="true"/><Property Name="updated_at" Type="Edm
2026-01-20 16:52:00.615 [DEBUG] [CHARSET_CONVERTER] No charset specified, defaulting to UTF-8 converter
2026-01-20 16:52:00.615 [DEBUG] [CHARSET_CONVERTER] Creating charset converter for content type: application/xml
2026-01-20 16:52:00.615 [DEBUG] [CHARSET_CONVERTER] Charset converter initialized with charset: utf-8
2026-01-20 16:52:00.615 [DEBUG] [CHARSET_CONVERTER] Converting 54495 bytes using charset: utf-8
2026-01-20 16:52:00.615 [DEBUG] [CHARSET_CONVERTER] Converting from bytes using charset: utf-8
2026-01-20 16:52:00.615 [DEBUG] [CHARSET_CONVERTER] Using default UTF-8 conversion
2026-01-20 16:52:00.616 [DEBUG] [CHARSET_CONVERTER] Using UTF-8 converter for output
2026-01-20 16:52:00.617 [INFO] [ODATA_CLIENT] Detected OData version from metadata: V4
2026-01-20 16:52:00.637 [DEBUG] [ODATA_READ_BIND] Standard OData v4 URL detected, using conventional metadata approach
2026-01-20 16:52:00.638 [DEBUG] [ODATA_READ_BIND] Standard OData v4 URL detected, using conventional metadata approach
2026-01-20 16:52:00.639 [DEBUG] [ODATA_READ_BIND] Activating columns: 0, 1, 5, 11, 
2026-01-20 16:52:00.639 [DEBUG] [ODATA_READ_BIND] Mapping activated index 0 to original index 0
2026-01-20 16:52:00.639 [DEBUG] [ODATA_READ_BIND] Mapping activated index 1 to original index 1
2026-01-20 16:52:00.639 [DEBUG] [ODATA_READ_BIND] Mapping activated index 2 to original index 5
2026-01-20 16:52:00.639 [DEBUG] [ODATA_READ_BIND] Mapping activated index 3 to original index 11
2026-01-20 16:52:00.639 [DEBUG] [ODATA_READ_BIND] ActivateColumns: service_root_mode_ = false
2026-01-20 16:52:00.639 [DEBUG] [ODATA_READ_BIND] Creating new predicate pushdown helper
2026-01-20 16:52:00.640 [INFO] [ODATA_CLIENT] Resolved metadata URL: http://localhost:4444/odata/ADMIN/$metadata
2026-01-20 16:52:00.640 [DEBUG] [ODATA_CLIENT] GetCurrentEntitySetType called
2026-01-20 16:52:00.640 [DEBUG] [ODATA_CLIENT] Current URL path: /odata/ADMIN/app
2026-01-20 16:52:00.640 [DEBUG] [ODATA_CLIENT] Input parameters count: 0
2026-01-20 16:52:00.640 [DEBUG] [ODATA_CLIENT] Current entity name from fragment: empty
2026-01-20 16:52:00.640 [DEBUG] [ODATA_CLIENT] No entity name from @odata.context; deferring to metadata lookup
2026-01-20 16:52:00.640 [DEBUG] [ODATA_CLIENT] Final entity set name: 
2026-01-20 16:52:00.640 [DEBUG] [ODATA_CLIENT] Using stored metadata context URL: http://localhost:4444/odata/ADMIN/$metadata
2026-01-20 16:52:00.640 [DEBUG] [ODATA_CLIENT] Derived entity set candidate from URL: app
2026-01-20 16:52:00.640 [DEBUG] [ODATA_CLIENT] Resolved entity set from URL path: app
2026-01-20 16:52:00.640 [DEBUG] [ODATA_CLIENT] Using stored metadata context URL: http://localhost:4444/odata/ADMIN/$metadata
2026-01-20 16:52:00.640 [DEBUG] [ODATA_CLIENT] GetCurrentEntitySetType called
2026-01-20 16:52:00.640 [DEBUG] [ODATA_CLIENT] Current URL path: /odata/ADMIN/app
2026-01-20 16:52:00.640 [DEBUG] [ODATA_CLIENT] Input parameters count: 0
2026-01-20 16:52:00.640 [DEBUG] [ODATA_CLIENT] Current entity name from fragment: empty
2026-01-20 16:52:00.640 [DEBUG] [ODATA_CLIENT] No entity name from @odata.context; deferring to metadata lookup
2026-01-20 16:52:00.640 [DEBUG] [ODATA_CLIENT] Final entity set name: 
2026-01-20 16:52:00.640 [DEBUG] [ODATA_CLIENT] Using stored metadata context URL: http://localhost:4444/odata/ADMIN/$metadata
2026-01-20 16:52:00.640 [DEBUG] [ODATA_CLIENT] Derived entity set candidate from URL: app
2026-01-20 16:52:00.640 [DEBUG] [ODATA_CLIENT] Resolved entity set from URL path: app
2026-01-20 16:52:00.640 [DEBUG] [ODATA_CLIENT] Using stored metadata context URL: http://localhost:4444/odata/ADMIN/$metadata
2026-01-20 16:52:00.641 [DEBUG] [ODATA_CLIENT] Using stored metadata context URL: http://localhost:4444/odata/ADMIN/$metadata
2026-01-20 16:52:00.641 [DEBUG] [ODATA_CLIENT] GetCurrentEntitySetType called
2026-01-20 16:52:00.641 [DEBUG] [ODATA_CLIENT] Current URL path: /odata/ADMIN/app
2026-01-20 16:52:00.641 [DEBUG] [ODATA_CLIENT] Input parameters count: 0
2026-01-20 16:52:00.641 [DEBUG] [ODATA_CLIENT] Current entity name from fragment: empty
2026-01-20 16:52:00.641 [DEBUG] [ODATA_CLIENT] No entity name from @odata.context; deferring to metadata lookup
2026-01-20 16:52:00.641 [DEBUG] [ODATA_CLIENT] Final entity set name: 
2026-01-20 16:52:00.641 [DEBUG] [ODATA_CLIENT] Using stored metadata context URL: http://localhost:4444/odata/ADMIN/$metadata
2026-01-20 16:52:00.641 [DEBUG] [ODATA_CLIENT] Derived entity set candidate from URL: app
2026-01-20 16:52:00.641 [DEBUG] [ODATA_CLIENT] Resolved entity set from URL path: app
2026-01-20 16:52:00.641 [DEBUG] [ODATA_CLIENT] Using stored metadata context URL: http://localhost:4444/odata/ADMIN/$metadata
2026-01-20 16:52:00.641 [DEBUG] [ODATA_CLIENT] Using stored metadata context URL: http://localhost:4444/odata/ADMIN/$metadata
2026-01-20 16:52:00.642 [DEBUG] [ODATA_READ_BIND] Using OData client column names for predicate pushdown: 12 columns
2026-01-20 16:52:00.642 [DEBUG] [PREDICATE_PUSHDOWN] Created predicate pushdown helper with 12 columns
2026-01-20 16:52:00.642 [DEBUG] [PREDICATE_PUSHDOWN] Column 0: app_id
2026-01-20 16:52:00.642 [DEBUG] [PREDICATE_PUSHDOWN] Column 1: app
2026-01-20 16:52:00.642 [DEBUG] [PREDICATE_PUSHDOWN] Column 2: app_desc
2026-01-20 16:52:00.642 [DEBUG] [PREDICATE_PUSHDOWN] Column 3: version
2026-01-20 16:52:00.642 [DEBUG] [PREDICATE_PUSHDOWN] Column 4: email
2026-01-20 16:52:00.642 [DEBUG] [PREDICATE_PUSHDOWN] Column 5: db
2026-01-20 16:52:00.642 [DEBUG] [PREDICATE_PUSHDOWN] Column 6: attach_logo
2026-01-20 16:52:00.642 [DEBUG] [PREDICATE_PUSHDOWN] Column 7: config
2026-01-20 16:52:00.642 [DEBUG] [PREDICATE_PUSHDOWN] Column 8: user_id
2026-01-20 16:52:00.642 [DEBUG] [PREDICATE_PUSHDOWN] Column 9: created_at
2026-01-20 16:52:00.642 [DEBUG] [PREDICATE_PUSHDOWN] Column 10: updated_at
2026-01-20 16:52:00.642 [DEBUG] [PREDICATE_PUSHDOWN] Column 11: excluded
2026-01-20 16:52:00.642 [DEBUG] [PREDICATE_PUSHDOWN] Set OData version to: V4
2026-01-20 16:52:00.642 [DEBUG] [ODATA_READ_BIND] Set OData version V4 on predicate pushdown helper
2026-01-20 16:52:00.642 [DEBUG] [PREDICATE_PUSHDOWN] Column name resolver set
2026-01-20 16:52:00.642 [DEBUG] [PREDICATE_PUSHDOWN] Consuming column selection: 4 columns
2026-01-20 16:52:00.642 [DEBUG] [PREDICATE_PUSHDOWN] Building select clause for 4 columns
2026-01-20 16:52:00.642 [DEBUG] [PREDICATE_PUSHDOWN] Non-rowid columns: 4 out of 12
2026-01-20 16:52:00.642 [DEBUG] [ODATA_CLIENT] Using stored metadata context URL: http://localhost:4444/odata/ADMIN/$metadata
2026-01-20 16:52:00.642 [DEBUG] [ODATA_CLIENT] GetCurrentEntitySetType called
2026-01-20 16:52:00.642 [DEBUG] [ODATA_CLIENT] Current URL path: /odata/ADMIN/app
2026-01-20 16:52:00.642 [DEBUG] [ODATA_CLIENT] Input parameters count: 0
2026-01-20 16:52:00.642 [DEBUG] [ODATA_CLIENT] Current entity name from fragment: empty
2026-01-20 16:52:00.642 [DEBUG] [ODATA_CLIENT] No entity name from @odata.context; deferring to metadata lookup
2026-01-20 16:52:00.642 [DEBUG] [ODATA_CLIENT] Final entity set name: 
2026-01-20 16:52:00.642 [DEBUG] [ODATA_CLIENT] Using stored metadata context URL: http://localhost:4444/odata/ADMIN/$metadata
2026-01-20 16:52:00.642 [DEBUG] [ODATA_CLIENT] Derived entity set candidate from URL: app
2026-01-20 16:52:00.642 [DEBUG] [ODATA_CLIENT] Resolved entity set from URL path: app
2026-01-20 16:52:00.642 [DEBUG] [ODATA_CLIENT] Using stored metadata context URL: http://localhost:4444/odata/ADMIN/$metadata
2026-01-20 16:52:00.642 [DEBUG] [ODATA_CLIENT] GetCurrentEntitySetType called
2026-01-20 16:52:00.642 [DEBUG] [ODATA_CLIENT] Current URL path: /odata/ADMIN/app
2026-01-20 16:52:00.642 [DEBUG] [ODATA_CLIENT] Input parameters count: 0
2026-01-20 16:52:00.643 [DEBUG] [ODATA_CLIENT] Current entity name from fragment: empty
2026-01-20 16:52:00.643 [DEBUG] [ODATA_CLIENT] No entity name from @odata.context; deferring to metadata lookup
2026-01-20 16:52:00.643 [DEBUG] [ODATA_CLIENT] Final entity set name: 
2026-01-20 16:52:00.643 [DEBUG] [ODATA_CLIENT] Using stored metadata context URL: http://localhost:4444/odata/ADMIN/$metadata
2026-01-20 16:52:00.643 [DEBUG] [ODATA_CLIENT] Derived entity set candidate from URL: app
2026-01-20 16:52:00.643 [DEBUG] [ODATA_CLIENT] Resolved entity set from URL path: app
2026-01-20 16:52:00.643 [DEBUG] [ODATA_CLIENT] Using stored metadata context URL: http://localhost:4444/odata/ADMIN/$metadata
2026-01-20 16:52:00.643 [DEBUG] [ODATA_CLIENT] Using stored metadata context URL: http://localhost:4444/odata/ADMIN/$metadata
2026-01-20 16:52:00.643 [DEBUG] [ODATA_CLIENT] GetCurrentEntitySetType called
2026-01-20 16:52:00.643 [DEBUG] [ODATA_CLIENT] Current URL path: /odata/ADMIN/app
2026-01-20 16:52:00.643 [DEBUG] [ODATA_CLIENT] Input parameters count: 0
2026-01-20 16:52:00.643 [DEBUG] [ODATA_CLIENT] Current entity name from fragment: empty
2026-01-20 16:52:00.643 [DEBUG] [ODATA_CLIENT] No entity name from @odata.context; deferring to metadata lookup
2026-01-20 16:52:00.643 [DEBUG] [ODATA_CLIENT] Final entity set name: 
2026-01-20 16:52:00.643 [DEBUG] [ODATA_CLIENT] Using stored metadata context URL: http://localhost:4444/odata/ADMIN/$metadata
2026-01-20 16:52:00.643 [DEBUG] [ODATA_CLIENT] Derived entity set candidate from URL: app
2026-01-20 16:52:00.643 [DEBUG] [ODATA_CLIENT] Resolved entity set from URL path: app
2026-01-20 16:52:00.643 [DEBUG] [ODATA_CLIENT] Using stored metadata context URL: http://localhost:4444/odata/ADMIN/$metadata
2026-01-20 16:52:00.643 [DEBUG] [ODATA_CLIENT] Using stored metadata context URL: http://localhost:4444/odata/ADMIN/$metadata
2026-01-20 16:52:00.644 [DEBUG] [PREDICATE_PUSHDOWN] Added field to select: app_id
2026-01-20 16:52:00.644 [DEBUG] [PREDICATE_PUSHDOWN] Added field to select: app
2026-01-20 16:52:00.644 [DEBUG] [PREDICATE_PUSHDOWN] Added field to select: db
2026-01-20 16:52:00.644 [DEBUG] [PREDICATE_PUSHDOWN] Added field to select: excluded
2026-01-20 16:52:00.644 [DEBUG] [PREDICATE_PUSHDOWN] Built select clause: $select=app_id,app,db,excluded
2026-01-20 16:52:00.644 [DEBUG] [PREDICATE_PUSHDOWN] Built select clause: $select=app_id,app,db,excluded
2026-01-20 16:52:00.644 [DEBUG] [ODATA_READ_BIND] Select clause: $select=app_id,app,db,excluded
2026-01-20 16:52:00.644 [DEBUG] [ODATA_READ_BIND] Adding 1 filters: Column 0: c0=1

2026-01-20 16:52:00.644 [DEBUG] [PREDICATE_PUSHDOWN] Building filter clause
2026-01-20 16:52:00.644 [DEBUG] [PREDICATE_PUSHDOWN] Processing 1 filters
2026-01-20 16:52:00.644 [DEBUG] [PREDICATE_PUSHDOWN] Processing filter for DuckDB column index: 0
2026-01-20 16:52:00.644 [DEBUG] [PREDICATE_PUSHDOWN] Total columns available: 12
2026-01-20 16:52:00.644 [DEBUG] [PREDICATE_PUSHDOWN] Column name resolver mapped index 0 to: app_id
2026-01-20 16:52:00.644 [DEBUG] [PREDICATE_PUSHDOWN] Translating filter for column 'app_id' with filter type: 0
2026-01-20 16:52:00.644 [DEBUG] [PREDICATE_PUSHDOWN] Translating constant comparison for column 'app_id'
2026-01-20 16:52:00.644 [DEBUG] [PREDICATE_PUSHDOWN] Constant value: '1' (type: INTEGER)
2026-01-20 16:52:00.644 [DEBUG] [PREDICATE_PUSHDOWN] Using comparison operator: eq
2026-01-20 16:52:00.644 [DEBUG] [PREDICATE_PUSHDOWN] Added numeric value without quotes: 1
2026-01-20 16:52:00.644 [DEBUG] [PREDICATE_PUSHDOWN] Final constant comparison: 'app_id eq 1'
2026-01-20 16:52:00.644 [DEBUG] [PREDICATE_PUSHDOWN] Translated filter result: 'app_id eq 1'
2026-01-20 16:52:00.644 [DEBUG] [PREDICATE_PUSHDOWN] Valid filter: app_id eq 1
2026-01-20 16:52:00.645 [DEBUG] [PREDICATE_PUSHDOWN] Built filter clause (smart-encoded): $filter=app_id%20eq%201
2026-01-20 16:52:00.645 [DEBUG] [PREDICATE_PUSHDOWN] Built filter clause: $filter=app_id%20eq%201
2026-01-20 16:52:00.645 [DEBUG] [ODATA_READ_BIND] Filter clause: $filter=app_id%20eq%201
2026-01-20 16:52:00.645 [DEBUG] [ODATA_READ_BIND] Updating URL from predicate pushdown
2026-01-20 16:52:00.645 [DEBUG] [ODATA_READ_BIND] Original URL: http://localhost:4444/odata/ADMIN/app?$format=json
2026-01-20 16:52:00.645 [DEBUG] [PREDICATE_PUSHDOWN] Applying filters to URL: http://localhost:4444/odata/ADMIN/app?$format=json
2026-01-20 16:52:00.645 [DEBUG] [PREDICATE_PUSHDOWN] Select clause: '$select=app_id,app,db,excluded'
2026-01-20 16:52:00.645 [DEBUG] [PREDICATE_PUSHDOWN] Filter clause: '$filter=app_id%20eq%201'
2026-01-20 16:52:00.645 [DEBUG] [PREDICATE_PUSHDOWN] Top clause: ''
2026-01-20 16:52:00.645 [DEBUG] [PREDICATE_PUSHDOWN] Skip clause: ''
2026-01-20 16:52:00.645 [DEBUG] [PREDICATE_PUSHDOWN] Expand clause: ''
2026-01-20 16:52:00.645 [DEBUG] [PREDICATE_PUSHDOWN] Set param '$select' = 'app_id,app,db,excluded'
2026-01-20 16:52:00.645 [DEBUG] [PREDICATE_PUSHDOWN] Set param '$filter' = 'app_id%20eq%201'
2026-01-20 16:52:00.645 [DEBUG] [PREDICATE_PUSHDOWN] Final query: '?$filter=app_id%20eq%201&$format=json&$select=app_id,app,db,excluded'
2026-01-20 16:52:00.645 [INFO] [PREDICATE_PUSHDOWN] Updated URL: http://localhost:4444/odata/ADMIN/app?$filter=app_id%20eq%201&$format=json&$select=app_id,app,db,excluded
2026-01-20 16:52:00.645 [DEBUG] [ODATA_READ_BIND] Updated URL: http://localhost:4444/odata/ADMIN/app?$filter=app_id%20eq%201&$format=json&$select=app_id,app,db,excluded
2026-01-20 16:52:00.645 [DEBUG] [ODATA_READ_BIND] PrefetchFirstPage: service_root_mode_ = false
2026-01-20 16:52:00.645 [DEBUG] [ODATA_READ_BIND] PrefetchFirstPage: starting first page fetch
2026-01-20 16:52:00.645 [INFO] [ODATA_CLIENT] Fetching OData request from: http://localhost:4444/odata/ADMIN/app?$filter=app_id%20eq%201&$format=json&$select=app_id,app,db,excluded (get_next: 0)
2026-01-20 16:52:00.645 [INFO] [ODATA_CLIENT] Resolved metadata URL: http://localhost:4444/odata/ADMIN/$metadata
2026-01-20 16:52:00.645 [DEBUG] [ODATA_CLIENT] Using cached metadata, detected version: V4
2026-01-20 16:52:00.645 [DEBUG] [ODATA_CLIENT] Executing HTTP GET request
2026-01-20 16:52:00.645 [DEBUG] [ODATA_CLIENT] DoHttpGet: calling AddInputParametersToUrl
2026-01-20 16:52:00.645 [INFO] [ODATA_CLIENT] AddInputParametersToUrl called with 0 parameters on client at 94860391621328
2026-01-20 16:52:00.645 [INFO] [ODATA_CLIENT] No input parameters to add
2026-01-20 16:52:00.645 [DEBUG] [ODATA_CLIENT] DoHttpGet: URL after input parameters: http://localhost:4444/odata/ADMIN/app?$filter=app_id%20eq%201&$format=json&$select=app_id,app,db,excluded
2026-01-20 16:52:00.645 [INFO] [HTTP_REQUEST_REPRO] Reproduce with: SELECT * FROM http_get('http://localhost:4444/odata/ADMIN/app?$filter=app_id%20eq%201&$format=json&$select=app_id,app,db,excluded', headers := MAP{'Accept': 'application/json;odata.metadata=minimal', 'Authorization': 'Bearer eyJhbGciOiJIUzI1NiJ9.eyJpc3MiOiJodHRwOi8vbG9jYWxob3N0OjQ0NDQiLCJzdWIiOiJ7XCJhY3RpdmVcIjp0cnVlLFwiZXhjbHVkZWRcIjpmYWxzZSxcImZpcnN0X25hbWVcIjpcIlN1cGVyXCIsXCJsYW5nX2lkXCI6MSxcImxhc3RfbmFtZVwiOlwiQWRtaW5cIixcInJvbGVfaWRcIjoxLFwidXNlcl9pZFwiOjEsXCJ1c2VybmFtZVwiOlwicm9vdFwifSIsImF1ZCI6WyJodHRwOi8vbG9jYWxob3N0OjQ0NDQiXSwiZXhwIjoxNzc0MDg0NzU1LjgzMzE4OTcsIm5iZiI6MTc2ODkwMDc1NS44MzMxOTA3LCJpYXQiOjE3Njg5MDA3NTUuODMzMTkwMn0.nKV-u4pSDHrsDNaaPkCnfXSs8jOtofXSggQ-MS5CtQA', 'OData-MaxVersion': '4.0', 'OData-Version': '4.0'}, url_encode := false);
2026-01-20 16:52:00.645 [INFO] [HTTP_REQUEST] Executing GET request to: /odata/ADMIN/app?$filter=app_id%20eq%201&$format=json&$select=app_id,app,db,excluded
2026-01-20 16:52:00.645 [DEBUG] [HTTP_REQUEST] Request headers:
2026-01-20 16:52:00.645 [DEBUG] [HTTP_REQUEST]   Accept: application/json;odata.metadata=minimal
2026-01-20 16:52:00.645 [DEBUG] [HTTP_REQUEST]   Authorization: Bearer eyJhbGciOiJIUzI1NiJ9.eyJpc3MiOiJodHRwOi8vbG9jYWxob3N0OjQ0NDQiLCJzdWIiOiJ7XCJhY3RpdmVcIjp0cnVlLFwiZXhjbHVkZWRcIjpmYWxzZSxcImZpcnN0X25hbWVcIjpcIlN1cGVyXCIsXCJsYW5nX2lkXCI6MSxcImxhc3RfbmFtZVwiOlwiQWRtaW5cIixcInJvbGVfaWRcIjoxLFwidXNlcl9pZFwiOjEsXCJ1c2VybmFtZVwiOlwicm9vdFwifSIsImF1ZCI6WyJodHRwOi8vbG9jYWxob3N0OjQ0NDQiXSwiZXhwIjoxNzc0MDg0NzU1LjgzMzE4OTcsIm5iZiI6MTc2ODkwMDc1NS44MzMxOTA3LCJpYXQiOjE3Njg5MDA3NTUuODMzMTkwMn0.nKV-u4pSDHrsDNaaPkCnfXSs8jOtofXSggQ-MS5CtQA
2026-01-20 16:52:00.645 [DEBUG] [HTTP_REQUEST]   OData-MaxVersion: 4.0
2026-01-20 16:52:00.645 [DEBUG] [HTTP_REQUEST]   OData-Version: 4.0
2026-01-20 16:52:00.660 [INFO] [HTTP_RESPONSE] Response status: 200
2026-01-20 16:52:00.660 [DEBUG] [HTTP_RESPONSE] Response headers:
2026-01-20 16:52:00.660 [DEBUG] [HTTP_RESPONSE]   Access-Control-Allow-Headers: Content-Type, Authorization, enctype
2026-01-20 16:52:00.660 [DEBUG] [HTTP_RESPONSE]   Access-Control-Allow-Methods: GET, POST, PUT, DELETE, OPTIONS
2026-01-20 16:52:00.660 [DEBUG] [HTTP_RESPONSE]   Access-Control-Allow-Origin: *
2026-01-20 16:52:00.660 [DEBUG] [HTTP_RESPONSE]   Content-Length: 161
2026-01-20 16:52:00.660 [DEBUG] [HTTP_RESPONSE]   Content-Type: application/json; charset=utf-8
2026-01-20 16:52:00.660 [DEBUG] [HTTP_RESPONSE]   Date: Tue, 20 Jan 2026 17:52:00 GMT
2026-01-20 16:52:00.660 [DEBUG] [HTTP_RESPONSE]   Odata-Version: 4.0
2026-01-20 16:52:00.660 [DEBUG] [HTTP_RESPONSE]   Vary: Authorization
2026-01-20 16:52:00.660 [DEBUG] [HTTP_RESPONSE] Response body (161 bytes)
2026-01-20 16:52:00.660 [DEBUG] [HTTP_RESPONSE] Response body: {"@odata.context":"http://localhost:4444/odata/ADMIN/app","@odata.count":1,"value":[{"app":"ADMIN","app_id":1,"db":"ADMIN","excluded":false,"username":"root"}]}

2026-01-20 16:52:00.660 [DEBUG] [ODATA_CLIENT] Creating OData response object
2026-01-20 16:52:00.660 [DEBUG] [ODATA_RESPONSE] Created OData entity set response
2026-01-20 16:52:00.660 [DEBUG] [ODATA_RESPONSE] Response content type: application/json; charset=utf-8
2026-01-20 16:52:00.660 [DEBUG] [ODATA_RESPONSE] OData version: V4
2026-01-20 16:52:00.660 [DEBUG] [ODATA_CLIENT] Successfully created OData response
2026-01-20 16:52:00.660 [DEBUG] [ODATA_RESPONSE] Parsing HTTP response content
2026-01-20 16:52:00.660 [DEBUG] [ODATA_RESPONSE] Content type: application/json; charset=utf-8
2026-01-20 16:52:00.660 [DEBUG] [CHARSET_CONVERTER] Detected UTF-8 charset, using UTF-8 converter
2026-01-20 16:52:00.660 [DEBUG] [CHARSET_CONVERTER] Creating charset converter for content type: application/json; charset=utf-8
2026-01-20 16:52:00.660 [DEBUG] [CHARSET_CONVERTER] Charset converter initialized with charset: utf-8
2026-01-20 16:52:00.660 [DEBUG] [CHARSET_CONVERTER] Converting 161 bytes using charset: utf-8
2026-01-20 16:52:00.660 [DEBUG] [CHARSET_CONVERTER] Converting from bytes using charset: utf-8
2026-01-20 16:52:00.660 [DEBUG] [CHARSET_CONVERTER] Using default UTF-8 conversion
2026-01-20 16:52:00.660 [DEBUG] [CHARSET_CONVERTER] Using UTF-8 converter for output
2026-01-20 16:52:00.660 [DEBUG] [ODATA_RESPONSE] Content size: 161 bytes
2026-01-20 16:52:00.660 [DEBUG] [CHARSET_CONVERTER] Detected UTF-8 charset, using UTF-8 converter
2026-01-20 16:52:00.660 [DEBUG] [CHARSET_CONVERTER] Creating charset converter for content type: application/json; charset=utf-8
2026-01-20 16:52:00.660 [DEBUG] [CHARSET_CONVERTER] Charset converter initialized with charset: utf-8
2026-01-20 16:52:00.660 [DEBUG] [CHARSET_CONVERTER] Converting 161 bytes using charset: utf-8
2026-01-20 16:52:00.660 [DEBUG] [CHARSET_CONVERTER] Converting from bytes using charset: utf-8
2026-01-20 16:52:00.660 [DEBUG] [CHARSET_CONVERTER] Using default UTF-8 conversion
2026-01-20 16:52:00.660 [DEBUG] [CHARSET_CONVERTER] Using UTF-8 converter for output
2026-01-20 16:52:00.660 [DEBUG] [ODATA_CONTENT] Creating OData content from response
2026-01-20 16:52:00.660 [DEBUG] [ODATA_CONTENT] Content type: application/json; charset=utf-8
2026-01-20 16:52:00.660 [DEBUG] [ODATA_CONTENT] Content size: 161 bytes
2026-01-20 16:52:00.660 [DEBUG] [DETECT_VERSION] Starting OData version detection
2026-01-20 16:52:00.660 [DEBUG] [DETECT_VERSION] Found 'value' array, detecting as V4
2026-01-20 16:52:00.660 [DEBUG] [ODATA_CONTENT] Detected OData version from response: V4
2026-01-20 16:52:00.660 [DEBUG] [ODATA_CONTENT] Metadata suggested version: V4
2026-01-20 16:52:00.660 [DEBUG] [DETECT_VERSION] Starting OData version detection
2026-01-20 16:52:00.660 [DEBUG] [DETECT_VERSION] Found 'value' array, detecting as V4
2026-01-20 16:52:00.660 [DEBUG] [ODATA_RESPONSE] Successfully parsed content
2026-01-20 16:52:00.660 [DEBUG] [ODATA_CLIENT] Raw metadata context URL: http://localhost:4444/odata/ADMIN/app
2026-01-20 16:52:00.660 [INFO] [ODATA_CLIENT] Updated metadata context URL from response: http://localhost:4444/odata/ADMIN/app
2026-01-20 16:52:00.660 [DEBUG] [ODATA_RESPONSE] Returning cached parsed content
2026-01-20 16:52:00.660 [INFO] [ODATA_READ_BIND] Service reported total row count: 1
2026-01-20 16:52:00.660 [INFO] [ODATA_READ_BIND] GetResultNames called - service_root_mode: false
2026-01-20 16:52:00.661 [INFO] [ODATA_READ_BIND] GetResultTypes called - service_root_mode: false
2026-01-20 16:52:00.661 [INFO] [ODATA_READ_BIND] Calling odata_client->GetResultTypes() for metadata
2026-01-20 16:52:00.661 [DEBUG] [ODATA_CLIENT] Using stored metadata context URL: http://localhost:4444/odata/ADMIN/app
2026-01-20 16:52:00.661 [DEBUG] [ODATA_CLIENT] OData Metadata HTTP Request:
  URL: http://localhost:4444/odata/ADMIN/app
  Method: GET
  Headers:
    Connection: close
    Authorization: Bearer eyJhbGciOiJIUzI1NiJ9.eyJpc3MiOiJodHRwOi8vbG9jYWxob3N0OjQ0NDQiLCJzdWIiOiJ7XCJhY3RpdmVcIjp0cnVlLFwiZXhjbHVkZWRcIjpmYWxzZSxcImZpcnN0X25hbWVcIjpcIlN1cGVyXCIsXCJsYW5nX2lkXCI6MSxcImxhc3RfbmFtZVwiOlwiQWRtaW5cIixcInJvbGVfaWRcIjoxLFwidXNlcl9pZFwiOjEsXCJ1c2VybmFtZVwiOlwicm9vdFwifSIsImF1ZCI6WyJodHRwOi8vbG9jYWxob3N0OjQ0NDQiXSwiZXhwIjoxNzc0MDg0NzU1LjgzMzE4OTcsIm5iZiI6MTc2ODkwMDc1NS44MzMxOTA3LCJpYXQiOjE3Njg5MDA3NTUuODMzMTkwMn0.nKV-u4pSDHrsDNaaPkCnfXSs8jOtofXSggQ-MS5CtQA
    Accept: application/xml
2026-01-20 16:52:00.661 [DEBUG] [ODATA_CLIENT] Metadata request attempt 1 of 3
2026-01-20 16:52:00.661 [INFO] [HTTP_REQUEST_REPRO] Reproduce with: SELECT * FROM http_get('http://localhost:4444/odata/ADMIN/app', headers := MAP{'Accept': 'application/xml', 'Authorization': 'Bearer eyJhbGciOiJIUzI1NiJ9.eyJpc3MiOiJodHRwOi8vbG9jYWxob3N0OjQ0NDQiLCJzdWIiOiJ7XCJhY3RpdmVcIjp0cnVlLFwiZXhjbHVkZWRcIjpmYWxzZSxcImZpcnN0X25hbWVcIjpcIlN1cGVyXCIsXCJsYW5nX2lkXCI6MSxcImxhc3RfbmFtZVwiOlwiQWRtaW5cIixcInJvbGVfaWRcIjoxLFwidXNlcl9pZFwiOjEsXCJ1c2VybmFtZVwiOlwicm9vdFwifSIsImF1ZCI6WyJodHRwOi8vbG9jYWxob3N0OjQ0NDQiXSwiZXhwIjoxNzc0MDg0NzU1LjgzMzE4OTcsIm5iZiI6MTc2ODkwMDc1NS44MzMxOTA3LCJpYXQiOjE3Njg5MDA3NTUuODMzMTkwMn0.nKV-u4pSDHrsDNaaPkCnfXSs8jOtofXSggQ-MS5CtQA', 'Connection': 'close'}, url_encode := false);
2026-01-20 16:52:00.661 [INFO] [HTTP_REQUEST] Executing GET request to: /odata/ADMIN/app
2026-01-20 16:52:00.661 [DEBUG] [HTTP_REQUEST] Request headers:
2026-01-20 16:52:00.661 [DEBUG] [HTTP_REQUEST]   Accept: application/xml
2026-01-20 16:52:00.661 [DEBUG] [HTTP_REQUEST]   Authorization: Bearer eyJhbGciOiJIUzI1NiJ9.eyJpc3MiOiJodHRwOi8vbG9jYWxob3N0OjQ0NDQiLCJzdWIiOiJ7XCJhY3RpdmVcIjp0cnVlLFwiZXhjbHVkZWRcIjpmYWxzZSxcImZpcnN0X25hbWVcIjpcIlN1cGVyXCIsXCJsYW5nX2lkXCI6MSxcImxhc3RfbmFtZVwiOlwiQWRtaW5cIixcInJvbGVfaWRcIjoxLFwidXNlcl9pZFwiOjEsXCJ1c2VybmFtZVwiOlwicm9vdFwifSIsImF1ZCI6WyJodHRwOi8vbG9jYWxob3N0OjQ0NDQiXSwiZXhwIjoxNzc0MDg0NzU1LjgzMzE4OTcsIm5iZiI6MTc2ODkwMDc1NS44MzMxOTA3LCJpYXQiOjE3Njg5MDA3NTUuODMzMTkwMn0.nKV-u4pSDHrsDNaaPkCnfXSs8jOtofXSggQ-MS5CtQA
2026-01-20 16:52:00.661 [DEBUG] [HTTP_REQUEST]   Connection: close
2026-01-20 16:52:00.674 [INFO] [HTTP_RESPONSE] Response status: 200
2026-01-20 16:52:00.674 [DEBUG] [HTTP_RESPONSE] Response headers:
2026-01-20 16:52:00.674 [DEBUG] [HTTP_RESPONSE]   Access-Control-Allow-Headers: Content-Type, Authorization, enctype
2026-01-20 16:52:00.674 [DEBUG] [HTTP_RESPONSE]   Access-Control-Allow-Methods: GET, POST, PUT, DELETE, OPTIONS
2026-01-20 16:52:00.674 [DEBUG] [HTTP_RESPONSE]   Access-Control-Allow-Origin: *
2026-01-20 16:52:00.674 [DEBUG] [HTTP_RESPONSE]   Connection: close
2026-01-20 16:52:00.674 [DEBUG] [HTTP_RESPONSE]   Content-Length: 868
2026-01-20 16:52:00.674 [DEBUG] [HTTP_RESPONSE]   Content-Type: application/json; charset=utf-8
2026-01-20 16:52:00.674 [DEBUG] [HTTP_RESPONSE]   Date: Tue, 20 Jan 2026 17:52:00 GMT
2026-01-20 16:52:00.674 [DEBUG] [HTTP_RESPONSE]   Odata-Version: 4.0
2026-01-20 16:52:00.674 [DEBUG] [HTTP_RESPONSE]   Vary: Authorization
2026-01-20 16:52:00.675 [DEBUG] [HTTP_RESPONSE] Response body (868 bytes)
2026-01-20 16:52:00.675 [DEBUG] [HTTP_RESPONSE] Response body: {"@odata.context":"http://localhost:4444/odata/ADMIN/app","@odata.count":3,"value":[{"app":"ADMIN","app_desc":"Admin","app_id":1,"attach_logo":null,"config":"{}","created_at":"2025-11-05T18:55:00.130747Z","db":"ADMIN","email":null,"excluded":false,"updated_at":"2025-11-05T18:55:00.130747Z","user_id":1,"username":"root","version":"1.0.0"},{"app":"ETLX","app_desc":"ETLX UI in CS","app_id":2,"attach_logo":null,"config":null,"created_at":"2025-11-05T19:01:54.055156Z","db":"ETLX","email":null,"excluded":false,"updated_at":"2025-11-05T19:01:54.055156Z","user_id":1,"username":"root","version":"1.0.0"},{"app":"SAAS","app_desc":"CS SASS Backend","app_id":3,"attach_logo":null,"config":null,"created_at":"2026-01-10T18:53:52.783348Z","db":"SAAS","email":null,"excluded":false,"updated_at":"2026-01-10T18:53:52.783348Z","user_id":1,"username":"root","version":"1.0.0"}]}

2026-01-20 16:52:00.675 [DEBUG] [CHARSET_CONVERTER] Detected UTF-8 charset, using UTF-8 converter
2026-01-20 16:52:00.675 [DEBUG] [CHARSET_CONVERTER] Creating charset converter for content type: application/json; charset=utf-8
2026-01-20 16:52:00.675 [DEBUG] [CHARSET_CONVERTER] Charset converter initialized with charset: utf-8
2026-01-20 16:52:00.675 [DEBUG] [CHARSET_CONVERTER] Converting 868 bytes using charset: utf-8
2026-01-20 16:52:00.675 [DEBUG] [CHARSET_CONVERTER] Converting from bytes using charset: utf-8
2026-01-20 16:52:00.675 [DEBUG] [CHARSET_CONVERTER] Using default UTF-8 conversion
2026-01-20 16:52:00.675 [DEBUG] [CHARSET_CONVERTER] Using UTF-8 converter for output
2026-01-20 16:52:00.675 [DEBUG] [CHARSET_CONVERTER] Detected UTF-8 charset, using UTF-8 converter
2026-01-20 16:52:00.675 [DEBUG] [CHARSET_CONVERTER] Creating charset converter for content type: application/json; charset=utf-8
2026-01-20 16:52:00.675 [DEBUG] [CHARSET_CONVERTER] Charset converter initialized with charset: utf-8
2026-01-20 16:52:00.675 [DEBUG] [CHARSET_CONVERTER] Converting 868 bytes using charset: utf-8
2026-01-20 16:52:00.675 [DEBUG] [CHARSET_CONVERTER] Converting from bytes using charset: utf-8
2026-01-20 16:52:00.675 [DEBUG] [CHARSET_CONVERTER] Using default UTF-8 conversion
2026-01-20 16:52:00.675 [DEBUG] [CHARSET_CONVERTER] Using UTF-8 converter for output
2026-01-20 16:52:00.675 [DEBUG] [CHARSET_CONVERTER] Detected UTF-8 charset, using UTF-8 converter
2026-01-20 16:52:00.675 [DEBUG] [CHARSET_CONVERTER] Creating charset converter for content type: application/json; charset=utf-8
2026-01-20 16:52:00.675 [DEBUG] [CHARSET_CONVERTER] Charset converter initialized with charset: utf-8
2026-01-20 16:52:00.675 [DEBUG] [CHARSET_CONVERTER] Converting 868 bytes using charset: utf-8
2026-01-20 16:52:00.675 [DEBUG] [CHARSET_CONVERTER] Converting from bytes using charset: utf-8
2026-01-20 16:52:00.675 [DEBUG] [CHARSET_CONVERTER] Using default UTF-8 conversion
2026-01-20 16:52:00.675 [DEBUG] [CHARSET_CONVERTER] Using UTF-8 converter for output
2026-01-20 16:52:00.675 [DEBUG] [ODATA_CLIENT] OData Metadata HTTP Success Response:
  Status Code: 200
  Content Type: application/json; charset=utf-8
  Response Headers:
    Vary: Authorization
    Odata-Version: 4.0
    Content-Length: 868
    Content-Type: application/json; charset=utf-8
    Connection: close
    Date: Tue, 20 Jan 2026 17:52:00 GMT
    Access-Control-Allow-Origin: *
    Access-Control-Allow-Methods: GET, POST, PUT, DELETE, OPTIONS
    Access-Control-Allow-Headers: Content-Type, Authorization, enctype
  Response Body Size: 868 bytes
  Response Body Preview (first 4000 chars): {"@odata.context":"http://localhost:4444/odata/ADMIN/app","@odata.count":3,"value":[{"app":"ADMIN","app_desc":"Admin","app_id":1,"attach_logo":null,"config":"{}","created_at":"2025-11-05T18:55:00.130747Z","db":"ADMIN","email":null,"excluded":false,"updated_at":"2025-11-05T18:55:00.130747Z","user_id":1,"username":"root","version":"1.0.0"},{"app":"ETLX","app_desc":"ETLX UI in CS","app_id":2,"attach_logo":null,"config":null,"created_at":"2025-11-05T19:01:54.055156Z","db":"ETLX","email":null,"excluded":false,"updated_at":"2025-11-05T19:01:54.055156Z","user_id":1,"username":"root","version":"1.0.0"},{"app":"SAAS","app_desc":"CS SASS Backend","app_id":3,"attach_logo":null,"config":null,"created_at":"2026-01-10T18:53:52.783348Z","db":"SAAS","email":null,"excluded":false,"updated_at":"2026-01-10T18:53:52.783348Z","user_id":1,"username":"root","version":"1.0.0"}]}

2026-01-20 16:52:00.675 [DEBUG] [CHARSET_CONVERTER] Detected UTF-8 charset, using UTF-8 converter
2026-01-20 16:52:00.675 [DEBUG] [CHARSET_CONVERTER] Creating charset converter for content type: application/json; charset=utf-8
2026-01-20 16:52:00.675 [DEBUG] [CHARSET_CONVERTER] Charset converter initialized with charset: utf-8
2026-01-20 16:52:00.675 [DEBUG] [CHARSET_CONVERTER] Converting 868 bytes using charset: utf-8
2026-01-20 16:52:00.675 [DEBUG] [CHARSET_CONVERTER] Converting from bytes using charset: utf-8
2026-01-20 16:52:00.675 [DEBUG] [CHARSET_CONVERTER] Using default UTF-8 conversion
2026-01-20 16:52:00.675 [DEBUG] [CHARSET_CONVERTER] Using UTF-8 converter for output
2026-01-20 16:58:01.971 [DEBUG] [ODATA_READ_BIND] Standard OData v4 URL detected, using conventional metadata approach
2026-01-20 16:58:01.972 [DEBUG] [ODATA_READ_BIND] Standard OData v4 URL detected, using conventional metadata approach
2026-01-20 16:58:01.972 [DEBUG] [ODATA_READ_BIND] Activating columns: 0, 1, 5, 11, 
2026-01-20 16:58:01.972 [DEBUG] [ODATA_READ_BIND] Mapping activated index 0 to original index 0
2026-01-20 16:58:01.972 [DEBUG] [ODATA_READ_BIND] Mapping activated index 1 to original index 1
2026-01-20 16:58:01.972 [DEBUG] [ODATA_READ_BIND] Mapping activated index 2 to original index 5
2026-01-20 16:58:01.972 [DEBUG] [ODATA_READ_BIND] Mapping activated index 3 to original index 11
2026-01-20 16:58:01.972 [DEBUG] [ODATA_READ_BIND] ActivateColumns: service_root_mode_ = false
2026-01-20 16:58:01.972 [DEBUG] [ODATA_READ_BIND] Creating new predicate pushdown helper
2026-01-20 16:58:01.972 [INFO] [ODATA_CLIENT] Resolved metadata URL: http://localhost:4444/odata/ADMIN/$metadata
2026-01-20 16:58:01.973 [DEBUG] [ODATA_CLIENT] GetCurrentEntitySetType called
2026-01-20 16:58:01.973 [DEBUG] [ODATA_CLIENT] Current URL path: /odata/ADMIN/app
2026-01-20 16:58:01.973 [DEBUG] [ODATA_CLIENT] Input parameters count: 0
2026-01-20 16:58:01.973 [DEBUG] [ODATA_CLIENT] Current entity name from fragment: empty
2026-01-20 16:58:01.973 [DEBUG] [ODATA_CLIENT] No entity name from @odata.context; deferring to metadata lookup
2026-01-20 16:58:01.973 [DEBUG] [ODATA_CLIENT] Final entity set name: 
2026-01-20 16:58:01.973 [DEBUG] [ODATA_CLIENT] Using stored metadata context URL: http://localhost:4444/odata/ADMIN/$metadata
2026-01-20 16:58:01.973 [DEBUG] [ODATA_CLIENT] Derived entity set candidate from URL: app
2026-01-20 16:58:01.973 [DEBUG] [ODATA_CLIENT] Resolved entity set from URL path: app
2026-01-20 16:58:01.973 [DEBUG] [ODATA_CLIENT] Using stored metadata context URL: http://localhost:4444/odata/ADMIN/$metadata
2026-01-20 16:58:01.973 [DEBUG] [ODATA_CLIENT] GetCurrentEntitySetType called
2026-01-20 16:58:01.973 [DEBUG] [ODATA_CLIENT] Current URL path: /odata/ADMIN/app
2026-01-20 16:58:01.973 [DEBUG] [ODATA_CLIENT] Input parameters count: 0
2026-01-20 16:58:01.973 [DEBUG] [ODATA_CLIENT] Current entity name from fragment: empty
2026-01-20 16:58:01.973 [DEBUG] [ODATA_CLIENT] No entity name from @odata.context; deferring to metadata lookup
2026-01-20 16:58:01.973 [DEBUG] [ODATA_CLIENT] Final entity set name: 
2026-01-20 16:58:01.973 [DEBUG] [ODATA_CLIENT] Using stored metadata context URL: http://localhost:4444/odata/ADMIN/$metadata
2026-01-20 16:58:01.973 [DEBUG] [ODATA_CLIENT] Derived entity set candidate from URL: app
2026-01-20 16:58:01.973 [DEBUG] [ODATA_CLIENT] Resolved entity set from URL path: app
2026-01-20 16:58:01.973 [DEBUG] [ODATA_CLIENT] Using stored metadata context URL: http://localhost:4444/odata/ADMIN/$metadata
2026-01-20 16:58:01.974 [DEBUG] [ODATA_CLIENT] Using stored metadata context URL: http://localhost:4444/odata/ADMIN/$metadata
2026-01-20 16:58:01.974 [DEBUG] [ODATA_CLIENT] GetCurrentEntitySetType called
2026-01-20 16:58:01.974 [DEBUG] [ODATA_CLIENT] Current URL path: /odata/ADMIN/app
2026-01-20 16:58:01.974 [DEBUG] [ODATA_CLIENT] Input parameters count: 0
2026-01-20 16:58:01.974 [DEBUG] [ODATA_CLIENT] Current entity name from fragment: empty
2026-01-20 16:58:01.974 [DEBUG] [ODATA_CLIENT] No entity name from @odata.context; deferring to metadata lookup
2026-01-20 16:58:01.974 [DEBUG] [ODATA_CLIENT] Final entity set name: 
2026-01-20 16:58:01.974 [DEBUG] [ODATA_CLIENT] Using stored metadata context URL: http://localhost:4444/odata/ADMIN/$metadata
2026-01-20 16:58:01.974 [DEBUG] [ODATA_CLIENT] Derived entity set candidate from URL: app
2026-01-20 16:58:01.974 [DEBUG] [ODATA_CLIENT] Resolved entity set from URL path: app
2026-01-20 16:58:01.974 [DEBUG] [ODATA_CLIENT] Using stored metadata context URL: http://localhost:4444/odata/ADMIN/$metadata
2026-01-20 16:58:01.974 [DEBUG] [ODATA_CLIENT] Using stored metadata context URL: http://localhost:4444/odata/ADMIN/$metadata
2026-01-20 16:58:01.975 [DEBUG] [ODATA_READ_BIND] Using OData client column names for predicate pushdown: 12 columns
2026-01-20 16:58:01.975 [DEBUG] [PREDICATE_PUSHDOWN] Created predicate pushdown helper with 12 columns
2026-01-20 16:58:01.975 [DEBUG] [PREDICATE_PUSHDOWN] Column 0: app_id
2026-01-20 16:58:01.975 [DEBUG] [PREDICATE_PUSHDOWN] Column 1: app
2026-01-20 16:58:01.975 [DEBUG] [PREDICATE_PUSHDOWN] Column 2: app_desc
2026-01-20 16:58:01.975 [DEBUG] [PREDICATE_PUSHDOWN] Column 3: version
2026-01-20 16:58:01.975 [DEBUG] [PREDICATE_PUSHDOWN] Column 4: email
2026-01-20 16:58:01.975 [DEBUG] [PREDICATE_PUSHDOWN] Column 5: db
2026-01-20 16:58:01.975 [DEBUG] [PREDICATE_PUSHDOWN] Column 6: attach_logo
2026-01-20 16:58:01.975 [DEBUG] [PREDICATE_PUSHDOWN] Column 7: config
2026-01-20 16:58:01.975 [DEBUG] [PREDICATE_PUSHDOWN] Column 8: user_id
2026-01-20 16:58:01.975 [DEBUG] [PREDICATE_PUSHDOWN] Column 9: created_at
2026-01-20 16:58:01.975 [DEBUG] [PREDICATE_PUSHDOWN] Column 10: updated_at
2026-01-20 16:58:01.975 [DEBUG] [PREDICATE_PUSHDOWN] Column 11: excluded
2026-01-20 16:58:01.975 [DEBUG] [PREDICATE_PUSHDOWN] Set OData version to: V4
2026-01-20 16:58:01.975 [DEBUG] [ODATA_READ_BIND] Set OData version V4 on predicate pushdown helper
2026-01-20 16:58:01.975 [DEBUG] [PREDICATE_PUSHDOWN] Column name resolver set
2026-01-20 16:58:01.975 [DEBUG] [PREDICATE_PUSHDOWN] Consuming column selection: 4 columns
2026-01-20 16:58:01.975 [DEBUG] [PREDICATE_PUSHDOWN] Building select clause for 4 columns
2026-01-20 16:58:01.975 [DEBUG] [PREDICATE_PUSHDOWN] Non-rowid columns: 4 out of 12
2026-01-20 16:58:01.975 [DEBUG] [ODATA_CLIENT] Using stored metadata context URL: http://localhost:4444/odata/ADMIN/$metadata
2026-01-20 16:58:01.975 [DEBUG] [ODATA_CLIENT] GetCurrentEntitySetType called
2026-01-20 16:58:01.975 [DEBUG] [ODATA_CLIENT] Current URL path: /odata/ADMIN/app
2026-01-20 16:58:01.975 [DEBUG] [ODATA_CLIENT] Input parameters count: 0
2026-01-20 16:58:01.975 [DEBUG] [ODATA_CLIENT] Current entity name from fragment: empty
2026-01-20 16:58:01.975 [DEBUG] [ODATA_CLIENT] No entity name from @odata.context; deferring to metadata lookup
2026-01-20 16:58:01.975 [DEBUG] [ODATA_CLIENT] Final entity set name: 
2026-01-20 16:58:01.975 [DEBUG] [ODATA_CLIENT] Using stored metadata context URL: http://localhost:4444/odata/ADMIN/$metadata
2026-01-20 16:58:01.975 [DEBUG] [ODATA_CLIENT] Derived entity set candidate from URL: app
2026-01-20 16:58:01.975 [DEBUG] [ODATA_CLIENT] Resolved entity set from URL path: app
2026-01-20 16:58:01.975 [DEBUG] [ODATA_CLIENT] Using stored metadata context URL: http://localhost:4444/odata/ADMIN/$metadata
2026-01-20 16:58:01.975 [DEBUG] [ODATA_CLIENT] GetCurrentEntitySetType called
2026-01-20 16:58:01.975 [DEBUG] [ODATA_CLIENT] Current URL path: /odata/ADMIN/app
2026-01-20 16:58:01.975 [DEBUG] [ODATA_CLIENT] Input parameters count: 0
2026-01-20 16:58:01.975 [DEBUG] [ODATA_CLIENT] Current entity name from fragment: empty
2026-01-20 16:58:01.975 [DEBUG] [ODATA_CLIENT] No entity name from @odata.context; deferring to metadata lookup
2026-01-20 16:58:01.975 [DEBUG] [ODATA_CLIENT] Final entity set name: 
2026-01-20 16:58:01.975 [DEBUG] [ODATA_CLIENT] Using stored metadata context URL: http://localhost:4444/odata/ADMIN/$metadata
2026-01-20 16:58:01.975 [DEBUG] [ODATA_CLIENT] Derived entity set candidate from URL: app
2026-01-20 16:58:01.975 [DEBUG] [ODATA_CLIENT] Resolved entity set from URL path: app
2026-01-20 16:58:01.975 [DEBUG] [ODATA_CLIENT] Using stored metadata context URL: http://localhost:4444/odata/ADMIN/$metadata
2026-01-20 16:58:01.975 [DEBUG] [ODATA_CLIENT] Using stored metadata context URL: http://localhost:4444/odata/ADMIN/$metadata
2026-01-20 16:58:01.976 [DEBUG] [ODATA_CLIENT] GetCurrentEntitySetType called
2026-01-20 16:58:01.976 [DEBUG] [ODATA_CLIENT] Current URL path: /odata/ADMIN/app
2026-01-20 16:58:01.976 [DEBUG] [ODATA_CLIENT] Input parameters count: 0
2026-01-20 16:58:01.976 [DEBUG] [ODATA_CLIENT] Current entity name from fragment: empty
2026-01-20 16:58:01.976 [DEBUG] [ODATA_CLIENT] No entity name from @odata.context; deferring to metadata lookup
2026-01-20 16:58:01.976 [DEBUG] [ODATA_CLIENT] Final entity set name: 
2026-01-20 16:58:01.976 [DEBUG] [ODATA_CLIENT] Using stored metadata context URL: http://localhost:4444/odata/ADMIN/$metadata
2026-01-20 16:58:01.976 [DEBUG] [ODATA_CLIENT] Derived entity set candidate from URL: app
2026-01-20 16:58:01.976 [DEBUG] [ODATA_CLIENT] Resolved entity set from URL path: app
2026-01-20 16:58:01.976 [DEBUG] [ODATA_CLIENT] Using stored metadata context URL: http://localhost:4444/odata/ADMIN/$metadata
2026-01-20 16:58:01.976 [DEBUG] [ODATA_CLIENT] Using stored metadata context URL: http://localhost:4444/odata/ADMIN/$metadata
2026-01-20 16:58:01.977 [DEBUG] [PREDICATE_PUSHDOWN] Added field to select: app_id
2026-01-20 16:58:01.977 [DEBUG] [PREDICATE_PUSHDOWN] Added field to select: app
2026-01-20 16:58:01.977 [DEBUG] [PREDICATE_PUSHDOWN] Added field to select: db
2026-01-20 16:58:01.977 [DEBUG] [PREDICATE_PUSHDOWN] Added field to select: excluded
2026-01-20 16:58:01.977 [DEBUG] [PREDICATE_PUSHDOWN] Built select clause: $select=app_id,app,db,excluded
2026-01-20 16:58:01.977 [DEBUG] [PREDICATE_PUSHDOWN] Built select clause: $select=app_id,app,db,excluded
2026-01-20 16:58:01.977 [DEBUG] [ODATA_READ_BIND] Select clause: $select=app_id,app,db,excluded
2026-01-20 16:58:01.977 [DEBUG] [ODATA_READ_BIND] Adding 1 filters: Column 0: c0=1

2026-01-20 16:58:01.977 [DEBUG] [PREDICATE_PUSHDOWN] Building filter clause
2026-01-20 16:58:01.977 [DEBUG] [PREDICATE_PUSHDOWN] Processing 1 filters
2026-01-20 16:58:01.977 [DEBUG] [PREDICATE_PUSHDOWN] Processing filter for DuckDB column index: 0
2026-01-20 16:58:01.977 [DEBUG] [PREDICATE_PUSHDOWN] Total columns available: 12
2026-01-20 16:58:01.977 [DEBUG] [PREDICATE_PUSHDOWN] Column name resolver mapped index 0 to: app_id
2026-01-20 16:58:01.977 [DEBUG] [PREDICATE_PUSHDOWN] Translating filter for column 'app_id' with filter type: 0
2026-01-20 16:58:01.977 [DEBUG] [PREDICATE_PUSHDOWN] Translating constant comparison for column 'app_id'
2026-01-20 16:58:01.977 [DEBUG] [PREDICATE_PUSHDOWN] Constant value: '1' (type: INTEGER)
2026-01-20 16:58:01.977 [DEBUG] [PREDICATE_PUSHDOWN] Using comparison operator: eq
2026-01-20 16:58:01.977 [DEBUG] [PREDICATE_PUSHDOWN] Added numeric value without quotes: 1
2026-01-20 16:58:01.977 [DEBUG] [PREDICATE_PUSHDOWN] Final constant comparison: 'app_id eq 1'
2026-01-20 16:58:01.977 [DEBUG] [PREDICATE_PUSHDOWN] Translated filter result: 'app_id eq 1'
2026-01-20 16:58:01.977 [DEBUG] [PREDICATE_PUSHDOWN] Valid filter: app_id eq 1
2026-01-20 16:58:01.977 [DEBUG] [PREDICATE_PUSHDOWN] Built filter clause (smart-encoded): $filter=app_id%20eq%201
2026-01-20 16:58:01.977 [DEBUG] [PREDICATE_PUSHDOWN] Built filter clause: $filter=app_id%20eq%201
2026-01-20 16:58:01.977 [DEBUG] [ODATA_READ_BIND] Filter clause: $filter=app_id%20eq%201
2026-01-20 16:58:01.977 [DEBUG] [ODATA_READ_BIND] Updating URL from predicate pushdown
2026-01-20 16:58:01.977 [DEBUG] [ODATA_READ_BIND] Original URL: http://localhost:4444/odata/ADMIN/app?$format=json
2026-01-20 16:58:01.977 [DEBUG] [PREDICATE_PUSHDOWN] Applying filters to URL: http://localhost:4444/odata/ADMIN/app?$format=json
2026-01-20 16:58:01.977 [DEBUG] [PREDICATE_PUSHDOWN] Select clause: '$select=app_id,app,db,excluded'
2026-01-20 16:58:01.977 [DEBUG] [PREDICATE_PUSHDOWN] Filter clause: '$filter=app_id%20eq%201'
2026-01-20 16:58:01.978 [DEBUG] [PREDICATE_PUSHDOWN] Top clause: ''
2026-01-20 16:58:01.978 [DEBUG] [PREDICATE_PUSHDOWN] Skip clause: ''
2026-01-20 16:58:01.978 [DEBUG] [PREDICATE_PUSHDOWN] Expand clause: ''
2026-01-20 16:58:01.978 [DEBUG] [PREDICATE_PUSHDOWN] Set param '$select' = 'app_id,app,db,excluded'
2026-01-20 16:58:01.978 [DEBUG] [PREDICATE_PUSHDOWN] Set param '$filter' = 'app_id%20eq%201'
2026-01-20 16:58:01.978 [DEBUG] [PREDICATE_PUSHDOWN] Final query: '?$filter=app_id%20eq%201&$format=json&$select=app_id,app,db,excluded'
2026-01-20 16:58:01.978 [INFO] [PREDICATE_PUSHDOWN] Updated URL: http://localhost:4444/odata/ADMIN/app?$filter=app_id%20eq%201&$format=json&$select=app_id,app,db,excluded
2026-01-20 16:58:01.978 [DEBUG] [ODATA_READ_BIND] Updated URL: http://localhost:4444/odata/ADMIN/app?$filter=app_id%20eq%201&$format=json&$select=app_id,app,db,excluded
2026-01-20 16:58:01.978 [DEBUG] [ODATA_READ_BIND] PrefetchFirstPage: service_root_mode_ = false
2026-01-20 16:58:01.978 [DEBUG] [ODATA_READ_BIND] PrefetchFirstPage: starting first page fetch
2026-01-20 16:58:01.978 [INFO] [ODATA_CLIENT] Fetching OData request from: http://localhost:4444/odata/ADMIN/app?$filter=app_id%20eq%201&$format=json&$select=app_id,app,db,excluded (get_next: 0)
2026-01-20 16:58:01.978 [INFO] [ODATA_CLIENT] Resolved metadata URL: http://localhost:4444/odata/ADMIN/$metadata
2026-01-20 16:58:01.978 [DEBUG] [ODATA_CLIENT] Using cached metadata, detected version: V4
2026-01-20 16:58:01.978 [DEBUG] [ODATA_CLIENT] Executing HTTP GET request
2026-01-20 16:58:01.978 [DEBUG] [ODATA_CLIENT] DoHttpGet: calling AddInputParametersToUrl
2026-01-20 16:58:01.978 [INFO] [ODATA_CLIENT] AddInputParametersToUrl called with 0 parameters on client at 94860391459712
2026-01-20 16:58:01.978 [INFO] [ODATA_CLIENT] No input parameters to add
2026-01-20 16:58:01.978 [DEBUG] [ODATA_CLIENT] DoHttpGet: URL after input parameters: http://localhost:4444/odata/ADMIN/app?$filter=app_id%20eq%201&$format=json&$select=app_id,app,db,excluded
2026-01-20 16:58:01.978 [INFO] [HTTP_REQUEST_REPRO] Reproduce with: SELECT * FROM http_get('http://localhost:4444/odata/ADMIN/app?$filter=app_id%20eq%201&$format=json&$select=app_id,app,db,excluded', headers := MAP{'Accept': 'application/json;odata.metadata=minimal', 'Authorization': 'Bearer eyJhbGciOiJIUzI1NiJ9.eyJpc3MiOiJodHRwOi8vbG9jYWxob3N0OjQ0NDQiLCJzdWIiOiJ7XCJhY3RpdmVcIjp0cnVlLFwiZXhjbHVkZWRcIjpmYWxzZSxcImZpcnN0X25hbWVcIjpcIlN1cGVyXCIsXCJsYW5nX2lkXCI6MSxcImxhc3RfbmFtZVwiOlwiQWRtaW5cIixcInJvbGVfaWRcIjoxLFwidXNlcl9pZFwiOjEsXCJ1c2VybmFtZVwiOlwicm9vdFwifSIsImF1ZCI6WyJodHRwOi8vbG9jYWxob3N0OjQ0NDQiXSwiZXhwIjoxNzc0MDg0NzU1LjgzMzE4OTcsIm5iZiI6MTc2ODkwMDc1NS44MzMxOTA3LCJpYXQiOjE3Njg5MDA3NTUuODMzMTkwMn0.nKV-u4pSDHrsDNaaPkCnfXSs8jOtofXSggQ-MS5CtQA', 'OData-MaxVersion': '4.0', 'OData-Version': '4.0'}, url_encode := false);
2026-01-20 16:58:01.978 [INFO] [HTTP_REQUEST] Executing GET request to: /odata/ADMIN/app?$filter=app_id%20eq%201&$format=json&$select=app_id,app,db,excluded
2026-01-20 16:58:01.978 [DEBUG] [HTTP_REQUEST] Request headers:
2026-01-20 16:58:01.978 [DEBUG] [HTTP_REQUEST]   Accept: application/json;odata.metadata=minimal
2026-01-20 16:58:01.978 [DEBUG] [HTTP_REQUEST]   Authorization: Bearer eyJhbGciOiJIUzI1NiJ9.eyJpc3MiOiJodHRwOi8vbG9jYWxob3N0OjQ0NDQiLCJzdWIiOiJ7XCJhY3RpdmVcIjp0cnVlLFwiZXhjbHVkZWRcIjpmYWxzZSxcImZpcnN0X25hbWVcIjpcIlN1cGVyXCIsXCJsYW5nX2lkXCI6MSxcImxhc3RfbmFtZVwiOlwiQWRtaW5cIixcInJvbGVfaWRcIjoxLFwidXNlcl9pZFwiOjEsXCJ1c2VybmFtZVwiOlwicm9vdFwifSIsImF1ZCI6WyJodHRwOi8vbG9jYWxob3N0OjQ0NDQiXSwiZXhwIjoxNzc0MDg0NzU1LjgzMzE4OTcsIm5iZiI6MTc2ODkwMDc1NS44MzMxOTA3LCJpYXQiOjE3Njg5MDA3NTUuODMzMTkwMn0.nKV-u4pSDHrsDNaaPkCnfXSs8jOtofXSggQ-MS5CtQA
2026-01-20 16:58:01.978 [DEBUG] [HTTP_REQUEST]   OData-MaxVersion: 4.0
2026-01-20 16:58:01.978 [DEBUG] [HTTP_REQUEST]   OData-Version: 4.0
2026-01-20 16:58:01.993 [INFO] [HTTP_RESPONSE] Response status: 200
2026-01-20 16:58:01.993 [DEBUG] [HTTP_RESPONSE] Response headers:
2026-01-20 16:58:01.993 [DEBUG] [HTTP_RESPONSE]   Access-Control-Allow-Headers: Content-Type, Authorization, enctype
2026-01-20 16:58:01.993 [DEBUG] [HTTP_RESPONSE]   Access-Control-Allow-Methods: GET, POST, PUT, DELETE, OPTIONS
2026-01-20 16:58:01.993 [DEBUG] [HTTP_RESPONSE]   Access-Control-Allow-Origin: *
2026-01-20 16:58:01.993 [DEBUG] [HTTP_RESPONSE]   Content-Length: 161
2026-01-20 16:58:01.993 [DEBUG] [HTTP_RESPONSE]   Content-Type: application/json; charset=utf-8
2026-01-20 16:58:01.993 [DEBUG] [HTTP_RESPONSE]   Date: Tue, 20 Jan 2026 17:58:01 GMT
2026-01-20 16:58:01.993 [DEBUG] [HTTP_RESPONSE]   Odata-Version: 4.0
2026-01-20 16:58:01.993 [DEBUG] [HTTP_RESPONSE]   Vary: Authorization
2026-01-20 16:58:01.993 [DEBUG] [HTTP_RESPONSE] Response body (161 bytes)
2026-01-20 16:58:01.993 [DEBUG] [HTTP_RESPONSE] Response body: {"@odata.context":"http://localhost:4444/odata/ADMIN/app","@odata.count":1,"value":[{"app":"ADMIN","app_id":1,"db":"ADMIN","excluded":false,"username":"root"}]}

2026-01-20 16:58:01.993 [DEBUG] [ODATA_CLIENT] Creating OData response object
2026-01-20 16:58:01.993 [DEBUG] [ODATA_RESPONSE] Created OData entity set response
2026-01-20 16:58:01.993 [DEBUG] [ODATA_RESPONSE] Response content type: application/json; charset=utf-8
2026-01-20 16:58:01.993 [DEBUG] [ODATA_RESPONSE] OData version: V4
2026-01-20 16:58:01.993 [DEBUG] [ODATA_CLIENT] Successfully created OData response
2026-01-20 16:58:01.993 [DEBUG] [ODATA_RESPONSE] Parsing HTTP response content
2026-01-20 16:58:01.993 [DEBUG] [ODATA_RESPONSE] Content type: application/json; charset=utf-8
2026-01-20 16:58:01.993 [DEBUG] [CHARSET_CONVERTER] Detected UTF-8 charset, using UTF-8 converter
2026-01-20 16:58:01.993 [DEBUG] [CHARSET_CONVERTER] Creating charset converter for content type: application/json; charset=utf-8
2026-01-20 16:58:01.993 [DEBUG] [CHARSET_CONVERTER] Charset converter initialized with charset: utf-8
2026-01-20 16:58:01.993 [DEBUG] [CHARSET_CONVERTER] Converting 161 bytes using charset: utf-8
2026-01-20 16:58:01.993 [DEBUG] [CHARSET_CONVERTER] Converting from bytes using charset: utf-8
2026-01-20 16:58:01.993 [DEBUG] [CHARSET_CONVERTER] Using default UTF-8 conversion
2026-01-20 16:58:01.993 [DEBUG] [CHARSET_CONVERTER] Using UTF-8 converter for output
2026-01-20 16:58:01.993 [DEBUG] [ODATA_RESPONSE] Content size: 161 bytes
2026-01-20 16:58:01.993 [DEBUG] [CHARSET_CONVERTER] Detected UTF-8 charset, using UTF-8 converter
2026-01-20 16:58:01.993 [DEBUG] [CHARSET_CONVERTER] Creating charset converter for content type: application/json; charset=utf-8
2026-01-20 16:58:01.993 [DEBUG] [CHARSET_CONVERTER] Charset converter initialized with charset: utf-8
2026-01-20 16:58:01.993 [DEBUG] [CHARSET_CONVERTER] Converting 161 bytes using charset: utf-8
2026-01-20 16:58:01.993 [DEBUG] [CHARSET_CONVERTER] Converting from bytes using charset: utf-8
2026-01-20 16:58:01.993 [DEBUG] [CHARSET_CONVERTER] Using default UTF-8 conversion
2026-01-20 16:58:01.993 [DEBUG] [CHARSET_CONVERTER] Using UTF-8 converter for output
2026-01-20 16:58:01.993 [DEBUG] [ODATA_CONTENT] Creating OData content from response
2026-01-20 16:58:01.993 [DEBUG] [ODATA_CONTENT] Content type: application/json; charset=utf-8
2026-01-20 16:58:01.993 [DEBUG] [ODATA_CONTENT] Content size: 161 bytes
2026-01-20 16:58:01.993 [DEBUG] [DETECT_VERSION] Starting OData version detection
2026-01-20 16:58:01.993 [DEBUG] [DETECT_VERSION] Found 'value' array, detecting as V4
2026-01-20 16:58:01.993 [DEBUG] [ODATA_CONTENT] Detected OData version from response: V4
2026-01-20 16:58:01.993 [DEBUG] [ODATA_CONTENT] Metadata suggested version: V4
2026-01-20 16:58:01.993 [DEBUG] [DETECT_VERSION] Starting OData version detection
2026-01-20 16:58:01.993 [DEBUG] [DETECT_VERSION] Found 'value' array, detecting as V4
2026-01-20 16:58:01.993 [DEBUG] [ODATA_RESPONSE] Successfully parsed content
2026-01-20 16:58:01.993 [DEBUG] [ODATA_CLIENT] Raw metadata context URL: http://localhost:4444/odata/ADMIN/app
2026-01-20 16:58:01.993 [INFO] [ODATA_CLIENT] Updated metadata context URL from response: http://localhost:4444/odata/ADMIN/app
2026-01-20 16:58:01.993 [DEBUG] [ODATA_RESPONSE] Returning cached parsed content
2026-01-20 16:58:01.993 [INFO] [ODATA_READ_BIND] Service reported total row count: 1
2026-01-20 16:58:01.993 [INFO] [ODATA_READ_BIND] GetResultNames called - service_root_mode: false
2026-01-20 16:58:01.993 [INFO] [ODATA_READ_BIND] GetResultTypes called - service_root_mode: false
2026-01-20 16:58:01.993 [INFO] [ODATA_READ_BIND] Calling odata_client->GetResultTypes() for metadata
2026-01-20 16:58:01.993 [DEBUG] [ODATA_CLIENT] Using stored metadata context URL: http://localhost:4444/odata/ADMIN/app
2026-01-20 16:58:01.993 [DEBUG] [ODATA_CLIENT] OData Metadata HTTP Request:
  URL: http://localhost:4444/odata/ADMIN/app
  Method: GET
  Headers:
    Connection: close
    Authorization: Bearer eyJhbGciOiJIUzI1NiJ9.eyJpc3MiOiJodHRwOi8vbG9jYWxob3N0OjQ0NDQiLCJzdWIiOiJ7XCJhY3RpdmVcIjp0cnVlLFwiZXhjbHVkZWRcIjpmYWxzZSxcImZpcnN0X25hbWVcIjpcIlN1cGVyXCIsXCJsYW5nX2lkXCI6MSxcImxhc3RfbmFtZVwiOlwiQWRtaW5cIixcInJvbGVfaWRcIjoxLFwidXNlcl9pZFwiOjEsXCJ1c2VybmFtZVwiOlwicm9vdFwifSIsImF1ZCI6WyJodHRwOi8vbG9jYWxob3N0OjQ0NDQiXSwiZXhwIjoxNzc0MDg0NzU1LjgzMzE4OTcsIm5iZiI6MTc2ODkwMDc1NS44MzMxOTA3LCJpYXQiOjE3Njg5MDA3NTUuODMzMTkwMn0.nKV-u4pSDHrsDNaaPkCnfXSs8jOtofXSggQ-MS5CtQA
    Accept: application/xml
2026-01-20 16:58:01.993 [DEBUG] [ODATA_CLIENT] Metadata request attempt 1 of 3
2026-01-20 16:58:01.993 [INFO] [HTTP_REQUEST_REPRO] Reproduce with: SELECT * FROM http_get('http://localhost:4444/odata/ADMIN/app', headers := MAP{'Accept': 'application/xml', 'Authorization': 'Bearer eyJhbGciOiJIUzI1NiJ9.eyJpc3MiOiJodHRwOi8vbG9jYWxob3N0OjQ0NDQiLCJzdWIiOiJ7XCJhY3RpdmVcIjp0cnVlLFwiZXhjbHVkZWRcIjpmYWxzZSxcImZpcnN0X25hbWVcIjpcIlN1cGVyXCIsXCJsYW5nX2lkXCI6MSxcImxhc3RfbmFtZVwiOlwiQWRtaW5cIixcInJvbGVfaWRcIjoxLFwidXNlcl9pZFwiOjEsXCJ1c2VybmFtZVwiOlwicm9vdFwifSIsImF1ZCI6WyJodHRwOi8vbG9jYWxob3N0OjQ0NDQiXSwiZXhwIjoxNzc0MDg0NzU1LjgzMzE4OTcsIm5iZiI6MTc2ODkwMDc1NS44MzMxOTA3LCJpYXQiOjE3Njg5MDA3NTUuODMzMTkwMn0.nKV-u4pSDHrsDNaaPkCnfXSs8jOtofXSggQ-MS5CtQA', 'Connection': 'close'}, url_encode := false);
2026-01-20 16:58:01.993 [INFO] [HTTP_REQUEST] Executing GET request to: /odata/ADMIN/app
2026-01-20 16:58:01.994 [DEBUG] [HTTP_REQUEST] Request headers:
2026-01-20 16:58:01.994 [DEBUG] [HTTP_REQUEST]   Accept: application/xml
2026-01-20 16:58:01.994 [DEBUG] [HTTP_REQUEST]   Authorization: Bearer eyJhbGciOiJIUzI1NiJ9.eyJpc3MiOiJodHRwOi8vbG9jYWxob3N0OjQ0NDQiLCJzdWIiOiJ7XCJhY3RpdmVcIjp0cnVlLFwiZXhjbHVkZWRcIjpmYWxzZSxcImZpcnN0X25hbWVcIjpcIlN1cGVyXCIsXCJsYW5nX2lkXCI6MSxcImxhc3RfbmFtZVwiOlwiQWRtaW5cIixcInJvbGVfaWRcIjoxLFwidXNlcl9pZFwiOjEsXCJ1c2VybmFtZVwiOlwicm9vdFwifSIsImF1ZCI6WyJodHRwOi8vbG9jYWxob3N0OjQ0NDQiXSwiZXhwIjoxNzc0MDg0NzU1LjgzMzE4OTcsIm5iZiI6MTc2ODkwMDc1NS44MzMxOTA3LCJpYXQiOjE3Njg5MDA3NTUuODMzMTkwMn0.nKV-u4pSDHrsDNaaPkCnfXSs8jOtofXSggQ-MS5CtQA
2026-01-20 16:58:01.994 [DEBUG] [HTTP_REQUEST]   Connection: close
2026-01-20 16:58:02.5 [INFO] [HTTP_RESPONSE] Response status: 200
2026-01-20 16:58:02.5 [DEBUG] [HTTP_RESPONSE] Response headers:
2026-01-20 16:58:02.5 [DEBUG] [HTTP_RESPONSE]   Access-Control-Allow-Headers: Content-Type, Authorization, enctype
2026-01-20 16:58:02.5 [DEBUG] [HTTP_RESPONSE]   Access-Control-Allow-Methods: GET, POST, PUT, DELETE, OPTIONS
2026-01-20 16:58:02.6 [DEBUG] [HTTP_RESPONSE]   Access-Control-Allow-Origin: *
2026-01-20 16:58:02.6 [DEBUG] [HTTP_RESPONSE]   Connection: close
2026-01-20 16:58:02.6 [DEBUG] [HTTP_RESPONSE]   Content-Length: 868
2026-01-20 16:58:02.6 [DEBUG] [HTTP_RESPONSE]   Content-Type: application/json; charset=utf-8
2026-01-20 16:58:02.6 [DEBUG] [HTTP_RESPONSE]   Date: Tue, 20 Jan 2026 17:58:02 GMT
2026-01-20 16:58:02.6 [DEBUG] [HTTP_RESPONSE]   Odata-Version: 4.0
2026-01-20 16:58:02.6 [DEBUG] [HTTP_RESPONSE]   Vary: Authorization
2026-01-20 16:58:02.6 [DEBUG] [HTTP_RESPONSE] Response body (868 bytes)
2026-01-20 16:58:02.6 [DEBUG] [HTTP_RESPONSE] Response body: {"@odata.context":"http://localhost:4444/odata/ADMIN/app","@odata.count":3,"value":[{"app":"ADMIN","app_desc":"Admin","app_id":1,"attach_logo":null,"config":"{}","created_at":"2025-11-05T18:55:00.130747Z","db":"ADMIN","email":null,"excluded":false,"updated_at":"2025-11-05T18:55:00.130747Z","user_id":1,"username":"root","version":"1.0.0"},{"app":"ETLX","app_desc":"ETLX UI in CS","app_id":2,"attach_logo":null,"config":null,"created_at":"2025-11-05T19:01:54.055156Z","db":"ETLX","email":null,"excluded":false,"updated_at":"2025-11-05T19:01:54.055156Z","user_id":1,"username":"root","version":"1.0.0"},{"app":"SAAS","app_desc":"CS SASS Backend","app_id":3,"attach_logo":null,"config":null,"created_at":"2026-01-10T18:53:52.783348Z","db":"SAAS","email":null,"excluded":false,"updated_at":"2026-01-10T18:53:52.783348Z","user_id":1,"username":"root","version":"1.0.0"}]}

2026-01-20 16:58:02.6 [DEBUG] [CHARSET_CONVERTER] Detected UTF-8 charset, using UTF-8 converter
2026-01-20 16:58:02.6 [DEBUG] [CHARSET_CONVERTER] Creating charset converter for content type: application/json; charset=utf-8
2026-01-20 16:58:02.6 [DEBUG] [CHARSET_CONVERTER] Charset converter initialized with charset: utf-8
2026-01-20 16:58:02.6 [DEBUG] [CHARSET_CONVERTER] Converting 868 bytes using charset: utf-8
2026-01-20 16:58:02.6 [DEBUG] [CHARSET_CONVERTER] Converting from bytes using charset: utf-8
2026-01-20 16:58:02.6 [DEBUG] [CHARSET_CONVERTER] Using default UTF-8 conversion
2026-01-20 16:58:02.6 [DEBUG] [CHARSET_CONVERTER] Using UTF-8 converter for output
2026-01-20 16:58:02.6 [DEBUG] [CHARSET_CONVERTER] Detected UTF-8 charset, using UTF-8 converter
2026-01-20 16:58:02.6 [DEBUG] [CHARSET_CONVERTER] Creating charset converter for content type: application/json; charset=utf-8
2026-01-20 16:58:02.6 [DEBUG] [CHARSET_CONVERTER] Charset converter initialized with charset: utf-8
2026-01-20 16:58:02.6 [DEBUG] [CHARSET_CONVERTER] Converting 868 bytes using charset: utf-8
2026-01-20 16:58:02.6 [DEBUG] [CHARSET_CONVERTER] Converting from bytes using charset: utf-8
2026-01-20 16:58:02.6 [DEBUG] [CHARSET_CONVERTER] Using default UTF-8 conversion
2026-01-20 16:58:02.6 [DEBUG] [CHARSET_CONVERTER] Using UTF-8 converter for output
2026-01-20 16:58:02.6 [DEBUG] [CHARSET_CONVERTER] Detected UTF-8 charset, using UTF-8 converter
2026-01-20 16:58:02.6 [DEBUG] [CHARSET_CONVERTER] Creating charset converter for content type: application/json; charset=utf-8
2026-01-20 16:58:02.6 [DEBUG] [CHARSET_CONVERTER] Charset converter initialized with charset: utf-8
2026-01-20 16:58:02.6 [DEBUG] [CHARSET_CONVERTER] Converting 868 bytes using charset: utf-8
2026-01-20 16:58:02.6 [DEBUG] [CHARSET_CONVERTER] Converting from bytes using charset: utf-8
2026-01-20 16:58:02.6 [DEBUG] [CHARSET_CONVERTER] Using default UTF-8 conversion
2026-01-20 16:58:02.6 [DEBUG] [CHARSET_CONVERTER] Using UTF-8 converter for output
2026-01-20 16:58:02.6 [DEBUG] [ODATA_CLIENT] OData Metadata HTTP Success Response:
  Status Code: 200
  Content Type: application/json; charset=utf-8
  Response Headers:
    Vary: Authorization
    Odata-Version: 4.0
    Content-Length: 868
    Content-Type: application/json; charset=utf-8
    Connection: close
    Date: Tue, 20 Jan 2026 17:58:02 GMT
    Access-Control-Allow-Origin: *
    Access-Control-Allow-Methods: GET, POST, PUT, DELETE, OPTIONS
    Access-Control-Allow-Headers: Content-Type, Authorization, enctype
  Response Body Size: 868 bytes
  Response Body Preview (first 4000 chars): {"@odata.context":"http://localhost:4444/odata/ADMIN/app","@odata.count":3,"value":[{"app":"ADMIN","app_desc":"Admin","app_id":1,"attach_logo":null,"config":"{}","created_at":"2025-11-05T18:55:00.130747Z","db":"ADMIN","email":null,"excluded":false,"updated_at":"2025-11-05T18:55:00.130747Z","user_id":1,"username":"root","version":"1.0.0"},{"app":"ETLX","app_desc":"ETLX UI in CS","app_id":2,"attach_logo":null,"config":null,"created_at":"2025-11-05T19:01:54.055156Z","db":"ETLX","email":null,"excluded":false,"updated_at":"2025-11-05T19:01:54.055156Z","user_id":1,"username":"root","version":"1.0.0"},{"app":"SAAS","app_desc":"CS SASS Backend","app_id":3,"attach_logo":null,"config":null,"created_at":"2026-01-10T18:53:52.783348Z","db":"SAAS","email":null,"excluded":false,"updated_at":"2026-01-10T18:53:52.783348Z","user_id":1,"username":"root","version":"1.0.0"}]}

2026-01-20 16:58:02.6 [DEBUG] [CHARSET_CONVERTER] Detected UTF-8 charset, using UTF-8 converter
2026-01-20 16:58:02.6 [DEBUG] [CHARSET_CONVERTER] Creating charset converter for content type: application/json; charset=utf-8
2026-01-20 16:58:02.6 [DEBUG] [CHARSET_CONVERTER] Charset converter initialized with charset: utf-8
2026-01-20 16:58:02.6 [DEBUG] [CHARSET_CONVERTER] Converting 868 bytes using charset: utf-8
2026-01-20 16:58:02.6 [DEBUG] [CHARSET_CONVERTER] Converting from bytes using charset: utf-8
2026-01-20 16:58:02.6 [DEBUG] [CHARSET_CONVERTER] Using default UTF-8 conversion
2026-01-20 16:58:02.6 [DEBUG] [CHARSET_CONVERTER] Using UTF-8 converter for output
2026-01-20 17:00:17.687 [INFO] [TRACER] Tracing enabled, writing to: ./erpl_web_trace.log
2026-01-20 17:00:17.688 [INFO] [TRACER] Trace level set to: DEBUG
2026-01-20 17:00:18.480 [DEBUG] [SECRET_BEARER] Creating HTTP Bearer token secret
2026-01-20 17:00:18.480 [DEBUG] [SECRET_BEARER] Using custom scope with 1 entries
2026-01-20 17:00:18.480 [DEBUG] [SECRET_BEARER] Set token parameter
2026-01-20 17:00:18.480 [INFO] [SECRET_BEARER] Successfully created HTTP Bearer token secret
2026-01-20 17:00:19.684 [DEBUG] [HTTP_AUTH] Found http_bearer secret for URL: http://localhost:4444/odata/ADMIN/app
2026-01-20 17:00:19.684 [INFO] [ODATA_BIND] Binding OData read function for URL: http://localhost:4444/odata/ADMIN/app
2026-01-20 17:00:19.684 [DEBUG] [ODATA_FACTORY] Probing URL: http://localhost:4444/odata/ADMIN/app
2026-01-20 17:00:19.684 [INFO] [HTTP_REQUEST_REPRO] Reproduce with: SELECT * FROM http_get('http://localhost:4444/odata/ADMIN/app?$format=json', headers := MAP{'Authorization': 'Bearer eyJhbGciOiJIUzI1NiJ9.eyJpc3MiOiJodHRwOi8vbG9jYWxob3N0OjQ0NDQiLCJzdWIiOiJ7XCJhY3RpdmVcIjp0cnVlLFwiZXhjbHVkZWRcIjpmYWxzZSxcImZpcnN0X25hbWVcIjpcIlN1cGVyXCIsXCJsYW5nX2lkXCI6MSxcImxhc3RfbmFtZVwiOlwiQWRtaW5cIixcInJvbGVfaWRcIjoxLFwidXNlcl9pZFwiOjEsXCJ1c2VybmFtZVwiOlwicm9vdFwifSIsImF1ZCI6WyJodHRwOi8vbG9jYWxob3N0OjQ0NDQiXSwiZXhwIjoxNzc0MDg0NzU1LjgzMzE4OTcsIm5iZiI6MTc2ODkwMDc1NS44MzMxOTA3LCJpYXQiOjE3Njg5MDA3NTUuODMzMTkwMn0.nKV-u4pSDHrsDNaaPkCnfXSs8jOtofXSggQ-MS5CtQA'}, url_encode := false);
2026-01-20 17:00:19.684 [INFO] [HTTP_REQUEST] Executing GET request to: /odata/ADMIN/app?$format=json
2026-01-20 17:00:19.684 [DEBUG] [HTTP_REQUEST] Request headers:
2026-01-20 17:00:19.684 [DEBUG] [HTTP_REQUEST]   Authorization: Bearer eyJhbGciOiJIUzI1NiJ9.eyJpc3MiOiJodHRwOi8vbG9jYWxob3N0OjQ0NDQiLCJzdWIiOiJ7XCJhY3RpdmVcIjp0cnVlLFwiZXhjbHVkZWRcIjpmYWxzZSxcImZpcnN0X25hbWVcIjpcIlN1cGVyXCIsXCJsYW5nX2lkXCI6MSxcImxhc3RfbmFtZVwiOlwiQWRtaW5cIixcInJvbGVfaWRcIjoxLFwidXNlcl9pZFwiOjEsXCJ1c2VybmFtZVwiOlwicm9vdFwifSIsImF1ZCI6WyJodHRwOi8vbG9jYWxob3N0OjQ0NDQiXSwiZXhwIjoxNzc0MDg0NzU1LjgzMzE4OTcsIm5iZiI6MTc2ODkwMDc1NS44MzMxOTA3LCJpYXQiOjE3Njg5MDA3NTUuODMzMTkwMn0.nKV-u4pSDHrsDNaaPkCnfXSs8jOtofXSggQ-MS5CtQA
2026-01-20 17:00:19.697 [INFO] [HTTP_RESPONSE] Response status: 200
2026-01-20 17:00:19.697 [DEBUG] [HTTP_RESPONSE] Response headers:
2026-01-20 17:00:19.697 [DEBUG] [HTTP_RESPONSE]   Access-Control-Allow-Headers: Content-Type, Authorization, enctype
2026-01-20 17:00:19.697 [DEBUG] [HTTP_RESPONSE]   Access-Control-Allow-Methods: GET, POST, PUT, DELETE, OPTIONS
2026-01-20 17:00:19.697 [DEBUG] [HTTP_RESPONSE]   Access-Control-Allow-Origin: *
2026-01-20 17:00:19.697 [DEBUG] [HTTP_RESPONSE]   Content-Length: 868
2026-01-20 17:00:19.697 [DEBUG] [HTTP_RESPONSE]   Content-Type: application/json; charset=utf-8
2026-01-20 17:00:19.697 [DEBUG] [HTTP_RESPONSE]   Date: Tue, 20 Jan 2026 18:00:19 GMT
2026-01-20 17:00:19.697 [DEBUG] [HTTP_RESPONSE]   Odata-Version: 4.01
2026-01-20 17:00:19.697 [DEBUG] [HTTP_RESPONSE]   Vary: Authorization
2026-01-20 17:00:19.697 [DEBUG] [HTTP_RESPONSE] Response body (868 bytes)
2026-01-20 17:00:19.697 [DEBUG] [HTTP_RESPONSE] Response body: {"@odata.context":"http://localhost:4444/odata/ADMIN/app","@odata.count":3,"value":[{"app":"ADMIN","app_desc":"Admin","app_id":1,"attach_logo":null,"config":"{}","created_at":"2025-11-05T18:55:00.130747Z","db":"ADMIN","email":null,"excluded":false,"updated_at":"2025-11-05T18:55:00.130747Z","user_id":1,"username":"root","version":"1.0.0"},{"app":"ETLX","app_desc":"ETLX UI in CS","app_id":2,"attach_logo":null,"config":null,"created_at":"2025-11-05T19:01:54.055156Z","db":"ETLX","email":null,"excluded":false,"updated_at":"2025-11-05T19:01:54.055156Z","user_id":1,"username":"root","version":"1.0.0"},{"app":"SAAS","app_desc":"CS SASS Backend","app_id":3,"attach_logo":null,"config":null,"created_at":"2026-01-10T18:53:52.783348Z","db":"SAAS","email":null,"excluded":false,"updated_at":"2026-01-10T18:53:52.783348Z","user_id":1,"username":"root","version":"1.0.0"}]}

2026-01-20 17:00:19.697 [DEBUG] [CHARSET_CONVERTER] Detected UTF-8 charset, using UTF-8 converter
2026-01-20 17:00:19.697 [DEBUG] [CHARSET_CONVERTER] Creating charset converter for content type: application/json; charset=utf-8
2026-01-20 17:00:19.697 [DEBUG] [CHARSET_CONVERTER] Charset converter initialized with charset: utf-8
2026-01-20 17:00:19.697 [DEBUG] [CHARSET_CONVERTER] Converting 868 bytes using charset: utf-8
2026-01-20 17:00:19.697 [DEBUG] [CHARSET_CONVERTER] Converting from bytes using charset: utf-8
2026-01-20 17:00:19.697 [DEBUG] [CHARSET_CONVERTER] Using default UTF-8 conversion
2026-01-20 17:00:19.697 [DEBUG] [CHARSET_CONVERTER] Using UTF-8 converter for output
2026-01-20 17:00:19.697 [DEBUG] [DETECT_VERSION] Starting OData version detection
2026-01-20 17:00:19.698 [DEBUG] [DETECT_VERSION] Found 'value' array, detecting as V4
2026-01-20 17:00:19.698 [INFO] [ODATA_FACTORY] Probe result - Version: 2, IsServiceRoot: false
2026-01-20 17:00:19.698 [INFO] [ODATA_FACTORY] Content preview: {"@odata.context":"http://localhost:4444/odata/ADMIN/app","@odata.count":3,"value":[{"app":"ADMIN","app_desc":"Admin","app_id":1,"attach_logo":null,"config":"{}","created_at":"2025-11-05T18:55:00.1307...
2026-01-20 17:00:19.698 [INFO] [ODATA_READ_BIND] Creating bind data from probe result - is_service_root: false
2026-01-20 17:00:19.698 [INFO] [ODATA_READ_BIND] Taking entity set path
2026-01-20 17:00:19.698 [DEBUG] [ODATA_FACTORY] Creating ODataEntitySetClient
2026-01-20 17:00:19.698 [DEBUG] [ODATA_READ_BIND] Creating bind data from entity set client
2026-01-20 17:00:19.698 [DEBUG] [ODATA_READ_BIND] Parsing OData v4 response format
2026-01-20 17:00:19.698 [DEBUG] [ODATA_READ_BIND] Found 'value' array in OData v4 response
2026-01-20 17:00:19.698 [DEBUG] [ODATA_READ_BIND] Found first row object in OData v4 response
2026-01-20 17:00:19.698 [WARN] [ODATA_READ_BIND] Could not find 'd' object in OData v2 response
2026-01-20 17:00:19.698 [DEBUG] [ODATA_READ_BIND] Stored 0 extracted column names
2026-01-20 17:00:19.698 [INFO] [ODATA_READ_BIND] GetResultNames called - service_root_mode: false
2026-01-20 17:00:19.698 [INFO] [ODATA_READ_BIND] Calling odata_client->GetResultNames() for metadata
2026-01-20 17:00:19.698 [INFO] [ODATA_CLIENT] Resolved metadata URL: http://localhost:4444/odata/ADMIN/$metadata
2026-01-20 17:00:19.698 [DEBUG] [ODATA_CLIENT] OData Metadata HTTP Request:
  URL: http://localhost:4444/odata/ADMIN/$metadata
  Method: GET
  Headers:
    Connection: close
    Authorization: Bearer eyJhbGciOiJIUzI1NiJ9.eyJpc3MiOiJodHRwOi8vbG9jYWxob3N0OjQ0NDQiLCJzdWIiOiJ7XCJhY3RpdmVcIjp0cnVlLFwiZXhjbHVkZWRcIjpmYWxzZSxcImZpcnN0X25hbWVcIjpcIlN1cGVyXCIsXCJsYW5nX2lkXCI6MSxcImxhc3RfbmFtZVwiOlwiQWRtaW5cIixcInJvbGVfaWRcIjoxLFwidXNlcl9pZFwiOjEsXCJ1c2VybmFtZVwiOlwicm9vdFwifSIsImF1ZCI6WyJodHRwOi8vbG9jYWxob3N0OjQ0NDQiXSwiZXhwIjoxNzc0MDg0NzU1LjgzMzE4OTcsIm5iZiI6MTc2ODkwMDc1NS44MzMxOTA3LCJpYXQiOjE3Njg5MDA3NTUuODMzMTkwMn0.nKV-u4pSDHrsDNaaPkCnfXSs8jOtofXSggQ-MS5CtQA
    Accept: application/xml
2026-01-20 17:00:19.698 [DEBUG] [ODATA_CLIENT] Metadata request attempt 1 of 3
2026-01-20 17:00:19.698 [INFO] [HTTP_REQUEST_REPRO] Reproduce with: SELECT * FROM http_get('http://localhost:4444/odata/ADMIN/$metadata', headers := MAP{'Accept': 'application/xml', 'Authorization': 'Bearer eyJhbGciOiJIUzI1NiJ9.eyJpc3MiOiJodHRwOi8vbG9jYWxob3N0OjQ0NDQiLCJzdWIiOiJ7XCJhY3RpdmVcIjp0cnVlLFwiZXhjbHVkZWRcIjpmYWxzZSxcImZpcnN0X25hbWVcIjpcIlN1cGVyXCIsXCJsYW5nX2lkXCI6MSxcImxhc3RfbmFtZVwiOlwiQWRtaW5cIixcInJvbGVfaWRcIjoxLFwidXNlcl9pZFwiOjEsXCJ1c2VybmFtZVwiOlwicm9vdFwifSIsImF1ZCI6WyJodHRwOi8vbG9jYWxob3N0OjQ0NDQiXSwiZXhwIjoxNzc0MDg0NzU1LjgzMzE4OTcsIm5iZiI6MTc2ODkwMDc1NS44MzMxOTA3LCJpYXQiOjE3Njg5MDA3NTUuODMzMTkwMn0.nKV-u4pSDHrsDNaaPkCnfXSs8jOtofXSggQ-MS5CtQA', 'Connection': 'close'}, url_encode := false);
2026-01-20 17:00:19.698 [INFO] [HTTP_REQUEST] Executing GET request to: /odata/ADMIN/$metadata
2026-01-20 17:00:19.698 [DEBUG] [HTTP_REQUEST] Request headers:
2026-01-20 17:00:19.698 [DEBUG] [HTTP_REQUEST]   Accept: application/xml
2026-01-20 17:00:19.698 [DEBUG] [HTTP_REQUEST]   Authorization: Bearer eyJhbGciOiJIUzI1NiJ9.eyJpc3MiOiJodHRwOi8vbG9jYWxob3N0OjQ0NDQiLCJzdWIiOiJ7XCJhY3RpdmVcIjp0cnVlLFwiZXhjbHVkZWRcIjpmYWxzZSxcImZpcnN0X25hbWVcIjpcIlN1cGVyXCIsXCJsYW5nX2lkXCI6MSxcImxhc3RfbmFtZVwiOlwiQWRtaW5cIixcInJvbGVfaWRcIjoxLFwidXNlcl9pZFwiOjEsXCJ1c2VybmFtZVwiOlwicm9vdFwifSIsImF1ZCI6WyJodHRwOi8vbG9jYWxob3N0OjQ0NDQiXSwiZXhwIjoxNzc0MDg0NzU1LjgzMzE4OTcsIm5iZiI6MTc2ODkwMDc1NS44MzMxOTA3LCJpYXQiOjE3Njg5MDA3NTUuODMzMTkwMn0.nKV-u4pSDHrsDNaaPkCnfXSs8jOtofXSggQ-MS5CtQA
2026-01-20 17:00:19.698 [DEBUG] [HTTP_REQUEST]   Connection: close
2026-01-20 17:00:19.716 [INFO] [HTTP_RESPONSE] Response status: 200
2026-01-20 17:00:19.716 [DEBUG] [HTTP_RESPONSE] Response headers:
2026-01-20 17:00:19.716 [DEBUG] [HTTP_RESPONSE]   Access-Control-Allow-Headers: Content-Type, Authorization, enctype
2026-01-20 17:00:19.716 [DEBUG] [HTTP_RESPONSE]   Access-Control-Allow-Methods: GET, POST, PUT, DELETE, OPTIONS
2026-01-20 17:00:19.716 [DEBUG] [HTTP_RESPONSE]   Access-Control-Allow-Origin: *
2026-01-20 17:00:19.716 [DEBUG] [HTTP_RESPONSE]   Connection: close
2026-01-20 17:00:19.716 [DEBUG] [HTTP_RESPONSE]   Content-Type: application/xml
2026-01-20 17:00:19.716 [DEBUG] [HTTP_RESPONSE]   Date: Tue, 20 Jan 2026 18:00:19 GMT
2026-01-20 17:00:19.716 [DEBUG] [HTTP_RESPONSE]   Odata-Version: 4.01
2026-01-20 17:00:19.716 [DEBUG] [HTTP_RESPONSE]   Transfer-Encoding: chunked
2026-01-20 17:00:19.716 [DEBUG] [HTTP_RESPONSE]   Vary: Authorization
2026-01-20 17:00:19.716 [DEBUG] [HTTP_RESPONSE] Response body (54496 bytes)
2026-01-20 17:00:19.717 [DEBUG] [HTTP_RESPONSE] Response body (truncated): <?xml version="1.0" encoding="utf-8"?>
<edmx:Edmx Version="4.01"
 xmlns:edmx="http://docs.oasis-open.org/odata/ns/edmx"
 xmlns="http://docs.oasis-open.org/odata/ns/edm">
 <edmx:DataServices><Schema Namespace="ADMIN"><EntityType Name="sqlite_sequence"><Property Name="name" Type="Edm.String" Nullable="false"/><Property Name="seq" Type="Edm.String" Nullable="false"/></EntityType><EntityType Name="row_level_access"><Key><PropertyRef Name="row_level_access_id"/></Key><Property Name="row_level_access_id" Type="Edm.Int32" Nullable="false"/><Property Name="row_id" Type="Edm.Int32" Nullable="false"/><Property Name="table_id" Type="Edm.Int32" Nullable="true"/><Property Name="table" Type="Edm.String" Nullable="false"/><Property Name="db" Type="Edm.String" Nullable="false"/><Property Name="user_id" Type="Edm.Int32" Nullable="true"/><Property Name="app_id" Type="Edm.Int32" Nullable="true"/><Property Name="read" Type="Edm.Boolean" Nullable="true"/><Property Name="update" Type="Edm.Boolean" Nullable=...
2026-01-20 17:00:19.717 [DEBUG] [CHARSET_CONVERTER] No charset specified, defaulting to UTF-8 converter
2026-01-20 17:00:19.717 [DEBUG] [CHARSET_CONVERTER] Creating charset converter for content type: application/xml
2026-01-20 17:00:19.717 [DEBUG] [CHARSET_CONVERTER] Charset converter initialized with charset: utf-8
2026-01-20 17:00:19.717 [DEBUG] [CHARSET_CONVERTER] Converting 54496 bytes using charset: utf-8
2026-01-20 17:00:19.717 [DEBUG] [CHARSET_CONVERTER] Converting from bytes using charset: utf-8
2026-01-20 17:00:19.717 [DEBUG] [CHARSET_CONVERTER] Using default UTF-8 conversion
2026-01-20 17:00:19.717 [DEBUG] [CHARSET_CONVERTER] Using UTF-8 converter for output
2026-01-20 17:00:19.718 [DEBUG] [CHARSET_CONVERTER] No charset specified, defaulting to UTF-8 converter
2026-01-20 17:00:19.718 [DEBUG] [CHARSET_CONVERTER] Creating charset converter for content type: application/xml
2026-01-20 17:00:19.718 [DEBUG] [CHARSET_CONVERTER] Charset converter initialized with charset: utf-8
2026-01-20 17:00:19.718 [DEBUG] [CHARSET_CONVERTER] Converting 54496 bytes using charset: utf-8
2026-01-20 17:00:19.718 [DEBUG] [CHARSET_CONVERTER] Converting from bytes using charset: utf-8
2026-01-20 17:00:19.718 [DEBUG] [CHARSET_CONVERTER] Using default UTF-8 conversion
2026-01-20 17:00:19.718 [DEBUG] [CHARSET_CONVERTER] Using UTF-8 converter for output
2026-01-20 17:00:19.719 [DEBUG] [CHARSET_CONVERTER] No charset specified, defaulting to UTF-8 converter
2026-01-20 17:00:19.719 [DEBUG] [CHARSET_CONVERTER] Creating charset converter for content type: application/xml
2026-01-20 17:00:19.719 [DEBUG] [CHARSET_CONVERTER] Charset converter initialized with charset: utf-8
2026-01-20 17:00:19.719 [DEBUG] [CHARSET_CONVERTER] Converting 54496 bytes using charset: utf-8
2026-01-20 17:00:19.719 [DEBUG] [CHARSET_CONVERTER] Converting from bytes using charset: utf-8
2026-01-20 17:00:19.719 [DEBUG] [CHARSET_CONVERTER] Using default UTF-8 conversion
2026-01-20 17:00:19.719 [DEBUG] [CHARSET_CONVERTER] Using UTF-8 converter for output
2026-01-20 17:00:19.720 [DEBUG] [ODATA_CLIENT] OData Metadata HTTP Success Response:
  Status Code: 200
  Content Type: application/xml
  Response Headers:
    Vary: Authorization
    Transfer-Encoding: chunked
    Odata-Version: 4.01
    Content-Type: application/xml
    Connection: close
    Date: Tue, 20 Jan 2026 18:00:19 GMT
    Access-Control-Allow-Origin: *
    Access-Control-Allow-Methods: GET, POST, PUT, DELETE, OPTIONS
    Access-Control-Allow-Headers: Content-Type, Authorization, enctype
  Response Body Size: 54496 bytes
  Response Body Preview (first 4000 chars): <?xml version="1.0" encoding="utf-8"?>
<edmx:Edmx Version="4.01"
 xmlns:edmx="http://docs.oasis-open.org/odata/ns/edmx"
 xmlns="http://docs.oasis-open.org/odata/ns/edm">
 <edmx:DataServices><Schema Namespace="ADMIN"><EntityType Name="sqlite_sequence"><Property Name="name" Type="Edm.String" Nullable="false"/><Property Name="seq" Type="Edm.String" Nullable="false"/></EntityType><EntityType Name="row_level_access"><Key><PropertyRef Name="row_level_access_id"/></Key><Property Name="row_level_access_id" Type="Edm.Int32" Nullable="false"/><Property Name="row_id" Type="Edm.Int32" Nullable="false"/><Property Name="table_id" Type="Edm.Int32" Nullable="true"/><Property Name="table" Type="Edm.String" Nullable="false"/><Property Name="db" Type="Edm.String" Nullable="false"/><Property Name="user_id" Type="Edm.Int32" Nullable="true"/><Property Name="app_id" Type="Edm.Int32" Nullable="true"/><Property Name="read" Type="Edm.Boolean" Nullable="true"/><Property Name="update" Type="Edm.Boolean" Nullable="true"/><Property Name="delete" Type="Edm.Boolean" Nullable="true"/><Property Name="share" Type="Edm.Boolean" Nullable="true"/><Property Name="created_at" Type="Edm.DateTimeOffset" Nullable="true"/><Property Name="updated_at" Type="Edm.DateTimeOffset" Nullable="true"/><Property Name="excluded" Type="Edm.Boolean" Nullable="true"/></EntityType><EntityType Name="etl_rbase_quality"><Key><PropertyRef Name="etl_rbase_quality_id"/></Key><Property Name="etl_rbase_quality_id" Type="Edm.Int32" Nullable="false"/><Property Name="etl_rbase_quality" Type="Edm.String" Nullable="false"/><Property Name="etl_rbase_quality_desc" Type="Edm.String" Nullable="true"/><Property Name="etl_report_base_id" Type="Edm.Int32" Nullable="false"/><Property Name="sql_quality_check" Type="Edm.String" Nullable="false"/><Property Name="sql_quality_fix" Type="Edm.String" Nullable="true"/><Property Name="comments" Type="Edm.String" Nullable="true"/><Property Name="fields" Type="Edm.String" Nullable="true"/><Property Name="tables" Type="Edm.String" Nullable="true"/><Property Name="database" Type="Edm.String" Nullable="false"/><Property Name="etl_rbase_quality_conf" Type="Edm.String" Nullable="true"/><Property Name="active" Type="Edm.Boolean" Nullable="true"/><Property Name="user_id" Type="Edm.Int32" Nullable="true"/><Property Name="app_id" Type="Edm.Int32" Nullable="true"/><Property Name="created_at" Type="Edm.DateTimeOffset" Nullable="true"/><Property Name="updated_at" Type="Edm.DateTimeOffset" Nullable="true"/><Property Name="excluded" Type="Edm.Boolean" Nullable="true"/></EntityType><EntityType Name="subscription"><Property Name="subscription_id" Type="Edm.Int32" Nullable="false"/><Property Name="tenant_id" Type="Edm.Int32" Nullable="false"/><Property Name="plan_id" Type="Edm.Int32" Nullable="false"/><Property Name="deployment_id" Type="Edm.Int32" Nullable="false"/><Property Name="payment_plan_id" Type="Edm.Int32" Nullable="false"/><Property Name="product_id" Type="Edm.Int32" Nullable="false"/><Property Name="terraform_outputs" Type="Edm.String" Nullable="false"/><Property Name="tf_public_ip" Type="Edm.String" Nullable="false"/><Property Name="tf_public_dns" Type="Edm.String" Nullable="false"/><Property Name="terraform_state" Type="Edm.String" Nullable="false"/><Property Name="deployed" Type="Edm.Boolean" Nullable="false"/><Property Name="active" Type="Edm.Boolean" Nullable="false"/><Property Name="stripe_subscription_id" Type="Edm.String" Nullable="false"/><Property Name="user_id" Type="Edm.Int32" Nullable="false"/><Property Name="app_id" Type="Edm.Int32" Nullable="false"/><Property Name="created_at" Type="Edm.DateTimeOffset" Nullable="false"/><Property Name="updated_at" Type="Edm.DateTimeOffset" Nullable="false"/><Property Name="excluded" Type="Edm.Boolean" Nullable="false"/></EntityType><EntityType Name="users"><Key><PropertyRef Name="user_id"/></Key><Property Name="user_id" Type="Edm.Int32" Nullable="false"/><Property Name="username" Type="Edm.String" Nullable="false"/><Property
2026-01-20 17:00:19.720 [DEBUG] [CHARSET_CONVERTER] No charset specified, defaulting to UTF-8 converter
2026-01-20 17:00:19.720 [DEBUG] [CHARSET_CONVERTER] Creating charset converter for content type: application/xml
2026-01-20 17:00:19.720 [DEBUG] [CHARSET_CONVERTER] Charset converter initialized with charset: utf-8
2026-01-20 17:00:19.720 [DEBUG] [CHARSET_CONVERTER] Converting 54496 bytes using charset: utf-8
2026-01-20 17:00:19.720 [DEBUG] [CHARSET_CONVERTER] Converting from bytes using charset: utf-8
2026-01-20 17:00:19.720 [DEBUG] [CHARSET_CONVERTER] Using default UTF-8 conversion
2026-01-20 17:00:19.720 [DEBUG] [CHARSET_CONVERTER] Using UTF-8 converter for output
2026-01-20 17:00:19.722 [DEBUG] [ODATA_CLIENT] GetCurrentEntitySetType called
2026-01-20 17:00:19.722 [DEBUG] [ODATA_CLIENT] Current URL path: /odata/ADMIN/app
2026-01-20 17:00:19.722 [DEBUG] [ODATA_CLIENT] Input parameters count: 0
2026-01-20 17:00:19.722 [DEBUG] [ODATA_CLIENT] Current entity name from fragment: empty
2026-01-20 17:00:19.722 [DEBUG] [ODATA_CLIENT] No entity name from @odata.context; deferring to metadata lookup
2026-01-20 17:00:19.722 [DEBUG] [ODATA_CLIENT] Final entity set name: 
2026-01-20 17:00:19.722 [DEBUG] [ODATA_CLIENT] Using stored metadata context URL: http://localhost:4444/odata/ADMIN/$metadata
2026-01-20 17:00:19.722 [DEBUG] [ODATA_CLIENT] Derived entity set candidate from URL: app
2026-01-20 17:00:19.722 [DEBUG] [ODATA_CLIENT] Resolved entity set from URL path: app
2026-01-20 17:00:19.722 [DEBUG] [ODATA_CLIENT] Using stored metadata context URL: http://localhost:4444/odata/ADMIN/$metadata
2026-01-20 17:00:19.722 [DEBUG] [ODATA_CLIENT] GetCurrentEntitySetType called
2026-01-20 17:00:19.722 [DEBUG] [ODATA_CLIENT] Current URL path: /odata/ADMIN/app
2026-01-20 17:00:19.722 [DEBUG] [ODATA_CLIENT] Input parameters count: 0
2026-01-20 17:00:19.722 [DEBUG] [ODATA_CLIENT] Current entity name from fragment: empty
2026-01-20 17:00:19.722 [DEBUG] [ODATA_CLIENT] No entity name from @odata.context; deferring to metadata lookup
2026-01-20 17:00:19.722 [DEBUG] [ODATA_CLIENT] Final entity set name: 
2026-01-20 17:00:19.722 [DEBUG] [ODATA_CLIENT] Using stored metadata context URL: http://localhost:4444/odata/ADMIN/$metadata
2026-01-20 17:00:19.722 [DEBUG] [ODATA_CLIENT] Derived entity set candidate from URL: app
2026-01-20 17:00:19.722 [DEBUG] [ODATA_CLIENT] Resolved entity set from URL path: app
2026-01-20 17:00:19.722 [DEBUG] [ODATA_CLIENT] Using stored metadata context URL: http://localhost:4444/odata/ADMIN/$metadata
2026-01-20 17:00:19.722 [DEBUG] [ODATA_CLIENT] Using stored metadata context URL: http://localhost:4444/odata/ADMIN/$metadata
2026-01-20 17:00:19.723 [DEBUG] [ODATA_CLIENT] GetCurrentEntitySetType called
2026-01-20 17:00:19.723 [DEBUG] [ODATA_CLIENT] Current URL path: /odata/ADMIN/app
2026-01-20 17:00:19.723 [DEBUG] [ODATA_CLIENT] Input parameters count: 0
2026-01-20 17:00:19.723 [DEBUG] [ODATA_CLIENT] Current entity name from fragment: empty
2026-01-20 17:00:19.723 [DEBUG] [ODATA_CLIENT] No entity name from @odata.context; deferring to metadata lookup
2026-01-20 17:00:19.723 [DEBUG] [ODATA_CLIENT] Final entity set name: 
2026-01-20 17:00:19.723 [DEBUG] [ODATA_CLIENT] Using stored metadata context URL: http://localhost:4444/odata/ADMIN/$metadata
2026-01-20 17:00:19.723 [DEBUG] [ODATA_CLIENT] Derived entity set candidate from URL: app
2026-01-20 17:00:19.723 [DEBUG] [ODATA_CLIENT] Resolved entity set from URL path: app
2026-01-20 17:00:19.723 [DEBUG] [ODATA_CLIENT] Using stored metadata context URL: http://localhost:4444/odata/ADMIN/$metadata
2026-01-20 17:00:19.723 [DEBUG] [ODATA_CLIENT] Using stored metadata context URL: http://localhost:4444/odata/ADMIN/$metadata
2026-01-20 17:00:19.723 [INFO] [ODATA_READ_BIND] GetResultTypes called - service_root_mode: false
2026-01-20 17:00:19.723 [INFO] [ODATA_READ_BIND] Calling odata_client->GetResultTypes() for metadata
2026-01-20 17:00:19.723 [DEBUG] [ODATA_CLIENT] Using stored metadata context URL: http://localhost:4444/odata/ADMIN/$metadata
2026-01-20 17:00:19.723 [DEBUG] [ODATA_CLIENT] GetCurrentEntitySetType called
2026-01-20 17:00:19.723 [DEBUG] [ODATA_CLIENT] Current URL path: /odata/ADMIN/app
2026-01-20 17:00:19.723 [DEBUG] [ODATA_CLIENT] Input parameters count: 0
2026-01-20 17:00:19.723 [DEBUG] [ODATA_CLIENT] Current entity name from fragment: empty
2026-01-20 17:00:19.723 [DEBUG] [ODATA_CLIENT] No entity name from @odata.context; deferring to metadata lookup
2026-01-20 17:00:19.723 [DEBUG] [ODATA_CLIENT] Final entity set name: 
2026-01-20 17:00:19.723 [DEBUG] [ODATA_CLIENT] Using stored metadata context URL: http://localhost:4444/odata/ADMIN/$metadata
2026-01-20 17:00:19.723 [DEBUG] [ODATA_CLIENT] Derived entity set candidate from URL: app
2026-01-20 17:00:19.723 [DEBUG] [ODATA_CLIENT] Resolved entity set from URL path: app
2026-01-20 17:00:19.724 [DEBUG] [ODATA_CLIENT] Using stored metadata context URL: http://localhost:4444/odata/ADMIN/$metadata
2026-01-20 17:00:19.724 [DEBUG] [ODATA_CLIENT] Using stored metadata context URL: http://localhost:4444/odata/ADMIN/$metadata
2026-01-20 17:00:19.724 [DEBUG] [ODATA_READ_BIND] Final combined types size: 12
2026-01-20 17:00:19.724 [DEBUG] [ODATA_BIND] Processing URL for expand clause: http://localhost:4444/odata/ADMIN/app
2026-01-20 17:00:19.724 [INFO] [ODATA_READ_BIND] GetResultNames called - service_root_mode: false
2026-01-20 17:00:19.724 [INFO] [ODATA_READ_BIND] GetResultTypes called - service_root_mode: false
2026-01-20 17:00:19.725 [DEBUG] [ODATA_READ_BIND] Final combined types size: 12
2026-01-20 17:00:19.725 [INFO] [ODATA_BIND] Bound function with 12 columns
2026-01-20 17:00:19.725 [DEBUG] [ODATA_BIND] Column names: app_id, app, app_desc, version, email, db, attach_logo, config, user_id, created_at, updated_at, excluded
2026-01-20 17:00:19.725 [DEBUG] [HTTP_AUTH] Found http_bearer secret for URL: http://localhost:4444/odata/ADMIN/app
2026-01-20 17:00:19.725 [INFO] [ODATA_BIND] Binding OData read function for URL: http://localhost:4444/odata/ADMIN/app
2026-01-20 17:00:19.725 [DEBUG] [ODATA_FACTORY] Probing URL: http://localhost:4444/odata/ADMIN/app
2026-01-20 17:00:19.725 [INFO] [HTTP_REQUEST_REPRO] Reproduce with: SELECT * FROM http_get('http://localhost:4444/odata/ADMIN/app?$format=json', headers := MAP{'Authorization': 'Bearer eyJhbGciOiJIUzI1NiJ9.eyJpc3MiOiJodHRwOi8vbG9jYWxob3N0OjQ0NDQiLCJzdWIiOiJ7XCJhY3RpdmVcIjp0cnVlLFwiZXhjbHVkZWRcIjpmYWxzZSxcImZpcnN0X25hbWVcIjpcIlN1cGVyXCIsXCJsYW5nX2lkXCI6MSxcImxhc3RfbmFtZVwiOlwiQWRtaW5cIixcInJvbGVfaWRcIjoxLFwidXNlcl9pZFwiOjEsXCJ1c2VybmFtZVwiOlwicm9vdFwifSIsImF1ZCI6WyJodHRwOi8vbG9jYWxob3N0OjQ0NDQiXSwiZXhwIjoxNzc0MDg0NzU1LjgzMzE4OTcsIm5iZiI6MTc2ODkwMDc1NS44MzMxOTA3LCJpYXQiOjE3Njg5MDA3NTUuODMzMTkwMn0.nKV-u4pSDHrsDNaaPkCnfXSs8jOtofXSggQ-MS5CtQA'}, url_encode := false);
2026-01-20 17:00:19.725 [INFO] [HTTP_REQUEST] Executing GET request to: /odata/ADMIN/app?$format=json
2026-01-20 17:00:19.725 [DEBUG] [HTTP_REQUEST] Request headers:
2026-01-20 17:00:19.725 [DEBUG] [HTTP_REQUEST]   Authorization: Bearer eyJhbGciOiJIUzI1NiJ9.eyJpc3MiOiJodHRwOi8vbG9jYWxob3N0OjQ0NDQiLCJzdWIiOiJ7XCJhY3RpdmVcIjp0cnVlLFwiZXhjbHVkZWRcIjpmYWxzZSxcImZpcnN0X25hbWVcIjpcIlN1cGVyXCIsXCJsYW5nX2lkXCI6MSxcImxhc3RfbmFtZVwiOlwiQWRtaW5cIixcInJvbGVfaWRcIjoxLFwidXNlcl9pZFwiOjEsXCJ1c2VybmFtZVwiOlwicm9vdFwifSIsImF1ZCI6WyJodHRwOi8vbG9jYWxob3N0OjQ0NDQiXSwiZXhwIjoxNzc0MDg0NzU1LjgzMzE4OTcsIm5iZiI6MTc2ODkwMDc1NS44MzMxOTA3LCJpYXQiOjE3Njg5MDA3NTUuODMzMTkwMn0.nKV-u4pSDHrsDNaaPkCnfXSs8jOtofXSggQ-MS5CtQA
2026-01-20 17:00:19.740 [INFO] [HTTP_RESPONSE] Response status: 200
2026-01-20 17:00:19.740 [DEBUG] [HTTP_RESPONSE] Response headers:
2026-01-20 17:00:19.740 [DEBUG] [HTTP_RESPONSE]   Access-Control-Allow-Headers: Content-Type, Authorization, enctype
2026-01-20 17:00:19.740 [DEBUG] [HTTP_RESPONSE]   Access-Control-Allow-Methods: GET, POST, PUT, DELETE, OPTIONS
2026-01-20 17:00:19.740 [DEBUG] [HTTP_RESPONSE]   Access-Control-Allow-Origin: *
2026-01-20 17:00:19.740 [DEBUG] [HTTP_RESPONSE]   Content-Length: 868
2026-01-20 17:00:19.740 [DEBUG] [HTTP_RESPONSE]   Content-Type: application/json; charset=utf-8
2026-01-20 17:00:19.740 [DEBUG] [HTTP_RESPONSE]   Date: Tue, 20 Jan 2026 18:00:19 GMT
2026-01-20 17:00:19.740 [DEBUG] [HTTP_RESPONSE]   Odata-Version: 4.01
2026-01-20 17:00:19.740 [DEBUG] [HTTP_RESPONSE]   Vary: Authorization
2026-01-20 17:00:19.740 [DEBUG] [HTTP_RESPONSE] Response body (868 bytes)
2026-01-20 17:00:19.741 [DEBUG] [HTTP_RESPONSE] Response body: {"@odata.context":"http://localhost:4444/odata/ADMIN/app","@odata.count":3,"value":[{"app":"ADMIN","app_desc":"Admin","app_id":1,"attach_logo":null,"config":"{}","created_at":"2025-11-05T18:55:00.130747Z","db":"ADMIN","email":null,"excluded":false,"updated_at":"2025-11-05T18:55:00.130747Z","user_id":1,"username":"root","version":"1.0.0"},{"app":"ETLX","app_desc":"ETLX UI in CS","app_id":2,"attach_logo":null,"config":null,"created_at":"2025-11-05T19:01:54.055156Z","db":"ETLX","email":null,"excluded":false,"updated_at":"2025-11-05T19:01:54.055156Z","user_id":1,"username":"root","version":"1.0.0"},{"app":"SAAS","app_desc":"CS SASS Backend","app_id":3,"attach_logo":null,"config":null,"created_at":"2026-01-10T18:53:52.783348Z","db":"SAAS","email":null,"excluded":false,"updated_at":"2026-01-10T18:53:52.783348Z","user_id":1,"username":"root","version":"1.0.0"}]}

2026-01-20 17:00:19.741 [DEBUG] [CHARSET_CONVERTER] Detected UTF-8 charset, using UTF-8 converter
2026-01-20 17:00:19.741 [DEBUG] [CHARSET_CONVERTER] Creating charset converter for content type: application/json; charset=utf-8
2026-01-20 17:00:19.741 [DEBUG] [CHARSET_CONVERTER] Charset converter initialized with charset: utf-8
2026-01-20 17:00:19.741 [DEBUG] [CHARSET_CONVERTER] Converting 868 bytes using charset: utf-8
2026-01-20 17:00:19.741 [DEBUG] [CHARSET_CONVERTER] Converting from bytes using charset: utf-8
2026-01-20 17:00:19.741 [DEBUG] [CHARSET_CONVERTER] Using default UTF-8 conversion
2026-01-20 17:00:19.741 [DEBUG] [CHARSET_CONVERTER] Using UTF-8 converter for output
2026-01-20 17:00:19.741 [DEBUG] [DETECT_VERSION] Starting OData version detection
2026-01-20 17:00:19.741 [DEBUG] [DETECT_VERSION] Found 'value' array, detecting as V4
2026-01-20 17:00:19.741 [INFO] [ODATA_FACTORY] Probe result - Version: 2, IsServiceRoot: false
2026-01-20 17:00:19.741 [INFO] [ODATA_FACTORY] Content preview: {"@odata.context":"http://localhost:4444/odata/ADMIN/app","@odata.count":3,"value":[{"app":"ADMIN","app_desc":"Admin","app_id":1,"attach_logo":null,"config":"{}","created_at":"2025-11-05T18:55:00.1307...
2026-01-20 17:00:19.741 [INFO] [ODATA_READ_BIND] Creating bind data from probe result - is_service_root: false
2026-01-20 17:00:19.741 [INFO] [ODATA_READ_BIND] Taking entity set path
2026-01-20 17:00:19.741 [DEBUG] [ODATA_FACTORY] Creating ODataEntitySetClient
2026-01-20 17:00:19.741 [DEBUG] [ODATA_READ_BIND] Creating bind data from entity set client
2026-01-20 17:00:19.741 [DEBUG] [ODATA_READ_BIND] Parsing OData v4 response format
2026-01-20 17:00:19.741 [DEBUG] [ODATA_READ_BIND] Found 'value' array in OData v4 response
2026-01-20 17:00:19.741 [DEBUG] [ODATA_READ_BIND] Found first row object in OData v4 response
2026-01-20 17:00:19.741 [WARN] [ODATA_READ_BIND] Could not find 'd' object in OData v2 response
2026-01-20 17:00:19.741 [DEBUG] [ODATA_READ_BIND] Stored 0 extracted column names
2026-01-20 17:00:19.741 [INFO] [ODATA_READ_BIND] GetResultNames called - service_root_mode: false
2026-01-20 17:00:19.741 [INFO] [ODATA_READ_BIND] Calling odata_client->GetResultNames() for metadata
2026-01-20 17:00:19.741 [INFO] [ODATA_CLIENT] Resolved metadata URL: http://localhost:4444/odata/ADMIN/$metadata
2026-01-20 17:00:19.741 [DEBUG] [ODATA_CLIENT] GetCurrentEntitySetType called
2026-01-20 17:00:19.741 [DEBUG] [ODATA_CLIENT] Current URL path: /odata/ADMIN/app
2026-01-20 17:00:19.741 [DEBUG] [ODATA_CLIENT] Input parameters count: 0
2026-01-20 17:00:19.741 [DEBUG] [ODATA_CLIENT] Current entity name from fragment: empty
2026-01-20 17:00:19.741 [DEBUG] [ODATA_CLIENT] No entity name from @odata.context; deferring to metadata lookup
2026-01-20 17:00:19.741 [DEBUG] [ODATA_CLIENT] Final entity set name: 
2026-01-20 17:00:19.741 [DEBUG] [ODATA_CLIENT] Using stored metadata context URL: http://localhost:4444/odata/ADMIN/$metadata
2026-01-20 17:00:19.741 [DEBUG] [ODATA_CLIENT] Derived entity set candidate from URL: app
2026-01-20 17:00:19.741 [DEBUG] [ODATA_CLIENT] Resolved entity set from URL path: app
2026-01-20 17:00:19.741 [DEBUG] [ODATA_CLIENT] Using stored metadata context URL: http://localhost:4444/odata/ADMIN/$metadata
2026-01-20 17:00:19.741 [DEBUG] [ODATA_CLIENT] GetCurrentEntitySetType called
2026-01-20 17:00:19.741 [DEBUG] [ODATA_CLIENT] Current URL path: /odata/ADMIN/app
2026-01-20 17:00:19.741 [DEBUG] [ODATA_CLIENT] Input parameters count: 0
2026-01-20 17:00:19.742 [DEBUG] [ODATA_CLIENT] Current entity name from fragment: empty
2026-01-20 17:00:19.742 [DEBUG] [ODATA_CLIENT] No entity name from @odata.context; deferring to metadata lookup
2026-01-20 17:00:19.742 [DEBUG] [ODATA_CLIENT] Final entity set name: 
2026-01-20 17:00:19.742 [DEBUG] [ODATA_CLIENT] Using stored metadata context URL: http://localhost:4444/odata/ADMIN/$metadata
2026-01-20 17:00:19.742 [DEBUG] [ODATA_CLIENT] Derived entity set candidate from URL: app
2026-01-20 17:00:19.742 [DEBUG] [ODATA_CLIENT] Resolved entity set from URL path: app
2026-01-20 17:00:19.742 [DEBUG] [ODATA_CLIENT] Using stored metadata context URL: http://localhost:4444/odata/ADMIN/$metadata
2026-01-20 17:00:19.742 [DEBUG] [ODATA_CLIENT] Using stored metadata context URL: http://localhost:4444/odata/ADMIN/$metadata
2026-01-20 17:00:19.742 [DEBUG] [ODATA_CLIENT] GetCurrentEntitySetType called
2026-01-20 17:00:19.742 [DEBUG] [ODATA_CLIENT] Current URL path: /odata/ADMIN/app
2026-01-20 17:00:19.742 [DEBUG] [ODATA_CLIENT] Input parameters count: 0
2026-01-20 17:00:19.742 [DEBUG] [ODATA_CLIENT] Current entity name from fragment: empty
2026-01-20 17:00:19.742 [DEBUG] [ODATA_CLIENT] No entity name from @odata.context; deferring to metadata lookup
2026-01-20 17:00:19.742 [DEBUG] [ODATA_CLIENT] Final entity set name: 
2026-01-20 17:00:19.742 [DEBUG] [ODATA_CLIENT] Using stored metadata context URL: http://localhost:4444/odata/ADMIN/$metadata
2026-01-20 17:00:19.742 [DEBUG] [ODATA_CLIENT] Derived entity set candidate from URL: app
2026-01-20 17:00:19.742 [DEBUG] [ODATA_CLIENT] Resolved entity set from URL path: app
2026-01-20 17:00:19.742 [DEBUG] [ODATA_CLIENT] Using stored metadata context URL: http://localhost:4444/odata/ADMIN/$metadata
2026-01-20 17:00:19.742 [DEBUG] [ODATA_CLIENT] Using stored metadata context URL: http://localhost:4444/odata/ADMIN/$metadata
2026-01-20 17:00:19.743 [INFO] [ODATA_READ_BIND] GetResultTypes called - service_root_mode: false
2026-01-20 17:00:19.743 [INFO] [ODATA_READ_BIND] Calling odata_client->GetResultTypes() for metadata
2026-01-20 17:00:19.743 [DEBUG] [ODATA_CLIENT] Using stored metadata context URL: http://localhost:4444/odata/ADMIN/$metadata
2026-01-20 17:00:19.743 [DEBUG] [ODATA_CLIENT] GetCurrentEntitySetType called
2026-01-20 17:00:19.743 [DEBUG] [ODATA_CLIENT] Current URL path: /odata/ADMIN/app
2026-01-20 17:00:19.743 [DEBUG] [ODATA_CLIENT] Input parameters count: 0
2026-01-20 17:00:19.743 [DEBUG] [ODATA_CLIENT] Current entity name from fragment: empty
2026-01-20 17:00:19.743 [DEBUG] [ODATA_CLIENT] No entity name from @odata.context; deferring to metadata lookup
2026-01-20 17:00:19.743 [DEBUG] [ODATA_CLIENT] Final entity set name: 
2026-01-20 17:00:19.743 [DEBUG] [ODATA_CLIENT] Using stored metadata context URL: http://localhost:4444/odata/ADMIN/$metadata
2026-01-20 17:00:19.743 [DEBUG] [ODATA_CLIENT] Derived entity set candidate from URL: app
2026-01-20 17:00:19.743 [DEBUG] [ODATA_CLIENT] Resolved entity set from URL path: app
2026-01-20 17:00:19.743 [DEBUG] [ODATA_CLIENT] Using stored metadata context URL: http://localhost:4444/odata/ADMIN/$metadata
2026-01-20 17:00:19.743 [DEBUG] [ODATA_CLIENT] Using stored metadata context URL: http://localhost:4444/odata/ADMIN/$metadata
2026-01-20 17:00:19.744 [DEBUG] [ODATA_READ_BIND] Final combined types size: 12
2026-01-20 17:00:19.744 [DEBUG] [ODATA_BIND] Processing URL for expand clause: http://localhost:4444/odata/ADMIN/app
2026-01-20 17:00:19.744 [INFO] [ODATA_READ_BIND] GetResultNames called - service_root_mode: false
2026-01-20 17:00:19.744 [INFO] [ODATA_READ_BIND] GetResultTypes called - service_root_mode: false
2026-01-20 17:00:19.744 [DEBUG] [ODATA_READ_BIND] Final combined types size: 12
2026-01-20 17:00:19.744 [INFO] [ODATA_BIND] Bound function with 12 columns
2026-01-20 17:00:19.744 [DEBUG] [ODATA_BIND] Column names: app_id, app, app_desc, version, email, db, attach_logo, config, user_id, created_at, updated_at, excluded
2026-01-20 17:00:19.744 [DEBUG] [ODATA_READ_BIND] Activating columns: 0, 1, 2, 3, 4, 5, 6, 7, 8, 9, 10, 11, 
2026-01-20 17:00:19.744 [DEBUG] [ODATA_READ_BIND] Mapping activated index 0 to original index 0
2026-01-20 17:00:19.744 [DEBUG] [ODATA_READ_BIND] Mapping activated index 1 to original index 1
2026-01-20 17:00:19.744 [DEBUG] [ODATA_READ_BIND] Mapping activated index 2 to original index 2
2026-01-20 17:00:19.744 [DEBUG] [ODATA_READ_BIND] Mapping activated index 3 to original index 3
2026-01-20 17:00:19.744 [DEBUG] [ODATA_READ_BIND] Mapping activated index 4 to original index 4
2026-01-20 17:00:19.744 [DEBUG] [ODATA_READ_BIND] Mapping activated index 5 to original index 5
2026-01-20 17:00:19.744 [DEBUG] [ODATA_READ_BIND] Mapping activated index 6 to original index 6
2026-01-20 17:00:19.744 [DEBUG] [ODATA_READ_BIND] Mapping activated index 7 to original index 7
2026-01-20 17:00:19.744 [DEBUG] [ODATA_READ_BIND] Mapping activated index 8 to original index 8
2026-01-20 17:00:19.744 [DEBUG] [ODATA_READ_BIND] Mapping activated index 9 to original index 9
2026-01-20 17:00:19.744 [DEBUG] [ODATA_READ_BIND] Mapping activated index 10 to original index 10
2026-01-20 17:00:19.744 [DEBUG] [ODATA_READ_BIND] Mapping activated index 11 to original index 11
2026-01-20 17:00:19.744 [DEBUG] [ODATA_READ_BIND] ActivateColumns: service_root_mode_ = false
2026-01-20 17:00:19.744 [DEBUG] [ODATA_READ_BIND] Creating new predicate pushdown helper
2026-01-20 17:00:19.744 [DEBUG] [ODATA_CLIENT] Using stored metadata context URL: http://localhost:4444/odata/ADMIN/$metadata
2026-01-20 17:00:19.745 [DEBUG] [ODATA_CLIENT] GetCurrentEntitySetType called
2026-01-20 17:00:19.745 [DEBUG] [ODATA_CLIENT] Current URL path: /odata/ADMIN/app
2026-01-20 17:00:19.745 [DEBUG] [ODATA_CLIENT] Input parameters count: 0
2026-01-20 17:00:19.745 [DEBUG] [ODATA_CLIENT] Current entity name from fragment: empty
2026-01-20 17:00:19.745 [DEBUG] [ODATA_CLIENT] No entity name from @odata.context; deferring to metadata lookup
2026-01-20 17:00:19.745 [DEBUG] [ODATA_CLIENT] Final entity set name: 
2026-01-20 17:00:19.745 [DEBUG] [ODATA_CLIENT] Using stored metadata context URL: http://localhost:4444/odata/ADMIN/$metadata
2026-01-20 17:00:19.745 [DEBUG] [ODATA_CLIENT] Derived entity set candidate from URL: app
2026-01-20 17:00:19.745 [DEBUG] [ODATA_CLIENT] Resolved entity set from URL path: app
2026-01-20 17:00:19.745 [DEBUG] [ODATA_CLIENT] Using stored metadata context URL: http://localhost:4444/odata/ADMIN/$metadata
2026-01-20 17:00:19.745 [DEBUG] [ODATA_CLIENT] GetCurrentEntitySetType called
2026-01-20 17:00:19.745 [DEBUG] [ODATA_CLIENT] Current URL path: /odata/ADMIN/app
2026-01-20 17:00:19.745 [DEBUG] [ODATA_CLIENT] Input parameters count: 0
2026-01-20 17:00:19.745 [DEBUG] [ODATA_CLIENT] Current entity name from fragment: empty
2026-01-20 17:00:19.745 [DEBUG] [ODATA_CLIENT] No entity name from @odata.context; deferring to metadata lookup
2026-01-20 17:00:19.745 [DEBUG] [ODATA_CLIENT] Final entity set name: 
2026-01-20 17:00:19.745 [DEBUG] [ODATA_CLIENT] Using stored metadata context URL: http://localhost:4444/odata/ADMIN/$metadata
2026-01-20 17:00:19.745 [DEBUG] [ODATA_CLIENT] Derived entity set candidate from URL: app
2026-01-20 17:00:19.745 [DEBUG] [ODATA_CLIENT] Resolved entity set from URL path: app
2026-01-20 17:00:19.745 [DEBUG] [ODATA_CLIENT] Using stored metadata context URL: http://localhost:4444/odata/ADMIN/$metadata
2026-01-20 17:00:19.745 [DEBUG] [ODATA_CLIENT] Using stored metadata context URL: http://localhost:4444/odata/ADMIN/$metadata
2026-01-20 17:00:19.746 [DEBUG] [ODATA_CLIENT] GetCurrentEntitySetType called
2026-01-20 17:00:19.746 [DEBUG] [ODATA_CLIENT] Current URL path: /odata/ADMIN/app
2026-01-20 17:00:19.746 [DEBUG] [ODATA_CLIENT] Input parameters count: 0
2026-01-20 17:00:19.746 [DEBUG] [ODATA_CLIENT] Current entity name from fragment: empty
2026-01-20 17:00:19.746 [DEBUG] [ODATA_CLIENT] No entity name from @odata.context; deferring to metadata lookup
2026-01-20 17:00:19.746 [DEBUG] [ODATA_CLIENT] Final entity set name: 
2026-01-20 17:00:19.746 [DEBUG] [ODATA_CLIENT] Using stored metadata context URL: http://localhost:4444/odata/ADMIN/$metadata
2026-01-20 17:00:19.746 [DEBUG] [ODATA_CLIENT] Derived entity set candidate from URL: app
2026-01-20 17:00:19.746 [DEBUG] [ODATA_CLIENT] Resolved entity set from URL path: app
2026-01-20 17:00:19.746 [DEBUG] [ODATA_CLIENT] Using stored metadata context URL: http://localhost:4444/odata/ADMIN/$metadata
2026-01-20 17:00:19.746 [DEBUG] [ODATA_CLIENT] Using stored metadata context URL: http://localhost:4444/odata/ADMIN/$metadata
2026-01-20 17:00:19.747 [DEBUG] [ODATA_READ_BIND] Using OData client column names for predicate pushdown: 12 columns
2026-01-20 17:00:19.747 [DEBUG] [PREDICATE_PUSHDOWN] Created predicate pushdown helper with 12 columns
2026-01-20 17:00:19.747 [DEBUG] [PREDICATE_PUSHDOWN] Column 0: app_id
2026-01-20 17:00:19.747 [DEBUG] [PREDICATE_PUSHDOWN] Column 1: app
2026-01-20 17:00:19.747 [DEBUG] [PREDICATE_PUSHDOWN] Column 2: app_desc
2026-01-20 17:00:19.747 [DEBUG] [PREDICATE_PUSHDOWN] Column 3: version
2026-01-20 17:00:19.747 [DEBUG] [PREDICATE_PUSHDOWN] Column 4: email
2026-01-20 17:00:19.747 [DEBUG] [PREDICATE_PUSHDOWN] Column 5: db
2026-01-20 17:00:19.747 [DEBUG] [PREDICATE_PUSHDOWN] Column 6: attach_logo
2026-01-20 17:00:19.747 [DEBUG] [PREDICATE_PUSHDOWN] Column 7: config
2026-01-20 17:00:19.747 [DEBUG] [PREDICATE_PUSHDOWN] Column 8: user_id
2026-01-20 17:00:19.747 [DEBUG] [PREDICATE_PUSHDOWN] Column 9: created_at
2026-01-20 17:00:19.747 [DEBUG] [PREDICATE_PUSHDOWN] Column 10: updated_at
2026-01-20 17:00:19.747 [DEBUG] [PREDICATE_PUSHDOWN] Column 11: excluded
2026-01-20 17:00:19.747 [DEBUG] [PREDICATE_PUSHDOWN] Set OData version to: V4
2026-01-20 17:00:19.747 [DEBUG] [ODATA_READ_BIND] Set OData version V4 on predicate pushdown helper
2026-01-20 17:00:19.747 [DEBUG] [PREDICATE_PUSHDOWN] Column name resolver set
2026-01-20 17:00:19.747 [DEBUG] [PREDICATE_PUSHDOWN] Consuming column selection: 12 columns
2026-01-20 17:00:19.747 [DEBUG] [PREDICATE_PUSHDOWN] Building select clause for 12 columns
2026-01-20 17:00:19.747 [DEBUG] [PREDICATE_PUSHDOWN] Non-rowid columns: 12 out of 12
2026-01-20 17:00:19.747 [DEBUG] [PREDICATE_PUSHDOWN] All columns selected, skipping $select parameter
2026-01-20 17:00:19.747 [DEBUG] [PREDICATE_PUSHDOWN] Built select clause: 
2026-01-20 17:00:19.747 [DEBUG] [ODATA_READ_BIND] Select clause: 
2026-01-20 17:00:19.747 [DEBUG] [ODATA_READ_BIND] No filters to add
2026-01-20 17:00:19.747 [DEBUG] [ODATA_READ_BIND] Updating URL from predicate pushdown
2026-01-20 17:00:19.747 [DEBUG] [ODATA_READ_BIND] Original URL: http://localhost:4444/odata/ADMIN/app?$format=json
2026-01-20 17:00:19.747 [DEBUG] [PREDICATE_PUSHDOWN] Applying filters to URL: http://localhost:4444/odata/ADMIN/app?$format=json
2026-01-20 17:00:19.747 [DEBUG] [PREDICATE_PUSHDOWN] Select clause: ''
2026-01-20 17:00:19.747 [DEBUG] [PREDICATE_PUSHDOWN] Filter clause: ''
2026-01-20 17:00:19.747 [DEBUG] [PREDICATE_PUSHDOWN] Top clause: ''
2026-01-20 17:00:19.747 [DEBUG] [PREDICATE_PUSHDOWN] Skip clause: ''
2026-01-20 17:00:19.747 [DEBUG] [PREDICATE_PUSHDOWN] Expand clause: ''
2026-01-20 17:00:19.747 [DEBUG] [PREDICATE_PUSHDOWN] Final query: '?$format=json'
2026-01-20 17:00:19.747 [INFO] [PREDICATE_PUSHDOWN] Updated URL: http://localhost:4444/odata/ADMIN/app?$format=json
2026-01-20 17:00:19.747 [DEBUG] [ODATA_READ_BIND] Updated URL: http://localhost:4444/odata/ADMIN/app?$format=json
2026-01-20 17:00:19.747 [DEBUG] [ODATA_READ_BIND] Preserved OData version V4 on new client
2026-01-20 17:00:19.747 [DEBUG] [ODATA_READ_BIND] PrefetchFirstPage: service_root_mode_ = false
2026-01-20 17:00:19.747 [DEBUG] [ODATA_READ_BIND] PrefetchFirstPage: starting first page fetch
2026-01-20 17:00:19.747 [INFO] [ODATA_CLIENT] Fetching OData request from: http://localhost:4444/odata/ADMIN/app?$format=json (get_next: 0)
2026-01-20 17:00:19.747 [DEBUG] [ODATA_CLIENT] Executing HTTP GET request
2026-01-20 17:00:19.747 [DEBUG] [ODATA_CLIENT] DoHttpGet: calling AddInputParametersToUrl
2026-01-20 17:00:19.747 [INFO] [ODATA_CLIENT] AddInputParametersToUrl called with 0 parameters on client at 139640325568208
2026-01-20 17:00:19.747 [INFO] [ODATA_CLIENT] No input parameters to add
2026-01-20 17:00:19.747 [DEBUG] [ODATA_CLIENT] DoHttpGet: URL after input parameters: http://localhost:4444/odata/ADMIN/app?$format=json
2026-01-20 17:00:19.747 [INFO] [HTTP_REQUEST_REPRO] Reproduce with: SELECT * FROM http_get('http://localhost:4444/odata/ADMIN/app?$format=json', headers := MAP{'Accept': 'application/json;odata.metadata=minimal', 'Authorization': 'Bearer eyJhbGciOiJIUzI1NiJ9.eyJpc3MiOiJodHRwOi8vbG9jYWxob3N0OjQ0NDQiLCJzdWIiOiJ7XCJhY3RpdmVcIjp0cnVlLFwiZXhjbHVkZWRcIjpmYWxzZSxcImZpcnN0X25hbWVcIjpcIlN1cGVyXCIsXCJsYW5nX2lkXCI6MSxcImxhc3RfbmFtZVwiOlwiQWRtaW5cIixcInJvbGVfaWRcIjoxLFwidXNlcl9pZFwiOjEsXCJ1c2VybmFtZVwiOlwicm9vdFwifSIsImF1ZCI6WyJodHRwOi8vbG9jYWxob3N0OjQ0NDQiXSwiZXhwIjoxNzc0MDg0NzU1LjgzMzE4OTcsIm5iZiI6MTc2ODkwMDc1NS44MzMxOTA3LCJpYXQiOjE3Njg5MDA3NTUuODMzMTkwMn0.nKV-u4pSDHrsDNaaPkCnfXSs8jOtofXSggQ-MS5CtQA', 'OData-MaxVersion': '4.0', 'OData-Version': '4.0'}, url_encode := false);
2026-01-20 17:00:19.747 [INFO] [HTTP_REQUEST] Executing GET request to: /odata/ADMIN/app?$format=json
2026-01-20 17:00:19.747 [DEBUG] [HTTP_REQUEST] Request headers:
2026-01-20 17:00:19.747 [DEBUG] [HTTP_REQUEST]   Accept: application/json;odata.metadata=minimal
2026-01-20 17:00:19.747 [DEBUG] [HTTP_REQUEST]   Authorization: Bearer eyJhbGciOiJIUzI1NiJ9.eyJpc3MiOiJodHRwOi8vbG9jYWxob3N0OjQ0NDQiLCJzdWIiOiJ7XCJhY3RpdmVcIjp0cnVlLFwiZXhjbHVkZWRcIjpmYWxzZSxcImZpcnN0X25hbWVcIjpcIlN1cGVyXCIsXCJsYW5nX2lkXCI6MSxcImxhc3RfbmFtZVwiOlwiQWRtaW5cIixcInJvbGVfaWRcIjoxLFwidXNlcl9pZFwiOjEsXCJ1c2VybmFtZVwiOlwicm9vdFwifSIsImF1ZCI6WyJodHRwOi8vbG9jYWxob3N0OjQ0NDQiXSwiZXhwIjoxNzc0MDg0NzU1LjgzMzE4OTcsIm5iZiI6MTc2ODkwMDc1NS44MzMxOTA3LCJpYXQiOjE3Njg5MDA3NTUuODMzMTkwMn0.nKV-u4pSDHrsDNaaPkCnfXSs8jOtofXSggQ-MS5CtQA
2026-01-20 17:00:19.747 [DEBUG] [HTTP_REQUEST]   OData-MaxVersion: 4.0
2026-01-20 17:00:19.747 [DEBUG] [HTTP_REQUEST]   OData-Version: 4.0
2026-01-20 17:00:19.760 [INFO] [HTTP_RESPONSE] Response status: 200
2026-01-20 17:00:19.760 [DEBUG] [HTTP_RESPONSE] Response headers:
2026-01-20 17:00:19.760 [DEBUG] [HTTP_RESPONSE]   Access-Control-Allow-Headers: Content-Type, Authorization, enctype
2026-01-20 17:00:19.760 [DEBUG] [HTTP_RESPONSE]   Access-Control-Allow-Methods: GET, POST, PUT, DELETE, OPTIONS
2026-01-20 17:00:19.760 [DEBUG] [HTTP_RESPONSE]   Access-Control-Allow-Origin: *
2026-01-20 17:00:19.760 [DEBUG] [HTTP_RESPONSE]   Content-Length: 868
2026-01-20 17:00:19.760 [DEBUG] [HTTP_RESPONSE]   Content-Type: application/json; charset=utf-8
2026-01-20 17:00:19.760 [DEBUG] [HTTP_RESPONSE]   Date: Tue, 20 Jan 2026 18:00:19 GMT
2026-01-20 17:00:19.760 [DEBUG] [HTTP_RESPONSE]   Odata-Version: 4.01
2026-01-20 17:00:19.760 [DEBUG] [HTTP_RESPONSE]   Vary: Authorization
2026-01-20 17:00:19.760 [DEBUG] [HTTP_RESPONSE] Response body (868 bytes)
2026-01-20 17:00:19.760 [DEBUG] [HTTP_RESPONSE] Response body: {"@odata.context":"http://localhost:4444/odata/ADMIN/app","@odata.count":3,"value":[{"app":"ADMIN","app_desc":"Admin","app_id":1,"attach_logo":null,"config":"{}","created_at":"2025-11-05T18:55:00.130747Z","db":"ADMIN","email":null,"excluded":false,"updated_at":"2025-11-05T18:55:00.130747Z","user_id":1,"username":"root","version":"1.0.0"},{"app":"ETLX","app_desc":"ETLX UI in CS","app_id":2,"attach_logo":null,"config":null,"created_at":"2025-11-05T19:01:54.055156Z","db":"ETLX","email":null,"excluded":false,"updated_at":"2025-11-05T19:01:54.055156Z","user_id":1,"username":"root","version":"1.0.0"},{"app":"SAAS","app_desc":"CS SASS Backend","app_id":3,"attach_logo":null,"config":null,"created_at":"2026-01-10T18:53:52.783348Z","db":"SAAS","email":null,"excluded":false,"updated_at":"2026-01-10T18:53:52.783348Z","user_id":1,"username":"root","version":"1.0.0"}]}

2026-01-20 17:00:19.760 [DEBUG] [ODATA_CLIENT] Creating OData response object
2026-01-20 17:00:19.760 [DEBUG] [ODATA_RESPONSE] Created OData entity set response
2026-01-20 17:00:19.760 [DEBUG] [ODATA_RESPONSE] Response content type: application/json; charset=utf-8
2026-01-20 17:00:19.760 [DEBUG] [ODATA_RESPONSE] OData version: V4
2026-01-20 17:00:19.760 [DEBUG] [ODATA_CLIENT] Successfully created OData response
2026-01-20 17:00:19.760 [DEBUG] [ODATA_RESPONSE] Parsing HTTP response content
2026-01-20 17:00:19.760 [DEBUG] [ODATA_RESPONSE] Content type: application/json; charset=utf-8
2026-01-20 17:00:19.760 [DEBUG] [CHARSET_CONVERTER] Detected UTF-8 charset, using UTF-8 converter
2026-01-20 17:00:19.760 [DEBUG] [CHARSET_CONVERTER] Creating charset converter for content type: application/json; charset=utf-8
2026-01-20 17:00:19.760 [DEBUG] [CHARSET_CONVERTER] Charset converter initialized with charset: utf-8
2026-01-20 17:00:19.760 [DEBUG] [CHARSET_CONVERTER] Converting 868 bytes using charset: utf-8
2026-01-20 17:00:19.760 [DEBUG] [CHARSET_CONVERTER] Converting from bytes using charset: utf-8
2026-01-20 17:00:19.760 [DEBUG] [CHARSET_CONVERTER] Using default UTF-8 conversion
2026-01-20 17:00:19.761 [DEBUG] [CHARSET_CONVERTER] Using UTF-8 converter for output
2026-01-20 17:00:19.761 [DEBUG] [ODATA_RESPONSE] Content size: 868 bytes
2026-01-20 17:00:19.761 [DEBUG] [CHARSET_CONVERTER] Detected UTF-8 charset, using UTF-8 converter
2026-01-20 17:00:19.761 [DEBUG] [CHARSET_CONVERTER] Creating charset converter for content type: application/json; charset=utf-8
2026-01-20 17:00:19.761 [DEBUG] [CHARSET_CONVERTER] Charset converter initialized with charset: utf-8
2026-01-20 17:00:19.761 [DEBUG] [CHARSET_CONVERTER] Converting 868 bytes using charset: utf-8
2026-01-20 17:00:19.761 [DEBUG] [CHARSET_CONVERTER] Converting from bytes using charset: utf-8
2026-01-20 17:00:19.761 [DEBUG] [CHARSET_CONVERTER] Using default UTF-8 conversion
2026-01-20 17:00:19.761 [DEBUG] [CHARSET_CONVERTER] Using UTF-8 converter for output
2026-01-20 17:00:19.761 [DEBUG] [ODATA_CONTENT] Creating OData content from response
2026-01-20 17:00:19.761 [DEBUG] [ODATA_CONTENT] Content type: application/json; charset=utf-8
2026-01-20 17:00:19.761 [DEBUG] [ODATA_CONTENT] Content size: 868 bytes
2026-01-20 17:00:19.761 [DEBUG] [DETECT_VERSION] Starting OData version detection
2026-01-20 17:00:19.761 [DEBUG] [DETECT_VERSION] Found 'value' array, detecting as V4
2026-01-20 17:00:19.761 [DEBUG] [ODATA_CONTENT] Detected OData version from response: V4
2026-01-20 17:00:19.761 [DEBUG] [ODATA_CONTENT] Metadata suggested version: V4
2026-01-20 17:00:19.761 [DEBUG] [DETECT_VERSION] Starting OData version detection
2026-01-20 17:00:19.761 [DEBUG] [DETECT_VERSION] Found 'value' array, detecting as V4
2026-01-20 17:00:19.761 [DEBUG] [ODATA_RESPONSE] Successfully parsed content
2026-01-20 17:00:19.761 [DEBUG] [ODATA_CLIENT] Raw metadata context URL: http://localhost:4444/odata/ADMIN/app
2026-01-20 17:00:19.761 [INFO] [ODATA_CLIENT] Updated metadata context URL from response: http://localhost:4444/odata/ADMIN/app
2026-01-20 17:00:19.761 [DEBUG] [ODATA_RESPONSE] Returning cached parsed content
2026-01-20 17:00:19.761 [INFO] [ODATA_READ_BIND] Service reported total row count: 3
2026-01-20 17:00:19.761 [INFO] [ODATA_READ_BIND] GetResultNames called - service_root_mode: false
2026-01-20 17:00:19.761 [INFO] [ODATA_READ_BIND] GetResultTypes called - service_root_mode: false
2026-01-20 17:00:19.761 [DEBUG] [ODATA_READ_BIND] Final combined types size: 12
2026-01-20 17:00:19.761 [DEBUG] [ODATA_RESPONSE] Returning cached parsed content
2026-01-20 17:00:19.761 [DEBUG] [ODATA_TO_ROWS] Starting ToRows with 12 columns
2026-01-20 17:00:19.761 [DEBUG] [GET_VALUE_ARRAY] OData version: V4
2026-01-20 17:00:19.761 [DEBUG] [GET_VALUE_ARRAY] Processing OData v4 structure
2026-01-20 17:00:19.761 [DEBUG] [GET_VALUE_ARRAY] Successfully found v4 value array with 3 items
2026-01-20 17:00:19.761 [DEBUG] [ODATA_TO_ROWS] Found 3 rows in JSON response
2026-01-20 17:00:19.761 [DEBUG] [ODATA_CONTENT] Deserializing JSON value: expected type=INTEGER, actual JSON type=uint
2026-01-20 17:00:19.761 [DEBUG] [ODATA_CONTENT] Deserializing JSON value: expected type=VARCHAR, actual JSON type=string
2026-01-20 17:00:19.761 [DEBUG] [ODATA_CONTENT] Deserializing JSON value: expected type=VARCHAR, actual JSON type=string
2026-01-20 17:00:19.761 [DEBUG] [ODATA_CONTENT] Deserializing JSON value: expected type=VARCHAR, actual JSON type=string
2026-01-20 17:00:19.761 [DEBUG] [ODATA_CONTENT] Deserializing JSON value: expected type=VARCHAR, actual JSON type=null
2026-01-20 17:00:19.761 [DEBUG] [ODATA_CONTENT] Deserializing JSON value: expected type=VARCHAR, actual JSON type=string
2026-01-20 17:00:19.761 [DEBUG] [ODATA_CONTENT] Deserializing JSON value: expected type=VARCHAR, actual JSON type=null
2026-01-20 17:00:19.761 [DEBUG] [ODATA_CONTENT] Deserializing JSON value: expected type=VARCHAR, actual JSON type=string
2026-01-20 17:00:19.761 [DEBUG] [ODATA_CONTENT] Deserializing JSON value: expected type=INTEGER, actual JSON type=uint
2026-01-20 17:00:19.761 [DEBUG] [ODATA_CONTENT] Deserializing JSON value: expected type=TIMESTAMP, actual JSON type=string
2026-01-20 17:00:19.761 [DEBUG] [ODATA_CONTENT] Deserializing JSON value: expected type=TIMESTAMP, actual JSON type=string
2026-01-20 17:00:19.762 [DEBUG] [ODATA_CONTENT] Deserializing JSON value: expected type=BOOLEAN, actual JSON type=false
2026-01-20 17:00:19.762 [DEBUG] [ODATA_CONTENT] Deserializing JSON value: expected type=INTEGER, actual JSON type=uint
2026-01-20 17:00:19.762 [DEBUG] [ODATA_CONTENT] Deserializing JSON value: expected type=VARCHAR, actual JSON type=string
2026-01-20 17:00:19.762 [DEBUG] [ODATA_CONTENT] Deserializing JSON value: expected type=VARCHAR, actual JSON type=string
2026-01-20 17:00:19.762 [DEBUG] [ODATA_CONTENT] Deserializing JSON value: expected type=VARCHAR, actual JSON type=string
2026-01-20 17:00:19.762 [DEBUG] [ODATA_CONTENT] Deserializing JSON value: expected type=VARCHAR, actual JSON type=null
2026-01-20 17:00:19.762 [DEBUG] [ODATA_CONTENT] Deserializing JSON value: expected type=VARCHAR, actual JSON type=string
2026-01-20 17:00:19.762 [DEBUG] [ODATA_CONTENT] Deserializing JSON value: expected type=VARCHAR, actual JSON type=null
2026-01-20 17:00:19.762 [DEBUG] [ODATA_CONTENT] Deserializing JSON value: expected type=VARCHAR, actual JSON type=null
2026-01-20 17:00:19.762 [DEBUG] [ODATA_CONTENT] Deserializing JSON value: expected type=INTEGER, actual JSON type=uint
2026-01-20 17:00:19.762 [DEBUG] [ODATA_CONTENT] Deserializing JSON value: expected type=TIMESTAMP, actual JSON type=string
2026-01-20 17:00:19.762 [DEBUG] [ODATA_CONTENT] Deserializing JSON value: expected type=TIMESTAMP, actual JSON type=string
2026-01-20 17:00:19.762 [DEBUG] [ODATA_CONTENT] Deserializing JSON value: expected type=BOOLEAN, actual JSON type=false
2026-01-20 17:00:19.762 [DEBUG] [ODATA_CONTENT] Deserializing JSON value: expected type=INTEGER, actual JSON type=uint
2026-01-20 17:00:19.762 [DEBUG] [ODATA_CONTENT] Deserializing JSON value: expected type=VARCHAR, actual JSON type=string
2026-01-20 17:00:19.762 [DEBUG] [ODATA_CONTENT] Deserializing JSON value: expected type=VARCHAR, actual JSON type=string
2026-01-20 17:00:19.762 [DEBUG] [ODATA_CONTENT] Deserializing JSON value: expected type=VARCHAR, actual JSON type=string
2026-01-20 17:00:19.762 [DEBUG] [ODATA_CONTENT] Deserializing JSON value: expected type=VARCHAR, actual JSON type=null
2026-01-20 17:00:19.762 [DEBUG] [ODATA_CONTENT] Deserializing JSON value: expected type=VARCHAR, actual JSON type=string
2026-01-20 17:00:19.762 [DEBUG] [ODATA_CONTENT] Deserializing JSON value: expected type=VARCHAR, actual JSON type=null
2026-01-20 17:00:19.762 [DEBUG] [ODATA_CONTENT] Deserializing JSON value: expected type=VARCHAR, actual JSON type=null
2026-01-20 17:00:19.762 [DEBUG] [ODATA_CONTENT] Deserializing JSON value: expected type=INTEGER, actual JSON type=uint
2026-01-20 17:00:19.762 [DEBUG] [ODATA_CONTENT] Deserializing JSON value: expected type=TIMESTAMP, actual JSON type=string
2026-01-20 17:00:19.762 [DEBUG] [ODATA_CONTENT] Deserializing JSON value: expected type=TIMESTAMP, actual JSON type=string
2026-01-20 17:00:19.762 [DEBUG] [ODATA_CONTENT] Deserializing JSON value: expected type=BOOLEAN, actual JSON type=false
2026-01-20 17:00:19.762 [DEBUG] [ODATA_TO_ROWS] Total rows processed: 3
2026-01-20 17:00:19.762 [DEBUG] [ODATA_RESPONSE] Returning cached parsed content
2026-01-20 17:00:19.762 [DEBUG] [ODATA_READ_BIND] PrefetchFirstPage: buffered 3 rows, has_next_page=false
2026-01-20 17:00:19.762 [DEBUG] [ODATA_SCAN] Starting OData scan operation
2026-01-20 17:00:19.762 [DEBUG] [ODATA_SCAN] Fetching next result set
2026-01-20 17:00:19.762 [INFO] [ODATA_READ_BIND] GetResultNames called - service_root_mode: false
2026-01-20 17:00:19.763 [INFO] [ODATA_READ_BIND] GetResultTypes called - service_root_mode: false
2026-01-20 17:00:19.763 [DEBUG] [ODATA_READ_BIND] Final combined types size: 12
2026-01-20 17:00:19.763 [INFO] [ODATA_SCAN] Progress: 100.00% (3/3)
2026-01-20 17:00:19.763 [INFO] [ODATA_SCAN] Fetched 3 rows
2026-01-20 17:00:19.763 [DEBUG] [ODATA_SCAN] Starting OData scan operation
2026-01-20 17:00:19.763 [DEBUG] [ODATA_SCAN] No more results available
2026-01-20 17:00:22.446 [DEBUG] [HTTP_AUTH] No auth parameter provided, using registered secrets
2026-01-20 17:00:22.446 [DEBUG] [HTTP_AUTH] Found http_bearer secret for URL: http://localhost:4444/odata/ADMIN/app
2026-01-20 17:00:22.446 [DEBUG] [HTTP_REQUEST] Creating HTTP GET request
2026-01-20 17:00:22.446 [INFO] [HTTP_REQUEST] Request URL: http://localhost:4444/odata/ADMIN/app
2026-01-20 17:00:22.446 [DEBUG] [HTTP_HEADERS] No headers parameter provided
2026-01-20 17:00:22.446 [DEBUG] [HTTP_REQUEST] Request created with 0 bytes of content
2026-01-20 17:00:22.446 [DEBUG] [HTTP_HEADERS] Processing headers from type: MAP(VARCHAR, VARCHAR)
2026-01-20 17:00:22.446 [DEBUG] [HTTP_HEADERS] Processing 1 map entries
2026-01-20 17:00:22.446 [DEBUG] [HTTP_HEADERS] Added header: Accept = application/json
2026-01-20 17:00:22.446 [INFO] [HTTP_HEADERS] Final headers count: 1
2026-01-20 17:00:22.447 [DEBUG] [HTTP_AUTH] No auth parameter provided, using registered secrets
2026-01-20 17:00:22.447 [DEBUG] [HTTP_AUTH] Found http_bearer secret for URL: http://localhost:4444/odata/ADMIN/app
2026-01-20 17:00:22.447 [DEBUG] [HTTP_REQUEST] Creating HTTP GET request
2026-01-20 17:00:22.447 [INFO] [HTTP_REQUEST] Request URL: http://localhost:4444/odata/ADMIN/app
2026-01-20 17:00:22.447 [DEBUG] [HTTP_HEADERS] No headers parameter provided
2026-01-20 17:00:22.447 [DEBUG] [HTTP_REQUEST] Request created with 0 bytes of content
2026-01-20 17:00:22.447 [DEBUG] [HTTP_HEADERS] Processing headers from type: MAP(VARCHAR, VARCHAR)
2026-01-20 17:00:22.447 [DEBUG] [HTTP_HEADERS] Processing 1 map entries
2026-01-20 17:00:22.447 [DEBUG] [HTTP_HEADERS] Added header: Accept = application/json
2026-01-20 17:00:22.447 [INFO] [HTTP_HEADERS] Final headers count: 1
2026-01-20 17:00:22.448 [DEBUG] [HTTP_SCAN] Starting HTTP scan operation
2026-01-20 17:00:22.448 [INFO] [HTTP_REQUEST_REPRO] Reproduce with: SELECT * FROM http_get('http://localhost:4444/odata/ADMIN/app', headers := MAP{'Accept': 'application/json', 'Authorization': 'Bearer eyJhbGciOiJIUzI1NiJ9.eyJpc3MiOiJodHRwOi8vbG9jYWxob3N0OjQ0NDQiLCJzdWIiOiJ7XCJhY3RpdmVcIjp0cnVlLFwiZXhjbHVkZWRcIjpmYWxzZSxcImZpcnN0X25hbWVcIjpcIlN1cGVyXCIsXCJsYW5nX2lkXCI6MSxcImxhc3RfbmFtZVwiOlwiQWRtaW5cIixcInJvbGVfaWRcIjoxLFwidXNlcl9pZFwiOjEsXCJ1c2VybmFtZVwiOlwicm9vdFwifSIsImF1ZCI6WyJodHRwOi8vbG9jYWxob3N0OjQ0NDQiXSwiZXhwIjoxNzc0MDg0NzU1LjgzMzE4OTcsIm5iZiI6MTc2ODkwMDc1NS44MzMxOTA3LCJpYXQiOjE3Njg5MDA3NTUuODMzMTkwMn0.nKV-u4pSDHrsDNaaPkCnfXSs8jOtofXSggQ-MS5CtQA'}, url_encode := true);
2026-01-20 17:00:22.448 [INFO] [HTTP_REQUEST] Executing GET request to: /odata/ADMIN/app
2026-01-20 17:00:22.448 [DEBUG] [HTTP_REQUEST] Request headers:
2026-01-20 17:00:22.448 [DEBUG] [HTTP_REQUEST]   Accept: application/json
2026-01-20 17:00:22.448 [DEBUG] [HTTP_REQUEST]   Authorization: Bearer eyJhbGciOiJIUzI1NiJ9.eyJpc3MiOiJodHRwOi8vbG9jYWxob3N0OjQ0NDQiLCJzdWIiOiJ7XCJhY3RpdmVcIjp0cnVlLFwiZXhjbHVkZWRcIjpmYWxzZSxcImZpcnN0X25hbWVcIjpcIlN1cGVyXCIsXCJsYW5nX2lkXCI6MSxcImxhc3RfbmFtZVwiOlwiQWRtaW5cIixcInJvbGVfaWRcIjoxLFwidXNlcl9pZFwiOjEsXCJ1c2VybmFtZVwiOlwicm9vdFwifSIsImF1ZCI6WyJodHRwOi8vbG9jYWxob3N0OjQ0NDQiXSwiZXhwIjoxNzc0MDg0NzU1LjgzMzE4OTcsIm5iZiI6MTc2ODkwMDc1NS44MzMxOTA3LCJpYXQiOjE3Njg5MDA3NTUuODMzMTkwMn0.nKV-u4pSDHrsDNaaPkCnfXSs8jOtofXSggQ-MS5CtQA
2026-01-20 17:00:22.462 [INFO] [HTTP_RESPONSE] Response status: 200
2026-01-20 17:00:22.462 [DEBUG] [HTTP_RESPONSE] Response headers:
2026-01-20 17:00:22.462 [DEBUG] [HTTP_RESPONSE]   Access-Control-Allow-Headers: Content-Type, Authorization, enctype
2026-01-20 17:00:22.462 [DEBUG] [HTTP_RESPONSE]   Access-Control-Allow-Methods: GET, POST, PUT, DELETE, OPTIONS
2026-01-20 17:00:22.462 [DEBUG] [HTTP_RESPONSE]   Access-Control-Allow-Origin: *
2026-01-20 17:00:22.462 [DEBUG] [HTTP_RESPONSE]   Content-Length: 868
2026-01-20 17:00:22.462 [DEBUG] [HTTP_RESPONSE]   Content-Type: application/json; charset=utf-8
2026-01-20 17:00:22.462 [DEBUG] [HTTP_RESPONSE]   Date: Tue, 20 Jan 2026 18:00:22 GMT
2026-01-20 17:00:22.462 [DEBUG] [HTTP_RESPONSE]   Odata-Version: 4.01
2026-01-20 17:00:22.462 [DEBUG] [HTTP_RESPONSE]   Vary: Authorization
2026-01-20 17:00:22.462 [DEBUG] [HTTP_RESPONSE] Response body (868 bytes)
2026-01-20 17:00:22.462 [DEBUG] [HTTP_RESPONSE] Response body: {"@odata.context":"http://localhost:4444/odata/ADMIN/app","@odata.count":3,"value":[{"app":"ADMIN","app_desc":"Admin","app_id":1,"attach_logo":null,"config":"{}","created_at":"2025-11-05T18:55:00.130747Z","db":"ADMIN","email":null,"excluded":false,"updated_at":"2025-11-05T18:55:00.130747Z","user_id":1,"username":"root","version":"1.0.0"},{"app":"ETLX","app_desc":"ETLX UI in CS","app_id":2,"attach_logo":null,"config":null,"created_at":"2025-11-05T19:01:54.055156Z","db":"ETLX","email":null,"excluded":false,"updated_at":"2025-11-05T19:01:54.055156Z","user_id":1,"username":"root","version":"1.0.0"},{"app":"SAAS","app_desc":"CS SASS Backend","app_id":3,"attach_logo":null,"config":null,"created_at":"2026-01-10T18:53:52.783348Z","db":"SAAS","email":null,"excluded":false,"updated_at":"2026-01-10T18:53:52.783348Z","user_id":1,"username":"root","version":"1.0.0"}]}

2026-01-20 17:00:22.462 [DEBUG] [CHARSET_CONVERTER] Detected UTF-8 charset, using UTF-8 converter
2026-01-20 17:00:22.462 [DEBUG] [CHARSET_CONVERTER] Creating charset converter for content type: application/json; charset=utf-8
2026-01-20 17:00:22.462 [DEBUG] [CHARSET_CONVERTER] Charset converter initialized with charset: utf-8
2026-01-20 17:00:22.462 [DEBUG] [CHARSET_CONVERTER] Converting 868 bytes using charset: utf-8
2026-01-20 17:00:22.462 [DEBUG] [CHARSET_CONVERTER] Converting from bytes using charset: utf-8
2026-01-20 17:00:22.462 [DEBUG] [CHARSET_CONVERTER] Using default UTF-8 conversion
2026-01-20 17:00:22.463 [DEBUG] [CHARSET_CONVERTER] Using UTF-8 converter for output
2026-01-20 17:00:22.463 [INFO] [HTTP_SCAN] Successfully fetched 1 rows
2026-01-20 17:00:22.463 [DEBUG] [HTTP_SCAN] Starting HTTP scan operation
2026-01-20 17:00:22.463 [DEBUG] [HTTP_SCAN] No more results available
2026-01-20 17:00:24.203 [DEBUG] [HTTP_AUTH] Found http_bearer secret for URL: http://localhost:4444/odata/ADMIN
2026-01-20 17:00:31.163 [INFO] [ODATA_CLIENT] ODataServiceClient::GetMetadata() called - handling V2/V4 compatibility
2026-01-20 17:00:31.163 [DEBUG] [ODATA_CLIENT] DoHttpGet: calling AddInputParametersToUrl
2026-01-20 17:00:31.163 [DEBUG] [ODATA_CLIENT] DoHttpGet: URL after input parameters: http://localhost:4444/odata/ADMIN
2026-01-20 17:00:31.163 [INFO] [HTTP_REQUEST_REPRO] Reproduce with: SELECT * FROM http_get('http://localhost:4444/odata/ADMIN', headers := MAP{'Accept': 'application/json;odata.metadata=minimal', 'Authorization': 'Bearer eyJhbGciOiJIUzI1NiJ9.eyJpc3MiOiJodHRwOi8vbG9jYWxob3N0OjQ0NDQiLCJzdWIiOiJ7XCJhY3RpdmVcIjp0cnVlLFwiZXhjbHVkZWRcIjpmYWxzZSxcImZpcnN0X25hbWVcIjpcIlN1cGVyXCIsXCJsYW5nX2lkXCI6MSxcImxhc3RfbmFtZVwiOlwiQWRtaW5cIixcInJvbGVfaWRcIjoxLFwidXNlcl9pZFwiOjEsXCJ1c2VybmFtZVwiOlwicm9vdFwifSIsImF1ZCI6WyJodHRwOi8vbG9jYWxob3N0OjQ0NDQiXSwiZXhwIjoxNzc0MDg0NzU1LjgzMzE4OTcsIm5iZiI6MTc2ODkwMDc1NS44MzMxOTA3LCJpYXQiOjE3Njg5MDA3NTUuODMzMTkwMn0.nKV-u4pSDHrsDNaaPkCnfXSs8jOtofXSggQ-MS5CtQA', 'OData-MaxVersion': '4.0', 'OData-Version': '4.0'}, url_encode := true);
2026-01-20 17:00:31.163 [INFO] [HTTP_REQUEST] Executing GET request to: /odata/ADMIN
2026-01-20 17:00:31.163 [DEBUG] [HTTP_REQUEST] Request headers:
2026-01-20 17:00:31.163 [DEBUG] [HTTP_REQUEST]   Accept: application/json;odata.metadata=minimal
2026-01-20 17:00:31.163 [DEBUG] [HTTP_REQUEST]   Authorization: Bearer eyJhbGciOiJIUzI1NiJ9.eyJpc3MiOiJodHRwOi8vbG9jYWxob3N0OjQ0NDQiLCJzdWIiOiJ7XCJhY3RpdmVcIjp0cnVlLFwiZXhjbHVkZWRcIjpmYWxzZSxcImZpcnN0X25hbWVcIjpcIlN1cGVyXCIsXCJsYW5nX2lkXCI6MSxcImxhc3RfbmFtZVwiOlwiQWRtaW5cIixcInJvbGVfaWRcIjoxLFwidXNlcl9pZFwiOjEsXCJ1c2VybmFtZVwiOlwicm9vdFwifSIsImF1ZCI6WyJodHRwOi8vbG9jYWxob3N0OjQ0NDQiXSwiZXhwIjoxNzc0MDg0NzU1LjgzMzE4OTcsIm5iZiI6MTc2ODkwMDc1NS44MzMxOTA3LCJpYXQiOjE3Njg5MDA3NTUuODMzMTkwMn0.nKV-u4pSDHrsDNaaPkCnfXSs8jOtofXSggQ-MS5CtQA
2026-01-20 17:00:31.163 [DEBUG] [HTTP_REQUEST]   OData-MaxVersion: 4.0
2026-01-20 17:00:31.163 [DEBUG] [HTTP_REQUEST]   OData-Version: 4.0
2026-01-20 17:00:31.181 [INFO] [HTTP_RESPONSE] Response status: 200
2026-01-20 17:00:31.181 [DEBUG] [HTTP_RESPONSE] Response headers:
2026-01-20 17:00:31.181 [DEBUG] [HTTP_RESPONSE]   Access-Control-Allow-Headers: Content-Type, Authorization, enctype
2026-01-20 17:00:31.181 [DEBUG] [HTTP_RESPONSE]   Access-Control-Allow-Methods: GET, POST, PUT, DELETE, OPTIONS
2026-01-20 17:00:31.181 [DEBUG] [HTTP_RESPONSE]   Access-Control-Allow-Origin: *
2026-01-20 17:00:31.181 [DEBUG] [HTTP_RESPONSE]   Content-Type: application/xml
2026-01-20 17:00:31.181 [DEBUG] [HTTP_RESPONSE]   Date: Tue, 20 Jan 2026 18:00:31 GMT
2026-01-20 17:00:31.181 [DEBUG] [HTTP_RESPONSE]   Odata-Version: 4.01
2026-01-20 17:00:31.181 [DEBUG] [HTTP_RESPONSE]   Transfer-Encoding: chunked
2026-01-20 17:00:31.181 [DEBUG] [HTTP_RESPONSE]   Vary: Authorization
2026-01-20 17:00:31.181 [DEBUG] [HTTP_RESPONSE] Response body (54496 bytes)
2026-01-20 17:00:31.181 [DEBUG] [HTTP_RESPONSE] Response body (truncated): <?xml version="1.0" encoding="utf-8"?>
<edmx:Edmx Version="4.01"
 xmlns:edmx="http://docs.oasis-open.org/odata/ns/edmx"
 xmlns="http://docs.oasis-open.org/odata/ns/edm">
 <edmx:DataServices><Schema Namespace="ADMIN"><EntityType Name="table_schema"><Key><PropertyRef Name="table_schema_id"/></Key><Property Name="table_schema_id" Type="Edm.Int32" Nullable="false"/><Property Name="db" Type="Edm.String" Nullable="false"/><Property Name="table" Type="Edm.String" Nullable="false"/><Property Name="field" Type="Edm.String" Nullable="false"/><Property Name="type" Type="Edm.String" Nullable="false"/><Property Name="comment" Type="Edm.String" Nullable="true"/><Property Name="pk" Type="Edm.Boolean" Nullable="true"/><Property Name="autoincrement" Type="Edm.Boolean" Nullable="true"/><Property Name="nullable" Type="Edm.Boolean" Nullable="true"/><Property Name="computed" Type="Edm.Boolean" Nullable="true"/><Property Name="default" Type="Edm.Boolean" Nullable="true"/><Property Name="fk" Type="Edm.Boolea...
2026-01-20 17:00:31.181 [DEBUG] [ODATA_RESPONSE] Created OData service response
2026-01-20 17:00:31.181 [DEBUG] [ODATA_RESPONSE] Response content type: application/xml
2026-01-20 17:00:31.181 [DEBUG] [ODATA_RESPONSE] OData version: V4
2026-01-20 17:00:31.181 [DEBUG] [ODATA_RESPONSE] Parsing HTTP response content
2026-01-20 17:00:31.181 [DEBUG] [ODATA_RESPONSE] Content type: application/xml
2026-01-20 17:00:31.181 [DEBUG] [CHARSET_CONVERTER] No charset specified, defaulting to UTF-8 converter
2026-01-20 17:00:31.181 [DEBUG] [CHARSET_CONVERTER] Creating charset converter for content type: application/xml
2026-01-20 17:00:31.181 [DEBUG] [CHARSET_CONVERTER] Charset converter initialized with charset: utf-8
2026-01-20 17:00:31.182 [DEBUG] [CHARSET_CONVERTER] Converting 54496 bytes using charset: utf-8
2026-01-20 17:00:31.182 [DEBUG] [CHARSET_CONVERTER] Converting from bytes using charset: utf-8
2026-01-20 17:00:31.182 [DEBUG] [CHARSET_CONVERTER] Using default UTF-8 conversion
2026-01-20 17:00:31.182 [DEBUG] [CHARSET_CONVERTER] Using UTF-8 converter for output
2026-01-20 17:00:31.182 [DEBUG] [ODATA_RESPONSE] Content size: 54496 bytes
2026-01-20 17:00:31.182 [DEBUG] [CHARSET_CONVERTER] No charset specified, defaulting to UTF-8 converter
2026-01-20 17:00:31.182 [DEBUG] [CHARSET_CONVERTER] Creating charset converter for content type: application/xml
2026-01-20 17:00:31.182 [DEBUG] [CHARSET_CONVERTER] Charset converter initialized with charset: utf-8
2026-01-20 17:00:31.182 [DEBUG] [CHARSET_CONVERTER] Converting 54496 bytes using charset: utf-8
2026-01-20 17:00:31.182 [DEBUG] [CHARSET_CONVERTER] Converting from bytes using charset: utf-8
2026-01-20 17:00:31.182 [DEBUG] [CHARSET_CONVERTER] Using default UTF-8 conversion
2026-01-20 17:00:31.183 [DEBUG] [CHARSET_CONVERTER] Using UTF-8 converter for output
2026-01-20 17:00:31.183 [WARN] [ODATA_CLIENT] Service root request failed: Unsupported OData content type: application/xml, falling back to direct $metadata URL
2026-01-20 17:00:31.202 [DEBUG] [ODATA_READ_BIND] Standard OData v4 URL detected, using conventional metadata approach
2026-01-20 17:00:31.203 [DEBUG] [ODATA_READ_BIND] Standard OData v4 URL detected, using conventional metadata approach
2026-01-20 17:00:31.203 [DEBUG] [ODATA_READ_BIND] Activating columns: 0, 1, 5, 11, 
2026-01-20 17:00:31.203 [DEBUG] [ODATA_READ_BIND] Mapping activated index 0 to original index 0
2026-01-20 17:00:31.203 [DEBUG] [ODATA_READ_BIND] Mapping activated index 1 to original index 1
2026-01-20 17:00:31.203 [DEBUG] [ODATA_READ_BIND] Mapping activated index 2 to original index 5
2026-01-20 17:00:31.203 [DEBUG] [ODATA_READ_BIND] Mapping activated index 3 to original index 11
2026-01-20 17:00:31.203 [DEBUG] [ODATA_READ_BIND] ActivateColumns: service_root_mode_ = false
2026-01-20 17:00:31.203 [DEBUG] [ODATA_READ_BIND] Creating new predicate pushdown helper
2026-01-20 17:00:31.203 [INFO] [ODATA_CLIENT] Resolved metadata URL: http://localhost:4444/odata/ADMIN/$metadata
2026-01-20 17:00:31.203 [DEBUG] [ODATA_CLIENT] GetCurrentEntitySetType called
2026-01-20 17:00:31.203 [DEBUG] [ODATA_CLIENT] Current URL path: /odata/ADMIN/app
2026-01-20 17:00:31.203 [DEBUG] [ODATA_CLIENT] Input parameters count: 0
2026-01-20 17:00:31.203 [DEBUG] [ODATA_CLIENT] Current entity name from fragment: empty
2026-01-20 17:00:31.203 [DEBUG] [ODATA_CLIENT] No entity name from @odata.context; deferring to metadata lookup
2026-01-20 17:00:31.203 [DEBUG] [ODATA_CLIENT] Final entity set name: 
2026-01-20 17:00:31.203 [DEBUG] [ODATA_CLIENT] Using stored metadata context URL: http://localhost:4444/odata/ADMIN/$metadata
2026-01-20 17:00:31.203 [DEBUG] [ODATA_CLIENT] Derived entity set candidate from URL: app
2026-01-20 17:00:31.203 [DEBUG] [ODATA_CLIENT] Resolved entity set from URL path: app
2026-01-20 17:00:31.203 [DEBUG] [ODATA_CLIENT] Using stored metadata context URL: http://localhost:4444/odata/ADMIN/$metadata
2026-01-20 17:00:31.204 [DEBUG] [ODATA_CLIENT] GetCurrentEntitySetType called
2026-01-20 17:00:31.204 [DEBUG] [ODATA_CLIENT] Current URL path: /odata/ADMIN/app
2026-01-20 17:00:31.204 [DEBUG] [ODATA_CLIENT] Input parameters count: 0
2026-01-20 17:00:31.204 [DEBUG] [ODATA_CLIENT] Current entity name from fragment: empty
2026-01-20 17:00:31.204 [DEBUG] [ODATA_CLIENT] No entity name from @odata.context; deferring to metadata lookup
2026-01-20 17:00:31.204 [DEBUG] [ODATA_CLIENT] Final entity set name: 
2026-01-20 17:00:31.204 [DEBUG] [ODATA_CLIENT] Using stored metadata context URL: http://localhost:4444/odata/ADMIN/$metadata
2026-01-20 17:00:31.204 [DEBUG] [ODATA_CLIENT] Derived entity set candidate from URL: app
2026-01-20 17:00:31.204 [DEBUG] [ODATA_CLIENT] Resolved entity set from URL path: app
2026-01-20 17:00:31.204 [DEBUG] [ODATA_CLIENT] Using stored metadata context URL: http://localhost:4444/odata/ADMIN/$metadata
2026-01-20 17:00:31.204 [DEBUG] [ODATA_CLIENT] Using stored metadata context URL: http://localhost:4444/odata/ADMIN/$metadata
2026-01-20 17:00:31.204 [DEBUG] [ODATA_CLIENT] GetCurrentEntitySetType called
2026-01-20 17:00:31.204 [DEBUG] [ODATA_CLIENT] Current URL path: /odata/ADMIN/app
2026-01-20 17:00:31.204 [DEBUG] [ODATA_CLIENT] Input parameters count: 0
2026-01-20 17:00:31.204 [DEBUG] [ODATA_CLIENT] Current entity name from fragment: empty
2026-01-20 17:00:31.204 [DEBUG] [ODATA_CLIENT] No entity name from @odata.context; deferring to metadata lookup
2026-01-20 17:00:31.204 [DEBUG] [ODATA_CLIENT] Final entity set name: 
2026-01-20 17:00:31.204 [DEBUG] [ODATA_CLIENT] Using stored metadata context URL: http://localhost:4444/odata/ADMIN/$metadata
2026-01-20 17:00:31.204 [DEBUG] [ODATA_CLIENT] Derived entity set candidate from URL: app
2026-01-20 17:00:31.204 [DEBUG] [ODATA_CLIENT] Resolved entity set from URL path: app
2026-01-20 17:00:31.204 [DEBUG] [ODATA_CLIENT] Using stored metadata context URL: http://localhost:4444/odata/ADMIN/$metadata
2026-01-20 17:00:31.204 [DEBUG] [ODATA_CLIENT] Using stored metadata context URL: http://localhost:4444/odata/ADMIN/$metadata
2026-01-20 17:00:31.205 [DEBUG] [ODATA_READ_BIND] Using OData client column names for predicate pushdown: 12 columns
2026-01-20 17:00:31.205 [DEBUG] [PREDICATE_PUSHDOWN] Created predicate pushdown helper with 12 columns
2026-01-20 17:00:31.205 [DEBUG] [PREDICATE_PUSHDOWN] Column 0: app_id
2026-01-20 17:00:31.205 [DEBUG] [PREDICATE_PUSHDOWN] Column 1: app
2026-01-20 17:00:31.205 [DEBUG] [PREDICATE_PUSHDOWN] Column 2: app_desc
2026-01-20 17:00:31.205 [DEBUG] [PREDICATE_PUSHDOWN] Column 3: version
2026-01-20 17:00:31.205 [DEBUG] [PREDICATE_PUSHDOWN] Column 4: email
2026-01-20 17:00:31.205 [DEBUG] [PREDICATE_PUSHDOWN] Column 5: db
2026-01-20 17:00:31.205 [DEBUG] [PREDICATE_PUSHDOWN] Column 6: attach_logo
2026-01-20 17:00:31.205 [DEBUG] [PREDICATE_PUSHDOWN] Column 7: config
2026-01-20 17:00:31.205 [DEBUG] [PREDICATE_PUSHDOWN] Column 8: user_id
2026-01-20 17:00:31.205 [DEBUG] [PREDICATE_PUSHDOWN] Column 9: created_at
2026-01-20 17:00:31.205 [DEBUG] [PREDICATE_PUSHDOWN] Column 10: updated_at
2026-01-20 17:00:31.205 [DEBUG] [PREDICATE_PUSHDOWN] Column 11: excluded
2026-01-20 17:00:31.205 [DEBUG] [PREDICATE_PUSHDOWN] Set OData version to: V4
2026-01-20 17:00:31.205 [DEBUG] [ODATA_READ_BIND] Set OData version V4 on predicate pushdown helper
2026-01-20 17:00:31.205 [DEBUG] [PREDICATE_PUSHDOWN] Column name resolver set
2026-01-20 17:00:31.205 [DEBUG] [PREDICATE_PUSHDOWN] Consuming column selection: 4 columns
2026-01-20 17:00:31.205 [DEBUG] [PREDICATE_PUSHDOWN] Building select clause for 4 columns
2026-01-20 17:00:31.205 [DEBUG] [PREDICATE_PUSHDOWN] Non-rowid columns: 4 out of 12
2026-01-20 17:00:31.205 [DEBUG] [ODATA_CLIENT] Using stored metadata context URL: http://localhost:4444/odata/ADMIN/$metadata
2026-01-20 17:00:31.205 [DEBUG] [ODATA_CLIENT] GetCurrentEntitySetType called
2026-01-20 17:00:31.205 [DEBUG] [ODATA_CLIENT] Current URL path: /odata/ADMIN/app
2026-01-20 17:00:31.205 [DEBUG] [ODATA_CLIENT] Input parameters count: 0
2026-01-20 17:00:31.205 [DEBUG] [ODATA_CLIENT] Current entity name from fragment: empty
2026-01-20 17:00:31.205 [DEBUG] [ODATA_CLIENT] No entity name from @odata.context; deferring to metadata lookup
2026-01-20 17:00:31.205 [DEBUG] [ODATA_CLIENT] Final entity set name: 
2026-01-20 17:00:31.205 [DEBUG] [ODATA_CLIENT] Using stored metadata context URL: http://localhost:4444/odata/ADMIN/$metadata
2026-01-20 17:00:31.205 [DEBUG] [ODATA_CLIENT] Derived entity set candidate from URL: app
2026-01-20 17:00:31.205 [DEBUG] [ODATA_CLIENT] Resolved entity set from URL path: app
2026-01-20 17:00:31.205 [DEBUG] [ODATA_CLIENT] Using stored metadata context URL: http://localhost:4444/odata/ADMIN/$metadata
2026-01-20 17:00:31.206 [DEBUG] [ODATA_CLIENT] GetCurrentEntitySetType called
2026-01-20 17:00:31.206 [DEBUG] [ODATA_CLIENT] Current URL path: /odata/ADMIN/app
2026-01-20 17:00:31.206 [DEBUG] [ODATA_CLIENT] Input parameters count: 0
2026-01-20 17:00:31.206 [DEBUG] [ODATA_CLIENT] Current entity name from fragment: empty
2026-01-20 17:00:31.206 [DEBUG] [ODATA_CLIENT] No entity name from @odata.context; deferring to metadata lookup
2026-01-20 17:00:31.206 [DEBUG] [ODATA_CLIENT] Final entity set name: 
2026-01-20 17:00:31.206 [DEBUG] [ODATA_CLIENT] Using stored metadata context URL: http://localhost:4444/odata/ADMIN/$metadata
2026-01-20 17:00:31.206 [DEBUG] [ODATA_CLIENT] Derived entity set candidate from URL: app
2026-01-20 17:00:31.206 [DEBUG] [ODATA_CLIENT] Resolved entity set from URL path: app
2026-01-20 17:00:31.206 [DEBUG] [ODATA_CLIENT] Using stored metadata context URL: http://localhost:4444/odata/ADMIN/$metadata
2026-01-20 17:00:31.206 [DEBUG] [ODATA_CLIENT] Using stored metadata context URL: http://localhost:4444/odata/ADMIN/$metadata
2026-01-20 17:00:31.206 [DEBUG] [ODATA_CLIENT] GetCurrentEntitySetType called
2026-01-20 17:00:31.206 [DEBUG] [ODATA_CLIENT] Current URL path: /odata/ADMIN/app
2026-01-20 17:00:31.206 [DEBUG] [ODATA_CLIENT] Input parameters count: 0
2026-01-20 17:00:31.206 [DEBUG] [ODATA_CLIENT] Current entity name from fragment: empty
2026-01-20 17:00:31.206 [DEBUG] [ODATA_CLIENT] No entity name from @odata.context; deferring to metadata lookup
2026-01-20 17:00:31.206 [DEBUG] [ODATA_CLIENT] Final entity set name: 
2026-01-20 17:00:31.206 [DEBUG] [ODATA_CLIENT] Using stored metadata context URL: http://localhost:4444/odata/ADMIN/$metadata
2026-01-20 17:00:31.206 [DEBUG] [ODATA_CLIENT] Derived entity set candidate from URL: app
2026-01-20 17:00:31.206 [DEBUG] [ODATA_CLIENT] Resolved entity set from URL path: app
2026-01-20 17:00:31.206 [DEBUG] [ODATA_CLIENT] Using stored metadata context URL: http://localhost:4444/odata/ADMIN/$metadata
2026-01-20 17:00:31.206 [DEBUG] [ODATA_CLIENT] Using stored metadata context URL: http://localhost:4444/odata/ADMIN/$metadata
2026-01-20 17:00:31.207 [DEBUG] [PREDICATE_PUSHDOWN] Added field to select: app_id
2026-01-20 17:00:31.207 [DEBUG] [PREDICATE_PUSHDOWN] Added field to select: app
2026-01-20 17:00:31.207 [DEBUG] [PREDICATE_PUSHDOWN] Added field to select: db
2026-01-20 17:00:31.207 [DEBUG] [PREDICATE_PUSHDOWN] Added field to select: excluded
2026-01-20 17:00:31.207 [DEBUG] [PREDICATE_PUSHDOWN] Built select clause: $select=app_id,app,db,excluded
2026-01-20 17:00:31.207 [DEBUG] [PREDICATE_PUSHDOWN] Built select clause: $select=app_id,app,db,excluded
2026-01-20 17:00:31.207 [DEBUG] [ODATA_READ_BIND] Select clause: $select=app_id,app,db,excluded
2026-01-20 17:00:31.207 [DEBUG] [ODATA_READ_BIND] Adding 1 filters: Column 0: c0=1

2026-01-20 17:00:31.207 [DEBUG] [PREDICATE_PUSHDOWN] Building filter clause
2026-01-20 17:00:31.207 [DEBUG] [PREDICATE_PUSHDOWN] Processing 1 filters
2026-01-20 17:00:31.207 [DEBUG] [PREDICATE_PUSHDOWN] Processing filter for DuckDB column index: 0
2026-01-20 17:00:31.207 [DEBUG] [PREDICATE_PUSHDOWN] Total columns available: 12
2026-01-20 17:00:31.207 [DEBUG] [PREDICATE_PUSHDOWN] Column name resolver mapped index 0 to: app_id
2026-01-20 17:00:31.207 [DEBUG] [PREDICATE_PUSHDOWN] Translating filter for column 'app_id' with filter type: 0
2026-01-20 17:00:31.207 [DEBUG] [PREDICATE_PUSHDOWN] Translating constant comparison for column 'app_id'
2026-01-20 17:00:31.207 [DEBUG] [PREDICATE_PUSHDOWN] Constant value: '1' (type: INTEGER)
2026-01-20 17:00:31.207 [DEBUG] [PREDICATE_PUSHDOWN] Using comparison operator: eq
2026-01-20 17:00:31.207 [DEBUG] [PREDICATE_PUSHDOWN] Added numeric value without quotes: 1
2026-01-20 17:00:31.207 [DEBUG] [PREDICATE_PUSHDOWN] Final constant comparison: 'app_id eq 1'
2026-01-20 17:00:31.207 [DEBUG] [PREDICATE_PUSHDOWN] Translated filter result: 'app_id eq 1'
2026-01-20 17:00:31.207 [DEBUG] [PREDICATE_PUSHDOWN] Valid filter: app_id eq 1
2026-01-20 17:00:31.207 [DEBUG] [PREDICATE_PUSHDOWN] Built filter clause (smart-encoded): $filter=app_id%20eq%201
2026-01-20 17:00:31.207 [DEBUG] [PREDICATE_PUSHDOWN] Built filter clause: $filter=app_id%20eq%201
2026-01-20 17:00:31.207 [DEBUG] [ODATA_READ_BIND] Filter clause: $filter=app_id%20eq%201
2026-01-20 17:00:31.207 [DEBUG] [ODATA_READ_BIND] Updating URL from predicate pushdown
2026-01-20 17:00:31.207 [DEBUG] [ODATA_READ_BIND] Original URL: http://localhost:4444/odata/ADMIN/app?$format=json
2026-01-20 17:00:31.207 [DEBUG] [PREDICATE_PUSHDOWN] Applying filters to URL: http://localhost:4444/odata/ADMIN/app?$format=json
2026-01-20 17:00:31.207 [DEBUG] [PREDICATE_PUSHDOWN] Select clause: '$select=app_id,app,db,excluded'
2026-01-20 17:00:31.207 [DEBUG] [PREDICATE_PUSHDOWN] Filter clause: '$filter=app_id%20eq%201'
2026-01-20 17:00:31.207 [DEBUG] [PREDICATE_PUSHDOWN] Top clause: ''
2026-01-20 17:00:31.207 [DEBUG] [PREDICATE_PUSHDOWN] Skip clause: ''
2026-01-20 17:00:31.207 [DEBUG] [PREDICATE_PUSHDOWN] Expand clause: ''
2026-01-20 17:00:31.207 [DEBUG] [PREDICATE_PUSHDOWN] Set param '$select' = 'app_id,app,db,excluded'
2026-01-20 17:00:31.207 [DEBUG] [PREDICATE_PUSHDOWN] Set param '$filter' = 'app_id%20eq%201'
2026-01-20 17:00:31.207 [DEBUG] [PREDICATE_PUSHDOWN] Final query: '?$filter=app_id%20eq%201&$format=json&$select=app_id,app,db,excluded'
2026-01-20 17:00:31.207 [INFO] [PREDICATE_PUSHDOWN] Updated URL: http://localhost:4444/odata/ADMIN/app?$filter=app_id%20eq%201&$format=json&$select=app_id,app,db,excluded
2026-01-20 17:00:31.207 [DEBUG] [ODATA_READ_BIND] Updated URL: http://localhost:4444/odata/ADMIN/app?$filter=app_id%20eq%201&$format=json&$select=app_id,app,db,excluded
2026-01-20 17:00:31.207 [DEBUG] [ODATA_READ_BIND] PrefetchFirstPage: service_root_mode_ = false
2026-01-20 17:00:31.207 [DEBUG] [ODATA_READ_BIND] PrefetchFirstPage: starting first page fetch
2026-01-20 17:00:31.207 [INFO] [ODATA_CLIENT] Fetching OData request from: http://localhost:4444/odata/ADMIN/app?$filter=app_id%20eq%201&$format=json&$select=app_id,app,db,excluded (get_next: 0)
2026-01-20 17:00:31.207 [INFO] [ODATA_CLIENT] Resolved metadata URL: http://localhost:4444/odata/ADMIN/$metadata
2026-01-20 17:00:31.207 [DEBUG] [ODATA_CLIENT] Using cached metadata, detected version: V4
2026-01-20 17:00:31.207 [DEBUG] [ODATA_CLIENT] Executing HTTP GET request
2026-01-20 17:00:31.207 [DEBUG] [ODATA_CLIENT] DoHttpGet: calling AddInputParametersToUrl
2026-01-20 17:00:31.207 [INFO] [ODATA_CLIENT] AddInputParametersToUrl called with 0 parameters on client at 94622407021152
2026-01-20 17:00:31.207 [INFO] [ODATA_CLIENT] No input parameters to add
2026-01-20 17:00:31.207 [DEBUG] [ODATA_CLIENT] DoHttpGet: URL after input parameters: http://localhost:4444/odata/ADMIN/app?$filter=app_id%20eq%201&$format=json&$select=app_id,app,db,excluded
2026-01-20 17:00:31.208 [INFO] [HTTP_REQUEST_REPRO] Reproduce with: SELECT * FROM http_get('http://localhost:4444/odata/ADMIN/app?$filter=app_id%20eq%201&$format=json&$select=app_id,app,db,excluded', headers := MAP{'Accept': 'application/json;odata.metadata=minimal', 'Authorization': 'Bearer eyJhbGciOiJIUzI1NiJ9.eyJpc3MiOiJodHRwOi8vbG9jYWxob3N0OjQ0NDQiLCJzdWIiOiJ7XCJhY3RpdmVcIjp0cnVlLFwiZXhjbHVkZWRcIjpmYWxzZSxcImZpcnN0X25hbWVcIjpcIlN1cGVyXCIsXCJsYW5nX2lkXCI6MSxcImxhc3RfbmFtZVwiOlwiQWRtaW5cIixcInJvbGVfaWRcIjoxLFwidXNlcl9pZFwiOjEsXCJ1c2VybmFtZVwiOlwicm9vdFwifSIsImF1ZCI6WyJodHRwOi8vbG9jYWxob3N0OjQ0NDQiXSwiZXhwIjoxNzc0MDg0NzU1LjgzMzE4OTcsIm5iZiI6MTc2ODkwMDc1NS44MzMxOTA3LCJpYXQiOjE3Njg5MDA3NTUuODMzMTkwMn0.nKV-u4pSDHrsDNaaPkCnfXSs8jOtofXSggQ-MS5CtQA', 'OData-MaxVersion': '4.0', 'OData-Version': '4.0'}, url_encode := false);
2026-01-20 17:00:31.208 [INFO] [HTTP_REQUEST] Executing GET request to: /odata/ADMIN/app?$filter=app_id%20eq%201&$format=json&$select=app_id,app,db,excluded
2026-01-20 17:00:31.208 [DEBUG] [HTTP_REQUEST] Request headers:
2026-01-20 17:00:31.208 [DEBUG] [HTTP_REQUEST]   Accept: application/json;odata.metadata=minimal
2026-01-20 17:00:31.208 [DEBUG] [HTTP_REQUEST]   Authorization: Bearer eyJhbGciOiJIUzI1NiJ9.eyJpc3MiOiJodHRwOi8vbG9jYWxob3N0OjQ0NDQiLCJzdWIiOiJ7XCJhY3RpdmVcIjp0cnVlLFwiZXhjbHVkZWRcIjpmYWxzZSxcImZpcnN0X25hbWVcIjpcIlN1cGVyXCIsXCJsYW5nX2lkXCI6MSxcImxhc3RfbmFtZVwiOlwiQWRtaW5cIixcInJvbGVfaWRcIjoxLFwidXNlcl9pZFwiOjEsXCJ1c2VybmFtZVwiOlwicm9vdFwifSIsImF1ZCI6WyJodHRwOi8vbG9jYWxob3N0OjQ0NDQiXSwiZXhwIjoxNzc0MDg0NzU1LjgzMzE4OTcsIm5iZiI6MTc2ODkwMDc1NS44MzMxOTA3LCJpYXQiOjE3Njg5MDA3NTUuODMzMTkwMn0.nKV-u4pSDHrsDNaaPkCnfXSs8jOtofXSggQ-MS5CtQA
2026-01-20 17:00:31.208 [DEBUG] [HTTP_REQUEST]   OData-MaxVersion: 4.0
2026-01-20 17:00:31.208 [DEBUG] [HTTP_REQUEST]   OData-Version: 4.0
2026-01-20 17:00:31.220 [INFO] [HTTP_RESPONSE] Response status: 200
2026-01-20 17:00:31.220 [DEBUG] [HTTP_RESPONSE] Response headers:
2026-01-20 17:00:31.220 [DEBUG] [HTTP_RESPONSE]   Access-Control-Allow-Headers: Content-Type, Authorization, enctype
2026-01-20 17:00:31.220 [DEBUG] [HTTP_RESPONSE]   Access-Control-Allow-Methods: GET, POST, PUT, DELETE, OPTIONS
2026-01-20 17:00:31.220 [DEBUG] [HTTP_RESPONSE]   Access-Control-Allow-Origin: *
2026-01-20 17:00:31.220 [DEBUG] [HTTP_RESPONSE]   Content-Length: 161
2026-01-20 17:00:31.220 [DEBUG] [HTTP_RESPONSE]   Content-Type: application/json; charset=utf-8
2026-01-20 17:00:31.220 [DEBUG] [HTTP_RESPONSE]   Date: Tue, 20 Jan 2026 18:00:31 GMT
2026-01-20 17:00:31.220 [DEBUG] [HTTP_RESPONSE]   Odata-Version: 4.01
2026-01-20 17:00:31.220 [DEBUG] [HTTP_RESPONSE]   Vary: Authorization
2026-01-20 17:00:31.220 [DEBUG] [HTTP_RESPONSE] Response body (161 bytes)
2026-01-20 17:00:31.220 [DEBUG] [HTTP_RESPONSE] Response body: {"@odata.context":"http://localhost:4444/odata/ADMIN/app","@odata.count":1,"value":[{"app":"ADMIN","app_id":1,"db":"ADMIN","excluded":false,"username":"root"}]}

2026-01-20 17:00:31.221 [DEBUG] [ODATA_CLIENT] Creating OData response object
2026-01-20 17:00:31.221 [DEBUG] [ODATA_RESPONSE] Created OData entity set response
2026-01-20 17:00:31.221 [DEBUG] [ODATA_RESPONSE] Response content type: application/json; charset=utf-8
2026-01-20 17:00:31.221 [DEBUG] [ODATA_RESPONSE] OData version: V4
2026-01-20 17:00:31.221 [DEBUG] [ODATA_CLIENT] Successfully created OData response
2026-01-20 17:00:31.221 [DEBUG] [ODATA_RESPONSE] Parsing HTTP response content
2026-01-20 17:00:31.221 [DEBUG] [ODATA_RESPONSE] Content type: application/json; charset=utf-8
2026-01-20 17:00:31.221 [DEBUG] [CHARSET_CONVERTER] Detected UTF-8 charset, using UTF-8 converter
2026-01-20 17:00:31.221 [DEBUG] [CHARSET_CONVERTER] Creating charset converter for content type: application/json; charset=utf-8
2026-01-20 17:00:31.221 [DEBUG] [CHARSET_CONVERTER] Charset converter initialized with charset: utf-8
2026-01-20 17:00:31.221 [DEBUG] [CHARSET_CONVERTER] Converting 161 bytes using charset: utf-8
2026-01-20 17:00:31.221 [DEBUG] [CHARSET_CONVERTER] Converting from bytes using charset: utf-8
2026-01-20 17:00:31.221 [DEBUG] [CHARSET_CONVERTER] Using default UTF-8 conversion
2026-01-20 17:00:31.221 [DEBUG] [CHARSET_CONVERTER] Using UTF-8 converter for output
2026-01-20 17:00:31.221 [DEBUG] [ODATA_RESPONSE] Content size: 161 bytes
2026-01-20 17:00:31.221 [DEBUG] [CHARSET_CONVERTER] Detected UTF-8 charset, using UTF-8 converter
2026-01-20 17:00:31.221 [DEBUG] [CHARSET_CONVERTER] Creating charset converter for content type: application/json; charset=utf-8
2026-01-20 17:00:31.221 [DEBUG] [CHARSET_CONVERTER] Charset converter initialized with charset: utf-8
2026-01-20 17:00:31.221 [DEBUG] [CHARSET_CONVERTER] Converting 161 bytes using charset: utf-8
2026-01-20 17:00:31.221 [DEBUG] [CHARSET_CONVERTER] Converting from bytes using charset: utf-8
2026-01-20 17:00:31.221 [DEBUG] [CHARSET_CONVERTER] Using default UTF-8 conversion
2026-01-20 17:00:31.221 [DEBUG] [CHARSET_CONVERTER] Using UTF-8 converter for output
2026-01-20 17:00:31.221 [DEBUG] [ODATA_CONTENT] Creating OData content from response
2026-01-20 17:00:31.221 [DEBUG] [ODATA_CONTENT] Content type: application/json; charset=utf-8
2026-01-20 17:00:31.221 [DEBUG] [ODATA_CONTENT] Content size: 161 bytes
2026-01-20 17:00:31.221 [DEBUG] [DETECT_VERSION] Starting OData version detection
2026-01-20 17:00:31.221 [DEBUG] [DETECT_VERSION] Found 'value' array, detecting as V4
2026-01-20 17:00:31.221 [DEBUG] [ODATA_CONTENT] Detected OData version from response: V4
2026-01-20 17:00:31.221 [DEBUG] [ODATA_CONTENT] Metadata suggested version: V4
2026-01-20 17:00:31.221 [DEBUG] [DETECT_VERSION] Starting OData version detection
2026-01-20 17:00:31.221 [DEBUG] [DETECT_VERSION] Found 'value' array, detecting as V4
2026-01-20 17:00:31.221 [DEBUG] [ODATA_RESPONSE] Successfully parsed content
2026-01-20 17:00:31.221 [DEBUG] [ODATA_CLIENT] Raw metadata context URL: http://localhost:4444/odata/ADMIN/app
2026-01-20 17:00:31.221 [INFO] [ODATA_CLIENT] Updated metadata context URL from response: http://localhost:4444/odata/ADMIN/app
2026-01-20 17:00:31.221 [DEBUG] [ODATA_RESPONSE] Returning cached parsed content
2026-01-20 17:00:31.221 [INFO] [ODATA_READ_BIND] Service reported total row count: 1
2026-01-20 17:00:31.221 [INFO] [ODATA_READ_BIND] GetResultNames called - service_root_mode: false
2026-01-20 17:00:31.221 [INFO] [ODATA_READ_BIND] GetResultTypes called - service_root_mode: false
2026-01-20 17:00:31.221 [INFO] [ODATA_READ_BIND] Calling odata_client->GetResultTypes() for metadata
2026-01-20 17:00:31.221 [DEBUG] [ODATA_CLIENT] Using stored metadata context URL: http://localhost:4444/odata/ADMIN/app
2026-01-20 17:00:31.221 [DEBUG] [ODATA_CLIENT] OData Metadata HTTP Request:
  URL: http://localhost:4444/odata/ADMIN/app
  Method: GET
  Headers:
    Connection: close
    Authorization: Bearer eyJhbGciOiJIUzI1NiJ9.eyJpc3MiOiJodHRwOi8vbG9jYWxob3N0OjQ0NDQiLCJzdWIiOiJ7XCJhY3RpdmVcIjp0cnVlLFwiZXhjbHVkZWRcIjpmYWxzZSxcImZpcnN0X25hbWVcIjpcIlN1cGVyXCIsXCJsYW5nX2lkXCI6MSxcImxhc3RfbmFtZVwiOlwiQWRtaW5cIixcInJvbGVfaWRcIjoxLFwidXNlcl9pZFwiOjEsXCJ1c2VybmFtZVwiOlwicm9vdFwifSIsImF1ZCI6WyJodHRwOi8vbG9jYWxob3N0OjQ0NDQiXSwiZXhwIjoxNzc0MDg0NzU1LjgzMzE4OTcsIm5iZiI6MTc2ODkwMDc1NS44MzMxOTA3LCJpYXQiOjE3Njg5MDA3NTUuODMzMTkwMn0.nKV-u4pSDHrsDNaaPkCnfXSs8jOtofXSggQ-MS5CtQA
    Accept: application/xml
2026-01-20 17:00:31.221 [DEBUG] [ODATA_CLIENT] Metadata request attempt 1 of 3
2026-01-20 17:00:31.222 [INFO] [HTTP_REQUEST_REPRO] Reproduce with: SELECT * FROM http_get('http://localhost:4444/odata/ADMIN/app', headers := MAP{'Accept': 'application/xml', 'Authorization': 'Bearer eyJhbGciOiJIUzI1NiJ9.eyJpc3MiOiJodHRwOi8vbG9jYWxob3N0OjQ0NDQiLCJzdWIiOiJ7XCJhY3RpdmVcIjp0cnVlLFwiZXhjbHVkZWRcIjpmYWxzZSxcImZpcnN0X25hbWVcIjpcIlN1cGVyXCIsXCJsYW5nX2lkXCI6MSxcImxhc3RfbmFtZVwiOlwiQWRtaW5cIixcInJvbGVfaWRcIjoxLFwidXNlcl9pZFwiOjEsXCJ1c2VybmFtZVwiOlwicm9vdFwifSIsImF1ZCI6WyJodHRwOi8vbG9jYWxob3N0OjQ0NDQiXSwiZXhwIjoxNzc0MDg0NzU1LjgzMzE4OTcsIm5iZiI6MTc2ODkwMDc1NS44MzMxOTA3LCJpYXQiOjE3Njg5MDA3NTUuODMzMTkwMn0.nKV-u4pSDHrsDNaaPkCnfXSs8jOtofXSggQ-MS5CtQA', 'Connection': 'close'}, url_encode := false);
2026-01-20 17:00:31.222 [INFO] [HTTP_REQUEST] Executing GET request to: /odata/ADMIN/app
2026-01-20 17:00:31.222 [DEBUG] [HTTP_REQUEST] Request headers:
2026-01-20 17:00:31.222 [DEBUG] [HTTP_REQUEST]   Accept: application/xml
2026-01-20 17:00:31.222 [DEBUG] [HTTP_REQUEST]   Authorization: Bearer eyJhbGciOiJIUzI1NiJ9.eyJpc3MiOiJodHRwOi8vbG9jYWxob3N0OjQ0NDQiLCJzdWIiOiJ7XCJhY3RpdmVcIjp0cnVlLFwiZXhjbHVkZWRcIjpmYWxzZSxcImZpcnN0X25hbWVcIjpcIlN1cGVyXCIsXCJsYW5nX2lkXCI6MSxcImxhc3RfbmFtZVwiOlwiQWRtaW5cIixcInJvbGVfaWRcIjoxLFwidXNlcl9pZFwiOjEsXCJ1c2VybmFtZVwiOlwicm9vdFwifSIsImF1ZCI6WyJodHRwOi8vbG9jYWxob3N0OjQ0NDQiXSwiZXhwIjoxNzc0MDg0NzU1LjgzMzE4OTcsIm5iZiI6MTc2ODkwMDc1NS44MzMxOTA3LCJpYXQiOjE3Njg5MDA3NTUuODMzMTkwMn0.nKV-u4pSDHrsDNaaPkCnfXSs8jOtofXSggQ-MS5CtQA
2026-01-20 17:00:31.222 [DEBUG] [HTTP_REQUEST]   Connection: close
2026-01-20 17:00:31.235 [INFO] [HTTP_RESPONSE] Response status: 200
2026-01-20 17:00:31.235 [DEBUG] [HTTP_RESPONSE] Response headers:
2026-01-20 17:00:31.235 [DEBUG] [HTTP_RESPONSE]   Access-Control-Allow-Headers: Content-Type, Authorization, enctype
2026-01-20 17:00:31.235 [DEBUG] [HTTP_RESPONSE]   Access-Control-Allow-Methods: GET, POST, PUT, DELETE, OPTIONS
2026-01-20 17:00:31.235 [DEBUG] [HTTP_RESPONSE]   Access-Control-Allow-Origin: *
2026-01-20 17:00:31.235 [DEBUG] [HTTP_RESPONSE]   Connection: close
2026-01-20 17:00:31.235 [DEBUG] [HTTP_RESPONSE]   Content-Length: 868
2026-01-20 17:00:31.235 [DEBUG] [HTTP_RESPONSE]   Content-Type: application/json; charset=utf-8
2026-01-20 17:00:31.235 [DEBUG] [HTTP_RESPONSE]   Date: Tue, 20 Jan 2026 18:00:31 GMT
2026-01-20 17:00:31.235 [DEBUG] [HTTP_RESPONSE]   Odata-Version: 4.01
2026-01-20 17:00:31.235 [DEBUG] [HTTP_RESPONSE]   Vary: Authorization
2026-01-20 17:00:31.235 [DEBUG] [HTTP_RESPONSE] Response body (868 bytes)
2026-01-20 17:00:31.235 [DEBUG] [HTTP_RESPONSE] Response body: {"@odata.context":"http://localhost:4444/odata/ADMIN/app","@odata.count":3,"value":[{"app":"ADMIN","app_desc":"Admin","app_id":1,"attach_logo":null,"config":"{}","created_at":"2025-11-05T18:55:00.130747Z","db":"ADMIN","email":null,"excluded":false,"updated_at":"2025-11-05T18:55:00.130747Z","user_id":1,"username":"root","version":"1.0.0"},{"app":"ETLX","app_desc":"ETLX UI in CS","app_id":2,"attach_logo":null,"config":null,"created_at":"2025-11-05T19:01:54.055156Z","db":"ETLX","email":null,"excluded":false,"updated_at":"2025-11-05T19:01:54.055156Z","user_id":1,"username":"root","version":"1.0.0"},{"app":"SAAS","app_desc":"CS SASS Backend","app_id":3,"attach_logo":null,"config":null,"created_at":"2026-01-10T18:53:52.783348Z","db":"SAAS","email":null,"excluded":false,"updated_at":"2026-01-10T18:53:52.783348Z","user_id":1,"username":"root","version":"1.0.0"}]}

2026-01-20 17:00:31.235 [DEBUG] [CHARSET_CONVERTER] Detected UTF-8 charset, using UTF-8 converter
2026-01-20 17:00:31.235 [DEBUG] [CHARSET_CONVERTER] Creating charset converter for content type: application/json; charset=utf-8
2026-01-20 17:00:31.235 [DEBUG] [CHARSET_CONVERTER] Charset converter initialized with charset: utf-8
2026-01-20 17:00:31.235 [DEBUG] [CHARSET_CONVERTER] Converting 868 bytes using charset: utf-8
2026-01-20 17:00:31.235 [DEBUG] [CHARSET_CONVERTER] Converting from bytes using charset: utf-8
2026-01-20 17:00:31.235 [DEBUG] [CHARSET_CONVERTER] Using default UTF-8 conversion
2026-01-20 17:00:31.235 [DEBUG] [CHARSET_CONVERTER] Using UTF-8 converter for output
2026-01-20 17:00:31.235 [DEBUG] [CHARSET_CONVERTER] Detected UTF-8 charset, using UTF-8 converter
2026-01-20 17:00:31.235 [DEBUG] [CHARSET_CONVERTER] Creating charset converter for content type: application/json; charset=utf-8
2026-01-20 17:00:31.235 [DEBUG] [CHARSET_CONVERTER] Charset converter initialized with charset: utf-8
2026-01-20 17:00:31.235 [DEBUG] [CHARSET_CONVERTER] Converting 868 bytes using charset: utf-8
2026-01-20 17:00:31.235 [DEBUG] [CHARSET_CONVERTER] Converting from bytes using charset: utf-8
2026-01-20 17:00:31.235 [DEBUG] [CHARSET_CONVERTER] Using default UTF-8 conversion
2026-01-20 17:00:31.235 [DEBUG] [CHARSET_CONVERTER] Using UTF-8 converter for output
2026-01-20 17:00:31.235 [DEBUG] [CHARSET_CONVERTER] Detected UTF-8 charset, using UTF-8 converter
2026-01-20 17:00:31.235 [DEBUG] [CHARSET_CONVERTER] Creating charset converter for content type: application/json; charset=utf-8
2026-01-20 17:00:31.235 [DEBUG] [CHARSET_CONVERTER] Charset converter initialized with charset: utf-8
2026-01-20 17:00:31.235 [DEBUG] [CHARSET_CONVERTER] Converting 868 bytes using charset: utf-8
2026-01-20 17:00:31.235 [DEBUG] [CHARSET_CONVERTER] Converting from bytes using charset: utf-8
2026-01-20 17:00:31.235 [DEBUG] [CHARSET_CONVERTER] Using default UTF-8 conversion
2026-01-20 17:00:31.235 [DEBUG] [CHARSET_CONVERTER] Using UTF-8 converter for output
2026-01-20 17:00:31.235 [DEBUG] [ODATA_CLIENT] OData Metadata HTTP Success Response:
  Status Code: 200
  Content Type: application/json; charset=utf-8
  Response Headers:
    Vary: Authorization
    Odata-Version: 4.01
    Content-Length: 868
    Content-Type: application/json; charset=utf-8
    Connection: close
    Date: Tue, 20 Jan 2026 18:00:31 GMT
    Access-Control-Allow-Origin: *
    Access-Control-Allow-Methods: GET, POST, PUT, DELETE, OPTIONS
    Access-Control-Allow-Headers: Content-Type, Authorization, enctype
  Response Body Size: 868 bytes
  Response Body Preview (first 4000 chars): {"@odata.context":"http://localhost:4444/odata/ADMIN/app","@odata.count":3,"value":[{"app":"ADMIN","app_desc":"Admin","app_id":1,"attach_logo":null,"config":"{}","created_at":"2025-11-05T18:55:00.130747Z","db":"ADMIN","email":null,"excluded":false,"updated_at":"2025-11-05T18:55:00.130747Z","user_id":1,"username":"root","version":"1.0.0"},{"app":"ETLX","app_desc":"ETLX UI in CS","app_id":2,"attach_logo":null,"config":null,"created_at":"2025-11-05T19:01:54.055156Z","db":"ETLX","email":null,"excluded":false,"updated_at":"2025-11-05T19:01:54.055156Z","user_id":1,"username":"root","version":"1.0.0"},{"app":"SAAS","app_desc":"CS SASS Backend","app_id":3,"attach_logo":null,"config":null,"created_at":"2026-01-10T18:53:52.783348Z","db":"SAAS","email":null,"excluded":false,"updated_at":"2026-01-10T18:53:52.783348Z","user_id":1,"username":"root","version":"1.0.0"}]}

2026-01-20 17:00:31.235 [DEBUG] [CHARSET_CONVERTER] Detected UTF-8 charset, using UTF-8 converter
2026-01-20 17:00:31.235 [DEBUG] [CHARSET_CONVERTER] Creating charset converter for content type: application/json; charset=utf-8
2026-01-20 17:00:31.236 [DEBUG] [CHARSET_CONVERTER] Charset converter initialized with charset: utf-8
2026-01-20 17:00:31.236 [DEBUG] [CHARSET_CONVERTER] Converting 868 bytes using charset: utf-8
2026-01-20 17:00:31.236 [DEBUG] [CHARSET_CONVERTER] Converting from bytes using charset: utf-8
2026-01-20 17:00:31.236 [DEBUG] [CHARSET_CONVERTER] Using default UTF-8 conversion
2026-01-20 17:00:31.236 [DEBUG] [CHARSET_CONVERTER] Using UTF-8 converter for output
2026-01-20 17:28:44.847 [DEBUG] [ODATA_READ_BIND] Standard OData v4 URL detected, using conventional metadata approach
2026-01-20 17:28:44.848 [DEBUG] [ODATA_READ_BIND] Standard OData v4 URL detected, using conventional metadata approach
2026-01-20 17:28:44.848 [DEBUG] [ODATA_READ_BIND] Activating columns: 0, 1, 5, 11, 
2026-01-20 17:28:44.849 [DEBUG] [ODATA_READ_BIND] Mapping activated index 0 to original index 0
2026-01-20 17:28:44.849 [DEBUG] [ODATA_READ_BIND] Mapping activated index 1 to original index 1
2026-01-20 17:28:44.849 [DEBUG] [ODATA_READ_BIND] Mapping activated index 2 to original index 5
2026-01-20 17:28:44.849 [DEBUG] [ODATA_READ_BIND] Mapping activated index 3 to original index 11
2026-01-20 17:28:44.849 [DEBUG] [ODATA_READ_BIND] ActivateColumns: service_root_mode_ = false
2026-01-20 17:28:44.849 [DEBUG] [ODATA_READ_BIND] Creating new predicate pushdown helper
2026-01-20 17:28:44.849 [INFO] [ODATA_CLIENT] Resolved metadata URL: http://localhost:4444/odata/ADMIN/$metadata
2026-01-20 17:28:44.849 [DEBUG] [ODATA_CLIENT] GetCurrentEntitySetType called
2026-01-20 17:28:44.849 [DEBUG] [ODATA_CLIENT] Current URL path: /odata/ADMIN/app
2026-01-20 17:28:44.849 [DEBUG] [ODATA_CLIENT] Input parameters count: 0
2026-01-20 17:28:44.849 [DEBUG] [ODATA_CLIENT] Current entity name from fragment: empty
2026-01-20 17:28:44.849 [DEBUG] [ODATA_CLIENT] No entity name from @odata.context; deferring to metadata lookup
2026-01-20 17:28:44.849 [DEBUG] [ODATA_CLIENT] Final entity set name: 
2026-01-20 17:28:44.849 [DEBUG] [ODATA_CLIENT] Using stored metadata context URL: http://localhost:4444/odata/ADMIN/$metadata
2026-01-20 17:28:44.849 [DEBUG] [ODATA_CLIENT] Derived entity set candidate from URL: app
2026-01-20 17:28:44.849 [DEBUG] [ODATA_CLIENT] Resolved entity set from URL path: app
2026-01-20 17:28:44.849 [DEBUG] [ODATA_CLIENT] Using stored metadata context URL: http://localhost:4444/odata/ADMIN/$metadata
2026-01-20 17:28:44.849 [DEBUG] [ODATA_CLIENT] GetCurrentEntitySetType called
2026-01-20 17:28:44.849 [DEBUG] [ODATA_CLIENT] Current URL path: /odata/ADMIN/app
2026-01-20 17:28:44.849 [DEBUG] [ODATA_CLIENT] Input parameters count: 0
2026-01-20 17:28:44.849 [DEBUG] [ODATA_CLIENT] Current entity name from fragment: empty
2026-01-20 17:28:44.849 [DEBUG] [ODATA_CLIENT] No entity name from @odata.context; deferring to metadata lookup
2026-01-20 17:28:44.850 [DEBUG] [ODATA_CLIENT] Final entity set name: 
2026-01-20 17:28:44.850 [DEBUG] [ODATA_CLIENT] Using stored metadata context URL: http://localhost:4444/odata/ADMIN/$metadata
2026-01-20 17:28:44.850 [DEBUG] [ODATA_CLIENT] Derived entity set candidate from URL: app
2026-01-20 17:28:44.850 [DEBUG] [ODATA_CLIENT] Resolved entity set from URL path: app
2026-01-20 17:28:44.850 [DEBUG] [ODATA_CLIENT] Using stored metadata context URL: http://localhost:4444/odata/ADMIN/$metadata
2026-01-20 17:28:44.850 [DEBUG] [ODATA_CLIENT] Using stored metadata context URL: http://localhost:4444/odata/ADMIN/$metadata
2026-01-20 17:28:44.850 [DEBUG] [ODATA_CLIENT] GetCurrentEntitySetType called
2026-01-20 17:28:44.850 [DEBUG] [ODATA_CLIENT] Current URL path: /odata/ADMIN/app
2026-01-20 17:28:44.850 [DEBUG] [ODATA_CLIENT] Input parameters count: 0
2026-01-20 17:28:44.850 [DEBUG] [ODATA_CLIENT] Current entity name from fragment: empty
2026-01-20 17:28:44.850 [DEBUG] [ODATA_CLIENT] No entity name from @odata.context; deferring to metadata lookup
2026-01-20 17:28:44.850 [DEBUG] [ODATA_CLIENT] Final entity set name: 
2026-01-20 17:28:44.850 [DEBUG] [ODATA_CLIENT] Using stored metadata context URL: http://localhost:4444/odata/ADMIN/$metadata
2026-01-20 17:28:44.850 [DEBUG] [ODATA_CLIENT] Derived entity set candidate from URL: app
2026-01-20 17:28:44.850 [DEBUG] [ODATA_CLIENT] Resolved entity set from URL path: app
2026-01-20 17:28:44.850 [DEBUG] [ODATA_CLIENT] Using stored metadata context URL: http://localhost:4444/odata/ADMIN/$metadata
2026-01-20 17:28:44.850 [DEBUG] [ODATA_CLIENT] Using stored metadata context URL: http://localhost:4444/odata/ADMIN/$metadata
2026-01-20 17:28:44.851 [DEBUG] [ODATA_READ_BIND] Using OData client column names for predicate pushdown: 12 columns
2026-01-20 17:28:44.851 [DEBUG] [PREDICATE_PUSHDOWN] Created predicate pushdown helper with 12 columns
2026-01-20 17:28:44.851 [DEBUG] [PREDICATE_PUSHDOWN] Column 0: app_id
2026-01-20 17:28:44.851 [DEBUG] [PREDICATE_PUSHDOWN] Column 1: app
2026-01-20 17:28:44.851 [DEBUG] [PREDICATE_PUSHDOWN] Column 2: app_desc
2026-01-20 17:28:44.851 [DEBUG] [PREDICATE_PUSHDOWN] Column 3: version
2026-01-20 17:28:44.851 [DEBUG] [PREDICATE_PUSHDOWN] Column 4: email
2026-01-20 17:28:44.851 [DEBUG] [PREDICATE_PUSHDOWN] Column 5: db
2026-01-20 17:28:44.851 [DEBUG] [PREDICATE_PUSHDOWN] Column 6: attach_logo
2026-01-20 17:28:44.851 [DEBUG] [PREDICATE_PUSHDOWN] Column 7: config
2026-01-20 17:28:44.851 [DEBUG] [PREDICATE_PUSHDOWN] Column 8: user_id
2026-01-20 17:28:44.851 [DEBUG] [PREDICATE_PUSHDOWN] Column 9: created_at
2026-01-20 17:28:44.851 [DEBUG] [PREDICATE_PUSHDOWN] Column 10: updated_at
2026-01-20 17:28:44.851 [DEBUG] [PREDICATE_PUSHDOWN] Column 11: excluded
2026-01-20 17:28:44.851 [DEBUG] [PREDICATE_PUSHDOWN] Set OData version to: V4
2026-01-20 17:28:44.851 [DEBUG] [ODATA_READ_BIND] Set OData version V4 on predicate pushdown helper
2026-01-20 17:28:44.851 [DEBUG] [PREDICATE_PUSHDOWN] Column name resolver set
2026-01-20 17:28:44.851 [DEBUG] [PREDICATE_PUSHDOWN] Consuming column selection: 4 columns
2026-01-20 17:28:44.851 [DEBUG] [PREDICATE_PUSHDOWN] Building select clause for 4 columns
2026-01-20 17:28:44.851 [DEBUG] [PREDICATE_PUSHDOWN] Non-rowid columns: 4 out of 12
2026-01-20 17:28:44.851 [DEBUG] [ODATA_CLIENT] Using stored metadata context URL: http://localhost:4444/odata/ADMIN/$metadata
2026-01-20 17:28:44.851 [DEBUG] [ODATA_CLIENT] GetCurrentEntitySetType called
2026-01-20 17:28:44.851 [DEBUG] [ODATA_CLIENT] Current URL path: /odata/ADMIN/app
2026-01-20 17:28:44.851 [DEBUG] [ODATA_CLIENT] Input parameters count: 0
2026-01-20 17:28:44.851 [DEBUG] [ODATA_CLIENT] Current entity name from fragment: empty
2026-01-20 17:28:44.851 [DEBUG] [ODATA_CLIENT] No entity name from @odata.context; deferring to metadata lookup
2026-01-20 17:28:44.851 [DEBUG] [ODATA_CLIENT] Final entity set name: 
2026-01-20 17:28:44.851 [DEBUG] [ODATA_CLIENT] Using stored metadata context URL: http://localhost:4444/odata/ADMIN/$metadata
2026-01-20 17:28:44.851 [DEBUG] [ODATA_CLIENT] Derived entity set candidate from URL: app
2026-01-20 17:28:44.851 [DEBUG] [ODATA_CLIENT] Resolved entity set from URL path: app
2026-01-20 17:28:44.852 [DEBUG] [ODATA_CLIENT] Using stored metadata context URL: http://localhost:4444/odata/ADMIN/$metadata
2026-01-20 17:28:44.852 [DEBUG] [ODATA_CLIENT] GetCurrentEntitySetType called
2026-01-20 17:28:44.852 [DEBUG] [ODATA_CLIENT] Current URL path: /odata/ADMIN/app
2026-01-20 17:28:44.852 [DEBUG] [ODATA_CLIENT] Input parameters count: 0
2026-01-20 17:28:44.852 [DEBUG] [ODATA_CLIENT] Current entity name from fragment: empty
2026-01-20 17:28:44.852 [DEBUG] [ODATA_CLIENT] No entity name from @odata.context; deferring to metadata lookup
2026-01-20 17:28:44.852 [DEBUG] [ODATA_CLIENT] Final entity set name: 
2026-01-20 17:28:44.852 [DEBUG] [ODATA_CLIENT] Using stored metadata context URL: http://localhost:4444/odata/ADMIN/$metadata
2026-01-20 17:28:44.852 [DEBUG] [ODATA_CLIENT] Derived entity set candidate from URL: app
2026-01-20 17:28:44.852 [DEBUG] [ODATA_CLIENT] Resolved entity set from URL path: app
2026-01-20 17:28:44.852 [DEBUG] [ODATA_CLIENT] Using stored metadata context URL: http://localhost:4444/odata/ADMIN/$metadata
2026-01-20 17:28:44.852 [DEBUG] [ODATA_CLIENT] Using stored metadata context URL: http://localhost:4444/odata/ADMIN/$metadata
2026-01-20 17:28:44.852 [DEBUG] [ODATA_CLIENT] GetCurrentEntitySetType called
2026-01-20 17:28:44.852 [DEBUG] [ODATA_CLIENT] Current URL path: /odata/ADMIN/app
2026-01-20 17:28:44.852 [DEBUG] [ODATA_CLIENT] Input parameters count: 0
2026-01-20 17:28:44.852 [DEBUG] [ODATA_CLIENT] Current entity name from fragment: empty
2026-01-20 17:28:44.852 [DEBUG] [ODATA_CLIENT] No entity name from @odata.context; deferring to metadata lookup
2026-01-20 17:28:44.852 [DEBUG] [ODATA_CLIENT] Final entity set name: 
2026-01-20 17:28:44.852 [DEBUG] [ODATA_CLIENT] Using stored metadata context URL: http://localhost:4444/odata/ADMIN/$metadata
2026-01-20 17:28:44.853 [DEBUG] [ODATA_CLIENT] Derived entity set candidate from URL: app
2026-01-20 17:28:44.853 [DEBUG] [ODATA_CLIENT] Resolved entity set from URL path: app
2026-01-20 17:28:44.853 [DEBUG] [ODATA_CLIENT] Using stored metadata context URL: http://localhost:4444/odata/ADMIN/$metadata
2026-01-20 17:28:44.853 [DEBUG] [ODATA_CLIENT] Using stored metadata context URL: http://localhost:4444/odata/ADMIN/$metadata
2026-01-20 17:28:44.853 [DEBUG] [PREDICATE_PUSHDOWN] Added field to select: app_id
2026-01-20 17:28:44.853 [DEBUG] [PREDICATE_PUSHDOWN] Added field to select: app
2026-01-20 17:28:44.854 [DEBUG] [PREDICATE_PUSHDOWN] Added field to select: db
2026-01-20 17:28:44.854 [DEBUG] [PREDICATE_PUSHDOWN] Added field to select: excluded
2026-01-20 17:28:44.854 [DEBUG] [PREDICATE_PUSHDOWN] Built select clause: $select=app_id,app,db,excluded
2026-01-20 17:28:44.854 [DEBUG] [PREDICATE_PUSHDOWN] Built select clause: $select=app_id,app,db,excluded
2026-01-20 17:28:44.854 [DEBUG] [ODATA_READ_BIND] Select clause: $select=app_id,app,db,excluded
2026-01-20 17:28:44.854 [DEBUG] [ODATA_READ_BIND] Adding 1 filters: Column 0: c0=1

2026-01-20 17:28:44.854 [DEBUG] [PREDICATE_PUSHDOWN] Building filter clause
2026-01-20 17:28:44.854 [DEBUG] [PREDICATE_PUSHDOWN] Processing 1 filters
2026-01-20 17:28:44.854 [DEBUG] [PREDICATE_PUSHDOWN] Processing filter for DuckDB column index: 0
2026-01-20 17:28:44.854 [DEBUG] [PREDICATE_PUSHDOWN] Total columns available: 12
2026-01-20 17:28:44.854 [DEBUG] [PREDICATE_PUSHDOWN] Column name resolver mapped index 0 to: app_id
2026-01-20 17:28:44.854 [DEBUG] [PREDICATE_PUSHDOWN] Translating filter for column 'app_id' with filter type: 0
2026-01-20 17:28:44.854 [DEBUG] [PREDICATE_PUSHDOWN] Translating constant comparison for column 'app_id'
2026-01-20 17:28:44.854 [DEBUG] [PREDICATE_PUSHDOWN] Constant value: '1' (type: INTEGER)
2026-01-20 17:28:44.854 [DEBUG] [PREDICATE_PUSHDOWN] Using comparison operator: eq
2026-01-20 17:28:44.854 [DEBUG] [PREDICATE_PUSHDOWN] Added numeric value without quotes: 1
2026-01-20 17:28:44.854 [DEBUG] [PREDICATE_PUSHDOWN] Final constant comparison: 'app_id eq 1'
2026-01-20 17:28:44.854 [DEBUG] [PREDICATE_PUSHDOWN] Translated filter result: 'app_id eq 1'
2026-01-20 17:28:44.854 [DEBUG] [PREDICATE_PUSHDOWN] Valid filter: app_id eq 1
2026-01-20 17:28:44.854 [DEBUG] [PREDICATE_PUSHDOWN] Built filter clause (smart-encoded): $filter=app_id%20eq%201
2026-01-20 17:28:44.854 [DEBUG] [PREDICATE_PUSHDOWN] Built filter clause: $filter=app_id%20eq%201
2026-01-20 17:28:44.854 [DEBUG] [ODATA_READ_BIND] Filter clause: $filter=app_id%20eq%201
2026-01-20 17:28:44.854 [DEBUG] [ODATA_READ_BIND] Updating URL from predicate pushdown
2026-01-20 17:28:44.854 [DEBUG] [ODATA_READ_BIND] Original URL: http://localhost:4444/odata/ADMIN/app?$format=json
2026-01-20 17:28:44.854 [DEBUG] [PREDICATE_PUSHDOWN] Applying filters to URL: http://localhost:4444/odata/ADMIN/app?$format=json
2026-01-20 17:28:44.854 [DEBUG] [PREDICATE_PUSHDOWN] Select clause: '$select=app_id,app,db,excluded'
2026-01-20 17:28:44.854 [DEBUG] [PREDICATE_PUSHDOWN] Filter clause: '$filter=app_id%20eq%201'
2026-01-20 17:28:44.854 [DEBUG] [PREDICATE_PUSHDOWN] Top clause: ''
2026-01-20 17:28:44.854 [DEBUG] [PREDICATE_PUSHDOWN] Skip clause: ''
2026-01-20 17:28:44.854 [DEBUG] [PREDICATE_PUSHDOWN] Expand clause: ''
2026-01-20 17:28:44.854 [DEBUG] [PREDICATE_PUSHDOWN] Set param '$select' = 'app_id,app,db,excluded'
2026-01-20 17:28:44.854 [DEBUG] [PREDICATE_PUSHDOWN] Set param '$filter' = 'app_id%20eq%201'
2026-01-20 17:28:44.854 [DEBUG] [PREDICATE_PUSHDOWN] Final query: '?$filter=app_id%20eq%201&$format=json&$select=app_id,app,db,excluded'
2026-01-20 17:28:44.854 [INFO] [PREDICATE_PUSHDOWN] Updated URL: http://localhost:4444/odata/ADMIN/app?$filter=app_id%20eq%201&$format=json&$select=app_id,app,db,excluded
2026-01-20 17:28:44.854 [DEBUG] [ODATA_READ_BIND] Updated URL: http://localhost:4444/odata/ADMIN/app?$filter=app_id%20eq%201&$format=json&$select=app_id,app,db,excluded
2026-01-20 17:28:44.854 [DEBUG] [ODATA_READ_BIND] PrefetchFirstPage: service_root_mode_ = false
2026-01-20 17:28:44.854 [DEBUG] [ODATA_READ_BIND] PrefetchFirstPage: starting first page fetch
2026-01-20 17:28:44.854 [INFO] [ODATA_CLIENT] Fetching OData request from: http://localhost:4444/odata/ADMIN/app?$filter=app_id%20eq%201&$format=json&$select=app_id,app,db,excluded (get_next: 0)
2026-01-20 17:28:44.854 [INFO] [ODATA_CLIENT] Resolved metadata URL: http://localhost:4444/odata/ADMIN/$metadata
2026-01-20 17:28:44.854 [DEBUG] [ODATA_CLIENT] Using cached metadata, detected version: V4
2026-01-20 17:28:44.854 [DEBUG] [ODATA_CLIENT] Executing HTTP GET request
2026-01-20 17:28:44.854 [DEBUG] [ODATA_CLIENT] DoHttpGet: calling AddInputParametersToUrl
2026-01-20 17:28:44.854 [INFO] [ODATA_CLIENT] AddInputParametersToUrl called with 0 parameters on client at 94622407858880
2026-01-20 17:28:44.854 [INFO] [ODATA_CLIENT] No input parameters to add
2026-01-20 17:28:44.854 [DEBUG] [ODATA_CLIENT] DoHttpGet: URL after input parameters: http://localhost:4444/odata/ADMIN/app?$filter=app_id%20eq%201&$format=json&$select=app_id,app,db,excluded
2026-01-20 17:28:44.854 [INFO] [HTTP_REQUEST_REPRO] Reproduce with: SELECT * FROM http_get('http://localhost:4444/odata/ADMIN/app?$filter=app_id%20eq%201&$format=json&$select=app_id,app,db,excluded', headers := MAP{'Accept': 'application/json;odata.metadata=minimal', 'Authorization': 'Bearer eyJhbGciOiJIUzI1NiJ9.eyJpc3MiOiJodHRwOi8vbG9jYWxob3N0OjQ0NDQiLCJzdWIiOiJ7XCJhY3RpdmVcIjp0cnVlLFwiZXhjbHVkZWRcIjpmYWxzZSxcImZpcnN0X25hbWVcIjpcIlN1cGVyXCIsXCJsYW5nX2lkXCI6MSxcImxhc3RfbmFtZVwiOlwiQWRtaW5cIixcInJvbGVfaWRcIjoxLFwidXNlcl9pZFwiOjEsXCJ1c2VybmFtZVwiOlwicm9vdFwifSIsImF1ZCI6WyJodHRwOi8vbG9jYWxob3N0OjQ0NDQiXSwiZXhwIjoxNzc0MDg0NzU1LjgzMzE4OTcsIm5iZiI6MTc2ODkwMDc1NS44MzMxOTA3LCJpYXQiOjE3Njg5MDA3NTUuODMzMTkwMn0.nKV-u4pSDHrsDNaaPkCnfXSs8jOtofXSggQ-MS5CtQA', 'OData-MaxVersion': '4.0', 'OData-Version': '4.0'}, url_encode := false);
2026-01-20 17:28:44.854 [INFO] [HTTP_REQUEST] Executing GET request to: /odata/ADMIN/app?$filter=app_id%20eq%201&$format=json&$select=app_id,app,db,excluded
2026-01-20 17:28:44.854 [DEBUG] [HTTP_REQUEST] Request headers:
2026-01-20 17:28:44.854 [DEBUG] [HTTP_REQUEST]   Accept: application/json;odata.metadata=minimal
2026-01-20 17:28:44.854 [DEBUG] [HTTP_REQUEST]   Authorization: Bearer eyJhbGciOiJIUzI1NiJ9.eyJpc3MiOiJodHRwOi8vbG9jYWxob3N0OjQ0NDQiLCJzdWIiOiJ7XCJhY3RpdmVcIjp0cnVlLFwiZXhjbHVkZWRcIjpmYWxzZSxcImZpcnN0X25hbWVcIjpcIlN1cGVyXCIsXCJsYW5nX2lkXCI6MSxcImxhc3RfbmFtZVwiOlwiQWRtaW5cIixcInJvbGVfaWRcIjoxLFwidXNlcl9pZFwiOjEsXCJ1c2VybmFtZVwiOlwicm9vdFwifSIsImF1ZCI6WyJodHRwOi8vbG9jYWxob3N0OjQ0NDQiXSwiZXhwIjoxNzc0MDg0NzU1LjgzMzE4OTcsIm5iZiI6MTc2ODkwMDc1NS44MzMxOTA3LCJpYXQiOjE3Njg5MDA3NTUuODMzMTkwMn0.nKV-u4pSDHrsDNaaPkCnfXSs8jOtofXSggQ-MS5CtQA
2026-01-20 17:28:44.854 [DEBUG] [HTTP_REQUEST]   OData-MaxVersion: 4.0
2026-01-20 17:28:44.854 [DEBUG] [HTTP_REQUEST]   OData-Version: 4.0
2026-01-20 17:28:44.874 [INFO] [HTTP_RESPONSE] Response status: 200
2026-01-20 17:28:44.875 [DEBUG] [HTTP_RESPONSE] Response headers:
2026-01-20 17:28:44.875 [DEBUG] [HTTP_RESPONSE]   Access-Control-Allow-Headers: Content-Type, Authorization, enctype
2026-01-20 17:28:44.875 [DEBUG] [HTTP_RESPONSE]   Access-Control-Allow-Methods: GET, POST, PUT, DELETE, OPTIONS
2026-01-20 17:28:44.875 [DEBUG] [HTTP_RESPONSE]   Access-Control-Allow-Origin: *
2026-01-20 17:28:44.875 [DEBUG] [HTTP_RESPONSE]   Content-Length: 161
2026-01-20 17:28:44.875 [DEBUG] [HTTP_RESPONSE]   Content-Type: application/json; charset=utf-8
2026-01-20 17:28:44.875 [DEBUG] [HTTP_RESPONSE]   Date: Tue, 20 Jan 2026 18:28:44 GMT
2026-01-20 17:28:44.875 [DEBUG] [HTTP_RESPONSE]   Odata-Version: 4.0
2026-01-20 17:28:44.875 [DEBUG] [HTTP_RESPONSE]   Vary: Authorization
2026-01-20 17:28:44.875 [DEBUG] [HTTP_RESPONSE] Response body (161 bytes)
2026-01-20 17:28:44.875 [DEBUG] [HTTP_RESPONSE] Response body: {"@odata.context":"http://localhost:4444/odata/ADMIN/app","@odata.count":1,"value":[{"app":"ADMIN","app_id":1,"db":"ADMIN","excluded":false,"username":"root"}]}

2026-01-20 17:28:44.875 [DEBUG] [ODATA_CLIENT] Creating OData response object
2026-01-20 17:28:44.875 [DEBUG] [ODATA_RESPONSE] Created OData entity set response
2026-01-20 17:28:44.875 [DEBUG] [ODATA_RESPONSE] Response content type: application/json; charset=utf-8
2026-01-20 17:28:44.875 [DEBUG] [ODATA_RESPONSE] OData version: V4
2026-01-20 17:28:44.875 [DEBUG] [ODATA_CLIENT] Successfully created OData response
2026-01-20 17:28:44.875 [DEBUG] [ODATA_RESPONSE] Parsing HTTP response content
2026-01-20 17:28:44.875 [DEBUG] [ODATA_RESPONSE] Content type: application/json; charset=utf-8
2026-01-20 17:28:44.875 [DEBUG] [CHARSET_CONVERTER] Detected UTF-8 charset, using UTF-8 converter
2026-01-20 17:28:44.875 [DEBUG] [CHARSET_CONVERTER] Creating charset converter for content type: application/json; charset=utf-8
2026-01-20 17:28:44.875 [DEBUG] [CHARSET_CONVERTER] Charset converter initialized with charset: utf-8
2026-01-20 17:28:44.875 [DEBUG] [CHARSET_CONVERTER] Converting 161 bytes using charset: utf-8
2026-01-20 17:28:44.875 [DEBUG] [CHARSET_CONVERTER] Converting from bytes using charset: utf-8
2026-01-20 17:28:44.875 [DEBUG] [CHARSET_CONVERTER] Using default UTF-8 conversion
2026-01-20 17:28:44.875 [DEBUG] [CHARSET_CONVERTER] Using UTF-8 converter for output
2026-01-20 17:28:44.875 [DEBUG] [ODATA_RESPONSE] Content size: 161 bytes
2026-01-20 17:28:44.875 [DEBUG] [CHARSET_CONVERTER] Detected UTF-8 charset, using UTF-8 converter
2026-01-20 17:28:44.875 [DEBUG] [CHARSET_CONVERTER] Creating charset converter for content type: application/json; charset=utf-8
2026-01-20 17:28:44.875 [DEBUG] [CHARSET_CONVERTER] Charset converter initialized with charset: utf-8
2026-01-20 17:28:44.875 [DEBUG] [CHARSET_CONVERTER] Converting 161 bytes using charset: utf-8
2026-01-20 17:28:44.875 [DEBUG] [CHARSET_CONVERTER] Converting from bytes using charset: utf-8
2026-01-20 17:28:44.875 [DEBUG] [CHARSET_CONVERTER] Using default UTF-8 conversion
2026-01-20 17:28:44.875 [DEBUG] [CHARSET_CONVERTER] Using UTF-8 converter for output
2026-01-20 17:28:44.875 [DEBUG] [ODATA_CONTENT] Creating OData content from response
2026-01-20 17:28:44.875 [DEBUG] [ODATA_CONTENT] Content type: application/json; charset=utf-8
2026-01-20 17:28:44.875 [DEBUG] [ODATA_CONTENT] Content size: 161 bytes
2026-01-20 17:28:44.875 [DEBUG] [DETECT_VERSION] Starting OData version detection
2026-01-20 17:28:44.875 [DEBUG] [DETECT_VERSION] Found 'value' array, detecting as V4
2026-01-20 17:28:44.875 [DEBUG] [ODATA_CONTENT] Detected OData version from response: V4
2026-01-20 17:28:44.875 [DEBUG] [ODATA_CONTENT] Metadata suggested version: V4
2026-01-20 17:28:44.875 [DEBUG] [DETECT_VERSION] Starting OData version detection
2026-01-20 17:28:44.875 [DEBUG] [DETECT_VERSION] Found 'value' array, detecting as V4
2026-01-20 17:28:44.875 [DEBUG] [ODATA_RESPONSE] Successfully parsed content
2026-01-20 17:28:44.875 [DEBUG] [ODATA_CLIENT] Raw metadata context URL: http://localhost:4444/odata/ADMIN/app
2026-01-20 17:28:44.875 [INFO] [ODATA_CLIENT] Updated metadata context URL from response: http://localhost:4444/odata/ADMIN/app
2026-01-20 17:28:44.875 [DEBUG] [ODATA_RESPONSE] Returning cached parsed content
2026-01-20 17:28:44.875 [INFO] [ODATA_READ_BIND] Service reported total row count: 1
2026-01-20 17:28:44.875 [INFO] [ODATA_READ_BIND] GetResultNames called - service_root_mode: false
2026-01-20 17:28:44.875 [INFO] [ODATA_READ_BIND] GetResultTypes called - service_root_mode: false
2026-01-20 17:28:44.875 [INFO] [ODATA_READ_BIND] Calling odata_client->GetResultTypes() for metadata
2026-01-20 17:28:44.875 [DEBUG] [ODATA_CLIENT] Using stored metadata context URL: http://localhost:4444/odata/ADMIN/app
2026-01-20 17:28:44.875 [DEBUG] [ODATA_CLIENT] OData Metadata HTTP Request:
  URL: http://localhost:4444/odata/ADMIN/app
  Method: GET
  Headers:
    Connection: close
    Authorization: Bearer eyJhbGciOiJIUzI1NiJ9.eyJpc3MiOiJodHRwOi8vbG9jYWxob3N0OjQ0NDQiLCJzdWIiOiJ7XCJhY3RpdmVcIjp0cnVlLFwiZXhjbHVkZWRcIjpmYWxzZSxcImZpcnN0X25hbWVcIjpcIlN1cGVyXCIsXCJsYW5nX2lkXCI6MSxcImxhc3RfbmFtZVwiOlwiQWRtaW5cIixcInJvbGVfaWRcIjoxLFwidXNlcl9pZFwiOjEsXCJ1c2VybmFtZVwiOlwicm9vdFwifSIsImF1ZCI6WyJodHRwOi8vbG9jYWxob3N0OjQ0NDQiXSwiZXhwIjoxNzc0MDg0NzU1LjgzMzE4OTcsIm5iZiI6MTc2ODkwMDc1NS44MzMxOTA3LCJpYXQiOjE3Njg5MDA3NTUuODMzMTkwMn0.nKV-u4pSDHrsDNaaPkCnfXSs8jOtofXSggQ-MS5CtQA
    Accept: application/xml
2026-01-20 17:28:44.875 [DEBUG] [ODATA_CLIENT] Metadata request attempt 1 of 3
2026-01-20 17:28:44.875 [INFO] [HTTP_REQUEST_REPRO] Reproduce with: SELECT * FROM http_get('http://localhost:4444/odata/ADMIN/app', headers := MAP{'Accept': 'application/xml', 'Authorization': 'Bearer eyJhbGciOiJIUzI1NiJ9.eyJpc3MiOiJodHRwOi8vbG9jYWxob3N0OjQ0NDQiLCJzdWIiOiJ7XCJhY3RpdmVcIjp0cnVlLFwiZXhjbHVkZWRcIjpmYWxzZSxcImZpcnN0X25hbWVcIjpcIlN1cGVyXCIsXCJsYW5nX2lkXCI6MSxcImxhc3RfbmFtZVwiOlwiQWRtaW5cIixcInJvbGVfaWRcIjoxLFwidXNlcl9pZFwiOjEsXCJ1c2VybmFtZVwiOlwicm9vdFwifSIsImF1ZCI6WyJodHRwOi8vbG9jYWxob3N0OjQ0NDQiXSwiZXhwIjoxNzc0MDg0NzU1LjgzMzE4OTcsIm5iZiI6MTc2ODkwMDc1NS44MzMxOTA3LCJpYXQiOjE3Njg5MDA3NTUuODMzMTkwMn0.nKV-u4pSDHrsDNaaPkCnfXSs8jOtofXSggQ-MS5CtQA', 'Connection': 'close'}, url_encode := false);
2026-01-20 17:28:44.876 [INFO] [HTTP_REQUEST] Executing GET request to: /odata/ADMIN/app
2026-01-20 17:28:44.876 [DEBUG] [HTTP_REQUEST] Request headers:
2026-01-20 17:28:44.876 [DEBUG] [HTTP_REQUEST]   Accept: application/xml
2026-01-20 17:28:44.876 [DEBUG] [HTTP_REQUEST]   Authorization: Bearer eyJhbGciOiJIUzI1NiJ9.eyJpc3MiOiJodHRwOi8vbG9jYWxob3N0OjQ0NDQiLCJzdWIiOiJ7XCJhY3RpdmVcIjp0cnVlLFwiZXhjbHVkZWRcIjpmYWxzZSxcImZpcnN0X25hbWVcIjpcIlN1cGVyXCIsXCJsYW5nX2lkXCI6MSxcImxhc3RfbmFtZVwiOlwiQWRtaW5cIixcInJvbGVfaWRcIjoxLFwidXNlcl9pZFwiOjEsXCJ1c2VybmFtZVwiOlwicm9vdFwifSIsImF1ZCI6WyJodHRwOi8vbG9jYWxob3N0OjQ0NDQiXSwiZXhwIjoxNzc0MDg0NzU1LjgzMzE4OTcsIm5iZiI6MTc2ODkwMDc1NS44MzMxOTA3LCJpYXQiOjE3Njg5MDA3NTUuODMzMTkwMn0.nKV-u4pSDHrsDNaaPkCnfXSs8jOtofXSggQ-MS5CtQA
2026-01-20 17:28:44.876 [DEBUG] [HTTP_REQUEST]   Connection: close
2026-01-20 17:28:44.892 [INFO] [HTTP_RESPONSE] Response status: 200
2026-01-20 17:28:44.893 [DEBUG] [HTTP_RESPONSE] Response headers:
2026-01-20 17:28:44.893 [DEBUG] [HTTP_RESPONSE]   Access-Control-Allow-Headers: Content-Type, Authorization, enctype
2026-01-20 17:28:44.893 [DEBUG] [HTTP_RESPONSE]   Access-Control-Allow-Methods: GET, POST, PUT, DELETE, OPTIONS
2026-01-20 17:28:44.893 [DEBUG] [HTTP_RESPONSE]   Access-Control-Allow-Origin: *
2026-01-20 17:28:44.893 [DEBUG] [HTTP_RESPONSE]   Connection: close
2026-01-20 17:28:44.893 [DEBUG] [HTTP_RESPONSE]   Content-Length: 1157
2026-01-20 17:28:44.893 [DEBUG] [HTTP_RESPONSE]   Content-Type: application/xml
2026-01-20 17:28:44.893 [DEBUG] [HTTP_RESPONSE]   Date: Tue, 20 Jan 2026 18:28:44 GMT
2026-01-20 17:28:44.893 [DEBUG] [HTTP_RESPONSE]   Odata-Version: 4.0
2026-01-20 17:28:44.893 [DEBUG] [HTTP_RESPONSE]   Vary: Authorization
2026-01-20 17:28:44.893 [DEBUG] [HTTP_RESPONSE] Response body (1157 bytes)
2026-01-20 17:28:44.893 [DEBUG] [HTTP_RESPONSE] Response body (truncated): <?xml version="1.0" encoding="utf-8"?>
<feed xmlns="http://www.w3.org/2005/Atom"
      xmlns:d="http://docs.oasis-open.org/odata/ns/data"
      xmlns:m="http://docs.oasis-open.org/odata/ns/metadata">
  <title type="text">app</title>
  <id>http://localhost:4444/odata/ADMIN/app</id>
</feed>{"@odata.context":"http://localhost:4444/odata/ADMIN/app","@odata.count":3,"value":[{"app":"ADMIN","app_desc":"Admin","app_id":1,"attach_logo":null,"config":"{}","created_at":"2025-11-05T18:55:00.130747Z","db":"ADMIN","email":null,"excluded":false,"updated_at":"2025-11-05T18:55:00.130747Z","user_id":1,"username":"root","version":"1.0.0"},{"app":"ETLX","app_desc":"ETLX UI in CS","app_id":2,"attach_logo":null,"config":null,"created_at":"2025-11-05T19:01:54.055156Z","db":"ETLX","email":null,"excluded":false,"updated_at":"2025-11-05T19:01:54.055156Z","user_id":1,"username":"root","version":"1.0.0"},{"app":"SAAS","app_desc":"CS SASS Backend","app_id":3,"attach_logo":null,"config":null,"created_at":"2026-01-...
2026-01-20 17:28:44.893 [DEBUG] [CHARSET_CONVERTER] No charset specified, defaulting to UTF-8 converter
2026-01-20 17:28:44.893 [DEBUG] [CHARSET_CONVERTER] Creating charset converter for content type: application/xml
2026-01-20 17:28:44.893 [DEBUG] [CHARSET_CONVERTER] Charset converter initialized with charset: utf-8
2026-01-20 17:28:44.893 [DEBUG] [CHARSET_CONVERTER] Converting 1157 bytes using charset: utf-8
2026-01-20 17:28:44.893 [DEBUG] [CHARSET_CONVERTER] Converting from bytes using charset: utf-8
2026-01-20 17:28:44.893 [DEBUG] [CHARSET_CONVERTER] Using default UTF-8 conversion
2026-01-20 17:28:44.893 [DEBUG] [CHARSET_CONVERTER] Using UTF-8 converter for output
2026-01-20 17:28:44.893 [DEBUG] [CHARSET_CONVERTER] No charset specified, defaulting to UTF-8 converter
2026-01-20 17:28:44.893 [DEBUG] [CHARSET_CONVERTER] Creating charset converter for content type: application/xml
2026-01-20 17:28:44.893 [DEBUG] [CHARSET_CONVERTER] Charset converter initialized with charset: utf-8
2026-01-20 17:28:44.893 [DEBUG] [CHARSET_CONVERTER] Converting 1157 bytes using charset: utf-8
2026-01-20 17:28:44.893 [DEBUG] [CHARSET_CONVERTER] Converting from bytes using charset: utf-8
2026-01-20 17:28:44.893 [DEBUG] [CHARSET_CONVERTER] Using default UTF-8 conversion
2026-01-20 17:28:44.893 [DEBUG] [CHARSET_CONVERTER] Using UTF-8 converter for output
2026-01-20 17:28:44.893 [DEBUG] [CHARSET_CONVERTER] No charset specified, defaulting to UTF-8 converter
2026-01-20 17:28:44.893 [DEBUG] [CHARSET_CONVERTER] Creating charset converter for content type: application/xml
2026-01-20 17:28:44.893 [DEBUG] [CHARSET_CONVERTER] Charset converter initialized with charset: utf-8
2026-01-20 17:28:44.893 [DEBUG] [CHARSET_CONVERTER] Converting 1157 bytes using charset: utf-8
2026-01-20 17:28:44.893 [DEBUG] [CHARSET_CONVERTER] Converting from bytes using charset: utf-8
2026-01-20 17:28:44.893 [DEBUG] [CHARSET_CONVERTER] Using default UTF-8 conversion
2026-01-20 17:28:44.893 [DEBUG] [CHARSET_CONVERTER] Using UTF-8 converter for output
2026-01-20 17:28:44.893 [DEBUG] [ODATA_CLIENT] OData Metadata HTTP Success Response:
  Status Code: 200
  Content Type: application/xml
  Response Headers:
    Vary: Authorization
    Odata-Version: 4.0
    Content-Length: 1157
    Content-Type: application/xml
    Connection: close
    Date: Tue, 20 Jan 2026 18:28:44 GMT
    Access-Control-Allow-Origin: *
    Access-Control-Allow-Methods: GET, POST, PUT, DELETE, OPTIONS
    Access-Control-Allow-Headers: Content-Type, Authorization, enctype
  Response Body Size: 1157 bytes
  Response Body Preview (first 4000 chars): <?xml version="1.0" encoding="utf-8"?>
<feed xmlns="http://www.w3.org/2005/Atom"
      xmlns:d="http://docs.oasis-open.org/odata/ns/data"
      xmlns:m="http://docs.oasis-open.org/odata/ns/metadata">
  <title type="text">app</title>
  <id>http://localhost:4444/odata/ADMIN/app</id>
</feed>{"@odata.context":"http://localhost:4444/odata/ADMIN/app","@odata.count":3,"value":[{"app":"ADMIN","app_desc":"Admin","app_id":1,"attach_logo":null,"config":"{}","created_at":"2025-11-05T18:55:00.130747Z","db":"ADMIN","email":null,"excluded":false,"updated_at":"2025-11-05T18:55:00.130747Z","user_id":1,"username":"root","version":"1.0.0"},{"app":"ETLX","app_desc":"ETLX UI in CS","app_id":2,"attach_logo":null,"config":null,"created_at":"2025-11-05T19:01:54.055156Z","db":"ETLX","email":null,"excluded":false,"updated_at":"2025-11-05T19:01:54.055156Z","user_id":1,"username":"root","version":"1.0.0"},{"app":"SAAS","app_desc":"CS SASS Backend","app_id":3,"attach_logo":null,"config":null,"created_at":"2026-01-10T18:53:52.783348Z","db":"SAAS","email":null,"excluded":false,"updated_at":"2026-01-10T18:53:52.783348Z","user_id":1,"username":"root","version":"1.0.0"}]}

2026-01-20 17:28:44.893 [DEBUG] [CHARSET_CONVERTER] No charset specified, defaulting to UTF-8 converter
2026-01-20 17:28:44.893 [DEBUG] [CHARSET_CONVERTER] Creating charset converter for content type: application/xml
2026-01-20 17:28:44.893 [DEBUG] [CHARSET_CONVERTER] Charset converter initialized with charset: utf-8
2026-01-20 17:28:44.893 [DEBUG] [CHARSET_CONVERTER] Converting 1157 bytes using charset: utf-8
2026-01-20 17:28:44.893 [DEBUG] [CHARSET_CONVERTER] Converting from bytes using charset: utf-8
2026-01-20 17:28:44.893 [DEBUG] [CHARSET_CONVERTER] Using default UTF-8 conversion
2026-01-20 17:28:44.893 [DEBUG] [CHARSET_CONVERTER] Using UTF-8 converter for output
2026-01-20 17:29:32.191 [DEBUG] [ODATA_READ_BIND] Standard OData v4 URL detected, using conventional metadata approach
2026-01-20 17:29:32.191 [DEBUG] [ODATA_READ_BIND] Standard OData v4 URL detected, using conventional metadata approach
2026-01-20 17:29:32.192 [DEBUG] [ODATA_READ_BIND] Activating columns: 0, 1, 5, 11, 
2026-01-20 17:29:32.192 [DEBUG] [ODATA_READ_BIND] Mapping activated index 0 to original index 0
2026-01-20 17:29:32.192 [DEBUG] [ODATA_READ_BIND] Mapping activated index 1 to original index 1
2026-01-20 17:29:32.192 [DEBUG] [ODATA_READ_BIND] Mapping activated index 2 to original index 5
2026-01-20 17:29:32.192 [DEBUG] [ODATA_READ_BIND] Mapping activated index 3 to original index 11
2026-01-20 17:29:32.192 [DEBUG] [ODATA_READ_BIND] ActivateColumns: service_root_mode_ = false
2026-01-20 17:29:32.192 [DEBUG] [ODATA_READ_BIND] Creating new predicate pushdown helper
2026-01-20 17:29:32.192 [INFO] [ODATA_CLIENT] Resolved metadata URL: http://localhost:4444/odata/ADMIN/$metadata
2026-01-20 17:29:32.192 [DEBUG] [ODATA_CLIENT] GetCurrentEntitySetType called
2026-01-20 17:29:32.192 [DEBUG] [ODATA_CLIENT] Current URL path: /odata/ADMIN/app
2026-01-20 17:29:32.192 [DEBUG] [ODATA_CLIENT] Input parameters count: 0
2026-01-20 17:29:32.192 [DEBUG] [ODATA_CLIENT] Current entity name from fragment: empty
2026-01-20 17:29:32.192 [DEBUG] [ODATA_CLIENT] No entity name from @odata.context; deferring to metadata lookup
2026-01-20 17:29:32.192 [DEBUG] [ODATA_CLIENT] Final entity set name: 
2026-01-20 17:29:32.192 [DEBUG] [ODATA_CLIENT] Using stored metadata context URL: http://localhost:4444/odata/ADMIN/$metadata
2026-01-20 17:29:32.192 [DEBUG] [ODATA_CLIENT] Derived entity set candidate from URL: app
2026-01-20 17:29:32.192 [DEBUG] [ODATA_CLIENT] Resolved entity set from URL path: app
2026-01-20 17:29:32.192 [DEBUG] [ODATA_CLIENT] Using stored metadata context URL: http://localhost:4444/odata/ADMIN/$metadata
2026-01-20 17:29:32.193 [DEBUG] [ODATA_CLIENT] GetCurrentEntitySetType called
2026-01-20 17:29:32.193 [DEBUG] [ODATA_CLIENT] Current URL path: /odata/ADMIN/app
2026-01-20 17:29:32.193 [DEBUG] [ODATA_CLIENT] Input parameters count: 0
2026-01-20 17:29:32.193 [DEBUG] [ODATA_CLIENT] Current entity name from fragment: empty
2026-01-20 17:29:32.193 [DEBUG] [ODATA_CLIENT] No entity name from @odata.context; deferring to metadata lookup
2026-01-20 17:29:32.193 [DEBUG] [ODATA_CLIENT] Final entity set name: 
2026-01-20 17:29:32.193 [DEBUG] [ODATA_CLIENT] Using stored metadata context URL: http://localhost:4444/odata/ADMIN/$metadata
2026-01-20 17:29:32.193 [DEBUG] [ODATA_CLIENT] Derived entity set candidate from URL: app
2026-01-20 17:29:32.193 [DEBUG] [ODATA_CLIENT] Resolved entity set from URL path: app
2026-01-20 17:29:32.193 [DEBUG] [ODATA_CLIENT] Using stored metadata context URL: http://localhost:4444/odata/ADMIN/$metadata
2026-01-20 17:29:32.193 [DEBUG] [ODATA_CLIENT] Using stored metadata context URL: http://localhost:4444/odata/ADMIN/$metadata
2026-01-20 17:29:32.193 [DEBUG] [ODATA_CLIENT] GetCurrentEntitySetType called
2026-01-20 17:29:32.193 [DEBUG] [ODATA_CLIENT] Current URL path: /odata/ADMIN/app
2026-01-20 17:29:32.193 [DEBUG] [ODATA_CLIENT] Input parameters count: 0
2026-01-20 17:29:32.193 [DEBUG] [ODATA_CLIENT] Current entity name from fragment: empty
2026-01-20 17:29:32.193 [DEBUG] [ODATA_CLIENT] No entity name from @odata.context; deferring to metadata lookup
2026-01-20 17:29:32.193 [DEBUG] [ODATA_CLIENT] Final entity set name: 
2026-01-20 17:29:32.193 [DEBUG] [ODATA_CLIENT] Using stored metadata context URL: http://localhost:4444/odata/ADMIN/$metadata
2026-01-20 17:29:32.193 [DEBUG] [ODATA_CLIENT] Derived entity set candidate from URL: app
2026-01-20 17:29:32.193 [DEBUG] [ODATA_CLIENT] Resolved entity set from URL path: app
2026-01-20 17:29:32.193 [DEBUG] [ODATA_CLIENT] Using stored metadata context URL: http://localhost:4444/odata/ADMIN/$metadata
2026-01-20 17:29:32.193 [DEBUG] [ODATA_CLIENT] Using stored metadata context URL: http://localhost:4444/odata/ADMIN/$metadata
2026-01-20 17:29:32.194 [DEBUG] [ODATA_READ_BIND] Using OData client column names for predicate pushdown: 12 columns
2026-01-20 17:29:32.194 [DEBUG] [PREDICATE_PUSHDOWN] Created predicate pushdown helper with 12 columns
2026-01-20 17:29:32.194 [DEBUG] [PREDICATE_PUSHDOWN] Column 0: app_id
2026-01-20 17:29:32.194 [DEBUG] [PREDICATE_PUSHDOWN] Column 1: app
2026-01-20 17:29:32.194 [DEBUG] [PREDICATE_PUSHDOWN] Column 2: app_desc
2026-01-20 17:29:32.194 [DEBUG] [PREDICATE_PUSHDOWN] Column 3: version
2026-01-20 17:29:32.195 [DEBUG] [PREDICATE_PUSHDOWN] Column 4: email
2026-01-20 17:29:32.195 [DEBUG] [PREDICATE_PUSHDOWN] Column 5: db
2026-01-20 17:29:32.195 [DEBUG] [PREDICATE_PUSHDOWN] Column 6: attach_logo
2026-01-20 17:29:32.195 [DEBUG] [PREDICATE_PUSHDOWN] Column 7: config
2026-01-20 17:29:32.195 [DEBUG] [PREDICATE_PUSHDOWN] Column 8: user_id
2026-01-20 17:29:32.195 [DEBUG] [PREDICATE_PUSHDOWN] Column 9: created_at
2026-01-20 17:29:32.195 [DEBUG] [PREDICATE_PUSHDOWN] Column 10: updated_at
2026-01-20 17:29:32.195 [DEBUG] [PREDICATE_PUSHDOWN] Column 11: excluded
2026-01-20 17:29:32.195 [DEBUG] [PREDICATE_PUSHDOWN] Set OData version to: V4
2026-01-20 17:29:32.195 [DEBUG] [ODATA_READ_BIND] Set OData version V4 on predicate pushdown helper
2026-01-20 17:29:32.195 [DEBUG] [PREDICATE_PUSHDOWN] Column name resolver set
2026-01-20 17:29:32.195 [DEBUG] [PREDICATE_PUSHDOWN] Consuming column selection: 4 columns
2026-01-20 17:29:32.195 [DEBUG] [PREDICATE_PUSHDOWN] Building select clause for 4 columns
2026-01-20 17:29:32.195 [DEBUG] [PREDICATE_PUSHDOWN] Non-rowid columns: 4 out of 12
2026-01-20 17:29:32.195 [DEBUG] [ODATA_CLIENT] Using stored metadata context URL: http://localhost:4444/odata/ADMIN/$metadata
2026-01-20 17:29:32.195 [DEBUG] [ODATA_CLIENT] GetCurrentEntitySetType called
2026-01-20 17:29:32.195 [DEBUG] [ODATA_CLIENT] Current URL path: /odata/ADMIN/app
2026-01-20 17:29:32.195 [DEBUG] [ODATA_CLIENT] Input parameters count: 0
2026-01-20 17:29:32.195 [DEBUG] [ODATA_CLIENT] Current entity name from fragment: empty
2026-01-20 17:29:32.195 [DEBUG] [ODATA_CLIENT] No entity name from @odata.context; deferring to metadata lookup
2026-01-20 17:29:32.195 [DEBUG] [ODATA_CLIENT] Final entity set name: 
2026-01-20 17:29:32.195 [DEBUG] [ODATA_CLIENT] Using stored metadata context URL: http://localhost:4444/odata/ADMIN/$metadata
2026-01-20 17:29:32.195 [DEBUG] [ODATA_CLIENT] Derived entity set candidate from URL: app
2026-01-20 17:29:32.195 [DEBUG] [ODATA_CLIENT] Resolved entity set from URL path: app
2026-01-20 17:29:32.195 [DEBUG] [ODATA_CLIENT] Using stored metadata context URL: http://localhost:4444/odata/ADMIN/$metadata
2026-01-20 17:29:32.195 [DEBUG] [ODATA_CLIENT] GetCurrentEntitySetType called
2026-01-20 17:29:32.195 [DEBUG] [ODATA_CLIENT] Current URL path: /odata/ADMIN/app
2026-01-20 17:29:32.195 [DEBUG] [ODATA_CLIENT] Input parameters count: 0
2026-01-20 17:29:32.195 [DEBUG] [ODATA_CLIENT] Current entity name from fragment: empty
2026-01-20 17:29:32.195 [DEBUG] [ODATA_CLIENT] No entity name from @odata.context; deferring to metadata lookup
2026-01-20 17:29:32.195 [DEBUG] [ODATA_CLIENT] Final entity set name: 
2026-01-20 17:29:32.195 [DEBUG] [ODATA_CLIENT] Using stored metadata context URL: http://localhost:4444/odata/ADMIN/$metadata
2026-01-20 17:29:32.195 [DEBUG] [ODATA_CLIENT] Derived entity set candidate from URL: app
2026-01-20 17:29:32.195 [DEBUG] [ODATA_CLIENT] Resolved entity set from URL path: app
2026-01-20 17:29:32.195 [DEBUG] [ODATA_CLIENT] Using stored metadata context URL: http://localhost:4444/odata/ADMIN/$metadata
2026-01-20 17:29:32.196 [DEBUG] [ODATA_CLIENT] Using stored metadata context URL: http://localhost:4444/odata/ADMIN/$metadata
2026-01-20 17:29:32.196 [DEBUG] [ODATA_CLIENT] GetCurrentEntitySetType called
2026-01-20 17:29:32.196 [DEBUG] [ODATA_CLIENT] Current URL path: /odata/ADMIN/app
2026-01-20 17:29:32.196 [DEBUG] [ODATA_CLIENT] Input parameters count: 0
2026-01-20 17:29:32.196 [DEBUG] [ODATA_CLIENT] Current entity name from fragment: empty
2026-01-20 17:29:32.196 [DEBUG] [ODATA_CLIENT] No entity name from @odata.context; deferring to metadata lookup
2026-01-20 17:29:32.196 [DEBUG] [ODATA_CLIENT] Final entity set name: 
2026-01-20 17:29:32.196 [DEBUG] [ODATA_CLIENT] Using stored metadata context URL: http://localhost:4444/odata/ADMIN/$metadata
2026-01-20 17:29:32.196 [DEBUG] [ODATA_CLIENT] Derived entity set candidate from URL: app
2026-01-20 17:29:32.196 [DEBUG] [ODATA_CLIENT] Resolved entity set from URL path: app
2026-01-20 17:29:32.196 [DEBUG] [ODATA_CLIENT] Using stored metadata context URL: http://localhost:4444/odata/ADMIN/$metadata
2026-01-20 17:29:32.196 [DEBUG] [ODATA_CLIENT] Using stored metadata context URL: http://localhost:4444/odata/ADMIN/$metadata
2026-01-20 17:29:32.197 [DEBUG] [PREDICATE_PUSHDOWN] Added field to select: app_id
2026-01-20 17:29:32.197 [DEBUG] [PREDICATE_PUSHDOWN] Added field to select: app
2026-01-20 17:29:32.197 [DEBUG] [PREDICATE_PUSHDOWN] Added field to select: db
2026-01-20 17:29:32.197 [DEBUG] [PREDICATE_PUSHDOWN] Added field to select: excluded
2026-01-20 17:29:32.197 [DEBUG] [PREDICATE_PUSHDOWN] Built select clause: $select=app_id,app,db,excluded
2026-01-20 17:29:32.197 [DEBUG] [PREDICATE_PUSHDOWN] Built select clause: $select=app_id,app,db,excluded
2026-01-20 17:29:32.197 [DEBUG] [ODATA_READ_BIND] Select clause: $select=app_id,app,db,excluded
2026-01-20 17:29:32.197 [DEBUG] [ODATA_READ_BIND] Adding 1 filters: Column 0: c0=1

2026-01-20 17:29:32.197 [DEBUG] [PREDICATE_PUSHDOWN] Building filter clause
2026-01-20 17:29:32.197 [DEBUG] [PREDICATE_PUSHDOWN] Processing 1 filters
2026-01-20 17:29:32.197 [DEBUG] [PREDICATE_PUSHDOWN] Processing filter for DuckDB column index: 0
2026-01-20 17:29:32.197 [DEBUG] [PREDICATE_PUSHDOWN] Total columns available: 12
2026-01-20 17:29:32.197 [DEBUG] [PREDICATE_PUSHDOWN] Column name resolver mapped index 0 to: app_id
2026-01-20 17:29:32.197 [DEBUG] [PREDICATE_PUSHDOWN] Translating filter for column 'app_id' with filter type: 0
2026-01-20 17:29:32.197 [DEBUG] [PREDICATE_PUSHDOWN] Translating constant comparison for column 'app_id'
2026-01-20 17:29:32.197 [DEBUG] [PREDICATE_PUSHDOWN] Constant value: '1' (type: INTEGER)
2026-01-20 17:29:32.197 [DEBUG] [PREDICATE_PUSHDOWN] Using comparison operator: eq
2026-01-20 17:29:32.197 [DEBUG] [PREDICATE_PUSHDOWN] Added numeric value without quotes: 1
2026-01-20 17:29:32.197 [DEBUG] [PREDICATE_PUSHDOWN] Final constant comparison: 'app_id eq 1'
2026-01-20 17:29:32.197 [DEBUG] [PREDICATE_PUSHDOWN] Translated filter result: 'app_id eq 1'
2026-01-20 17:29:32.197 [DEBUG] [PREDICATE_PUSHDOWN] Valid filter: app_id eq 1
2026-01-20 17:29:32.197 [DEBUG] [PREDICATE_PUSHDOWN] Built filter clause (smart-encoded): $filter=app_id%20eq%201
2026-01-20 17:29:32.197 [DEBUG] [PREDICATE_PUSHDOWN] Built filter clause: $filter=app_id%20eq%201
2026-01-20 17:29:32.197 [DEBUG] [ODATA_READ_BIND] Filter clause: $filter=app_id%20eq%201
2026-01-20 17:29:32.197 [DEBUG] [ODATA_READ_BIND] Updating URL from predicate pushdown
2026-01-20 17:29:32.197 [DEBUG] [ODATA_READ_BIND] Original URL: http://localhost:4444/odata/ADMIN/app?$format=json
2026-01-20 17:29:32.197 [DEBUG] [PREDICATE_PUSHDOWN] Applying filters to URL: http://localhost:4444/odata/ADMIN/app?$format=json
2026-01-20 17:29:32.197 [DEBUG] [PREDICATE_PUSHDOWN] Select clause: '$select=app_id,app,db,excluded'
2026-01-20 17:29:32.197 [DEBUG] [PREDICATE_PUSHDOWN] Filter clause: '$filter=app_id%20eq%201'
2026-01-20 17:29:32.197 [DEBUG] [PREDICATE_PUSHDOWN] Top clause: ''
2026-01-20 17:29:32.197 [DEBUG] [PREDICATE_PUSHDOWN] Skip clause: ''
2026-01-20 17:29:32.197 [DEBUG] [PREDICATE_PUSHDOWN] Expand clause: ''
2026-01-20 17:29:32.197 [DEBUG] [PREDICATE_PUSHDOWN] Set param '$select' = 'app_id,app,db,excluded'
2026-01-20 17:29:32.197 [DEBUG] [PREDICATE_PUSHDOWN] Set param '$filter' = 'app_id%20eq%201'
2026-01-20 17:29:32.197 [DEBUG] [PREDICATE_PUSHDOWN] Final query: '?$filter=app_id%20eq%201&$format=json&$select=app_id,app,db,excluded'
2026-01-20 17:29:32.197 [INFO] [PREDICATE_PUSHDOWN] Updated URL: http://localhost:4444/odata/ADMIN/app?$filter=app_id%20eq%201&$format=json&$select=app_id,app,db,excluded
2026-01-20 17:29:32.197 [DEBUG] [ODATA_READ_BIND] Updated URL: http://localhost:4444/odata/ADMIN/app?$filter=app_id%20eq%201&$format=json&$select=app_id,app,db,excluded
2026-01-20 17:29:32.197 [DEBUG] [ODATA_READ_BIND] PrefetchFirstPage: service_root_mode_ = false
2026-01-20 17:29:32.197 [DEBUG] [ODATA_READ_BIND] PrefetchFirstPage: starting first page fetch
2026-01-20 17:29:32.197 [INFO] [ODATA_CLIENT] Fetching OData request from: http://localhost:4444/odata/ADMIN/app?$filter=app_id%20eq%201&$format=json&$select=app_id,app,db,excluded (get_next: 0)
2026-01-20 17:29:32.197 [INFO] [ODATA_CLIENT] Resolved metadata URL: http://localhost:4444/odata/ADMIN/$metadata
2026-01-20 17:29:32.197 [DEBUG] [ODATA_CLIENT] Using cached metadata, detected version: V4
2026-01-20 17:29:32.197 [DEBUG] [ODATA_CLIENT] Executing HTTP GET request
2026-01-20 17:29:32.197 [DEBUG] [ODATA_CLIENT] DoHttpGet: calling AddInputParametersToUrl
2026-01-20 17:29:32.197 [INFO] [ODATA_CLIENT] AddInputParametersToUrl called with 0 parameters on client at 94622407859456
2026-01-20 17:29:32.197 [INFO] [ODATA_CLIENT] No input parameters to add
2026-01-20 17:29:32.197 [DEBUG] [ODATA_CLIENT] DoHttpGet: URL after input parameters: http://localhost:4444/odata/ADMIN/app?$filter=app_id%20eq%201&$format=json&$select=app_id,app,db,excluded
2026-01-20 17:29:32.197 [INFO] [HTTP_REQUEST_REPRO] Reproduce with: SELECT * FROM http_get('http://localhost:4444/odata/ADMIN/app?$filter=app_id%20eq%201&$format=json&$select=app_id,app,db,excluded', headers := MAP{'Accept': 'application/json;odata.metadata=minimal', 'Authorization': 'Bearer eyJhbGciOiJIUzI1NiJ9.eyJpc3MiOiJodHRwOi8vbG9jYWxob3N0OjQ0NDQiLCJzdWIiOiJ7XCJhY3RpdmVcIjp0cnVlLFwiZXhjbHVkZWRcIjpmYWxzZSxcImZpcnN0X25hbWVcIjpcIlN1cGVyXCIsXCJsYW5nX2lkXCI6MSxcImxhc3RfbmFtZVwiOlwiQWRtaW5cIixcInJvbGVfaWRcIjoxLFwidXNlcl9pZFwiOjEsXCJ1c2VybmFtZVwiOlwicm9vdFwifSIsImF1ZCI6WyJodHRwOi8vbG9jYWxob3N0OjQ0NDQiXSwiZXhwIjoxNzc0MDg0NzU1LjgzMzE4OTcsIm5iZiI6MTc2ODkwMDc1NS44MzMxOTA3LCJpYXQiOjE3Njg5MDA3NTUuODMzMTkwMn0.nKV-u4pSDHrsDNaaPkCnfXSs8jOtofXSggQ-MS5CtQA', 'OData-MaxVersion': '4.0', 'OData-Version': '4.0'}, url_encode := false);
2026-01-20 17:29:32.197 [INFO] [HTTP_REQUEST] Executing GET request to: /odata/ADMIN/app?$filter=app_id%20eq%201&$format=json&$select=app_id,app,db,excluded
2026-01-20 17:29:32.197 [DEBUG] [HTTP_REQUEST] Request headers:
2026-01-20 17:29:32.197 [DEBUG] [HTTP_REQUEST]   Accept: application/json;odata.metadata=minimal
2026-01-20 17:29:32.197 [DEBUG] [HTTP_REQUEST]   Authorization: Bearer eyJhbGciOiJIUzI1NiJ9.eyJpc3MiOiJodHRwOi8vbG9jYWxob3N0OjQ0NDQiLCJzdWIiOiJ7XCJhY3RpdmVcIjp0cnVlLFwiZXhjbHVkZWRcIjpmYWxzZSxcImZpcnN0X25hbWVcIjpcIlN1cGVyXCIsXCJsYW5nX2lkXCI6MSxcImxhc3RfbmFtZVwiOlwiQWRtaW5cIixcInJvbGVfaWRcIjoxLFwidXNlcl9pZFwiOjEsXCJ1c2VybmFtZVwiOlwicm9vdFwifSIsImF1ZCI6WyJodHRwOi8vbG9jYWxob3N0OjQ0NDQiXSwiZXhwIjoxNzc0MDg0NzU1LjgzMzE4OTcsIm5iZiI6MTc2ODkwMDc1NS44MzMxOTA3LCJpYXQiOjE3Njg5MDA3NTUuODMzMTkwMn0.nKV-u4pSDHrsDNaaPkCnfXSs8jOtofXSggQ-MS5CtQA
2026-01-20 17:29:32.197 [DEBUG] [HTTP_REQUEST]   OData-MaxVersion: 4.0
2026-01-20 17:29:32.197 [DEBUG] [HTTP_REQUEST]   OData-Version: 4.0
2026-01-20 17:29:32.198 [ERROR] [HTTP_RESPONSE] Request failed: Could not establish connection
2026-01-20 17:29:32.198 [INFO] [HTTP_REQUEST_REPRO] Reproduce with: SELECT * FROM http_get('http://localhost:4444/odata/ADMIN/app?$filter=app_id%20eq%201&$format=json&$select=app_id,app,db,excluded', headers := MAP{'Accept': 'application/json;odata.metadata=minimal', 'Authorization': 'Bearer eyJhbGciOiJIUzI1NiJ9.eyJpc3MiOiJodHRwOi8vbG9jYWxob3N0OjQ0NDQiLCJzdWIiOiJ7XCJhY3RpdmVcIjp0cnVlLFwiZXhjbHVkZWRcIjpmYWxzZSxcImZpcnN0X25hbWVcIjpcIlN1cGVyXCIsXCJsYW5nX2lkXCI6MSxcImxhc3RfbmFtZVwiOlwiQWRtaW5cIixcInJvbGVfaWRcIjoxLFwidXNlcl9pZFwiOjEsXCJ1c2VybmFtZVwiOlwicm9vdFwifSIsImF1ZCI6WyJodHRwOi8vbG9jYWxob3N0OjQ0NDQiXSwiZXhwIjoxNzc0MDg0NzU1LjgzMzE4OTcsIm5iZiI6MTc2ODkwMDc1NS44MzMxOTA3LCJpYXQiOjE3Njg5MDA3NTUuODMzMTkwMn0.nKV-u4pSDHrsDNaaPkCnfXSs8jOtofXSggQ-MS5CtQA', 'OData-MaxVersion': '4.0', 'OData-Version': '4.0'}, url_encode := false);
2026-01-20 17:29:32.198 [INFO] [HTTP_REQUEST] Executing GET request to: /odata/ADMIN/app?$filter=app_id%20eq%201&$format=json&$select=app_id,app,db,excluded
2026-01-20 17:29:32.198 [DEBUG] [HTTP_REQUEST] Request headers:
2026-01-20 17:29:32.198 [DEBUG] [HTTP_REQUEST]   Accept: application/json;odata.metadata=minimal
2026-01-20 17:29:32.198 [DEBUG] [HTTP_REQUEST]   Authorization: Bearer eyJhbGciOiJIUzI1NiJ9.eyJpc3MiOiJodHRwOi8vbG9jYWxob3N0OjQ0NDQiLCJzdWIiOiJ7XCJhY3RpdmVcIjp0cnVlLFwiZXhjbHVkZWRcIjpmYWxzZSxcImZpcnN0X25hbWVcIjpcIlN1cGVyXCIsXCJsYW5nX2lkXCI6MSxcImxhc3RfbmFtZVwiOlwiQWRtaW5cIixcInJvbGVfaWRcIjoxLFwidXNlcl9pZFwiOjEsXCJ1c2VybmFtZVwiOlwicm9vdFwifSIsImF1ZCI6WyJodHRwOi8vbG9jYWxob3N0OjQ0NDQiXSwiZXhwIjoxNzc0MDg0NzU1LjgzMzE4OTcsIm5iZiI6MTc2ODkwMDc1NS44MzMxOTA3LCJpYXQiOjE3Njg5MDA3NTUuODMzMTkwMn0.nKV-u4pSDHrsDNaaPkCnfXSs8jOtofXSggQ-MS5CtQA
2026-01-20 17:29:32.198 [DEBUG] [HTTP_REQUEST]   OData-MaxVersion: 4.0
2026-01-20 17:29:32.198 [DEBUG] [HTTP_REQUEST]   OData-Version: 4.0
2026-01-20 17:29:32.198 [ERROR] [HTTP_RESPONSE] Request failed: Could not establish connection
2026-01-20 17:29:32.299 [INFO] [HTTP_REQUEST_REPRO] Reproduce with: SELECT * FROM http_get('http://localhost:4444/odata/ADMIN/app?$filter=app_id%20eq%201&$format=json&$select=app_id,app,db,excluded', headers := MAP{'Accept': 'application/json;odata.metadata=minimal', 'Authorization': 'Bearer eyJhbGciOiJIUzI1NiJ9.eyJpc3MiOiJodHRwOi8vbG9jYWxob3N0OjQ0NDQiLCJzdWIiOiJ7XCJhY3RpdmVcIjp0cnVlLFwiZXhjbHVkZWRcIjpmYWxzZSxcImZpcnN0X25hbWVcIjpcIlN1cGVyXCIsXCJsYW5nX2lkXCI6MSxcImxhc3RfbmFtZVwiOlwiQWRtaW5cIixcInJvbGVfaWRcIjoxLFwidXNlcl9pZFwiOjEsXCJ1c2VybmFtZVwiOlwicm9vdFwifSIsImF1ZCI6WyJodHRwOi8vbG9jYWxob3N0OjQ0NDQiXSwiZXhwIjoxNzc0MDg0NzU1LjgzMzE4OTcsIm5iZiI6MTc2ODkwMDc1NS44MzMxOTA3LCJpYXQiOjE3Njg5MDA3NTUuODMzMTkwMn0.nKV-u4pSDHrsDNaaPkCnfXSs8jOtofXSggQ-MS5CtQA', 'OData-MaxVersion': '4.0', 'OData-Version': '4.0'}, url_encode := false);
2026-01-20 17:29:32.299 [INFO] [HTTP_REQUEST] Executing GET request to: /odata/ADMIN/app?$filter=app_id%20eq%201&$format=json&$select=app_id,app,db,excluded
2026-01-20 17:29:32.299 [DEBUG] [HTTP_REQUEST] Request headers:
2026-01-20 17:29:32.299 [DEBUG] [HTTP_REQUEST]   Accept: application/json;odata.metadata=minimal
2026-01-20 17:29:32.299 [DEBUG] [HTTP_REQUEST]   Authorization: Bearer eyJhbGciOiJIUzI1NiJ9.eyJpc3MiOiJodHRwOi8vbG9jYWxob3N0OjQ0NDQiLCJzdWIiOiJ7XCJhY3RpdmVcIjp0cnVlLFwiZXhjbHVkZWRcIjpmYWxzZSxcImZpcnN0X25hbWVcIjpcIlN1cGVyXCIsXCJsYW5nX2lkXCI6MSxcImxhc3RfbmFtZVwiOlwiQWRtaW5cIixcInJvbGVfaWRcIjoxLFwidXNlcl9pZFwiOjEsXCJ1c2VybmFtZVwiOlwicm9vdFwifSIsImF1ZCI6WyJodHRwOi8vbG9jYWxob3N0OjQ0NDQiXSwiZXhwIjoxNzc0MDg0NzU1LjgzMzE4OTcsIm5iZiI6MTc2ODkwMDc1NS44MzMxOTA3LCJpYXQiOjE3Njg5MDA3NTUuODMzMTkwMn0.nKV-u4pSDHrsDNaaPkCnfXSs8jOtofXSggQ-MS5CtQA
2026-01-20 17:29:32.299 [DEBUG] [HTTP_REQUEST]   OData-MaxVersion: 4.0
2026-01-20 17:29:32.299 [DEBUG] [HTTP_REQUEST]   OData-Version: 4.0
2026-01-20 17:29:32.299 [ERROR] [HTTP_RESPONSE] Request failed: Could not establish connection
2026-01-20 17:29:39.887 [DEBUG] [ODATA_READ_BIND] Standard OData v4 URL detected, using conventional metadata approach
2026-01-20 17:29:39.888 [DEBUG] [ODATA_READ_BIND] Standard OData v4 URL detected, using conventional metadata approach
2026-01-20 17:29:39.889 [DEBUG] [ODATA_READ_BIND] Activating columns: 0, 1, 5, 11, 
2026-01-20 17:29:39.889 [DEBUG] [ODATA_READ_BIND] Mapping activated index 0 to original index 0
2026-01-20 17:29:39.889 [DEBUG] [ODATA_READ_BIND] Mapping activated index 1 to original index 1
2026-01-20 17:29:39.889 [DEBUG] [ODATA_READ_BIND] Mapping activated index 2 to original index 5
2026-01-20 17:29:39.889 [DEBUG] [ODATA_READ_BIND] Mapping activated index 3 to original index 11
2026-01-20 17:29:39.889 [DEBUG] [ODATA_READ_BIND] ActivateColumns: service_root_mode_ = false
2026-01-20 17:29:39.889 [DEBUG] [ODATA_READ_BIND] Creating new predicate pushdown helper
2026-01-20 17:29:39.889 [INFO] [ODATA_CLIENT] Resolved metadata URL: http://localhost:4444/odata/ADMIN/$metadata
2026-01-20 17:29:39.889 [DEBUG] [ODATA_CLIENT] GetCurrentEntitySetType called
2026-01-20 17:29:39.889 [DEBUG] [ODATA_CLIENT] Current URL path: /odata/ADMIN/app
2026-01-20 17:29:39.889 [DEBUG] [ODATA_CLIENT] Input parameters count: 0
2026-01-20 17:29:39.889 [DEBUG] [ODATA_CLIENT] Current entity name from fragment: empty
2026-01-20 17:29:39.889 [DEBUG] [ODATA_CLIENT] No entity name from @odata.context; deferring to metadata lookup
2026-01-20 17:29:39.889 [DEBUG] [ODATA_CLIENT] Final entity set name: 
2026-01-20 17:29:39.889 [DEBUG] [ODATA_CLIENT] Using stored metadata context URL: http://localhost:4444/odata/ADMIN/$metadata
2026-01-20 17:29:39.890 [DEBUG] [ODATA_CLIENT] Derived entity set candidate from URL: app
2026-01-20 17:29:39.890 [DEBUG] [ODATA_CLIENT] Resolved entity set from URL path: app
2026-01-20 17:29:39.890 [DEBUG] [ODATA_CLIENT] Using stored metadata context URL: http://localhost:4444/odata/ADMIN/$metadata
2026-01-20 17:29:39.890 [DEBUG] [ODATA_CLIENT] GetCurrentEntitySetType called
2026-01-20 17:29:39.890 [DEBUG] [ODATA_CLIENT] Current URL path: /odata/ADMIN/app
2026-01-20 17:29:39.890 [DEBUG] [ODATA_CLIENT] Input parameters count: 0
2026-01-20 17:29:39.890 [DEBUG] [ODATA_CLIENT] Current entity name from fragment: empty
2026-01-20 17:29:39.890 [DEBUG] [ODATA_CLIENT] No entity name from @odata.context; deferring to metadata lookup
2026-01-20 17:29:39.890 [DEBUG] [ODATA_CLIENT] Final entity set name: 
2026-01-20 17:29:39.890 [DEBUG] [ODATA_CLIENT] Using stored metadata context URL: http://localhost:4444/odata/ADMIN/$metadata
2026-01-20 17:29:39.890 [DEBUG] [ODATA_CLIENT] Derived entity set candidate from URL: app
2026-01-20 17:29:39.890 [DEBUG] [ODATA_CLIENT] Resolved entity set from URL path: app
2026-01-20 17:29:39.890 [DEBUG] [ODATA_CLIENT] Using stored metadata context URL: http://localhost:4444/odata/ADMIN/$metadata
2026-01-20 17:29:39.890 [DEBUG] [ODATA_CLIENT] Using stored metadata context URL: http://localhost:4444/odata/ADMIN/$metadata
2026-01-20 17:29:39.890 [DEBUG] [ODATA_CLIENT] GetCurrentEntitySetType called
2026-01-20 17:29:39.890 [DEBUG] [ODATA_CLIENT] Current URL path: /odata/ADMIN/app
2026-01-20 17:29:39.890 [DEBUG] [ODATA_CLIENT] Input parameters count: 0
2026-01-20 17:29:39.891 [DEBUG] [ODATA_CLIENT] Current entity name from fragment: empty
2026-01-20 17:29:39.891 [DEBUG] [ODATA_CLIENT] No entity name from @odata.context; deferring to metadata lookup
2026-01-20 17:29:39.891 [DEBUG] [ODATA_CLIENT] Final entity set name: 
2026-01-20 17:29:39.891 [DEBUG] [ODATA_CLIENT] Using stored metadata context URL: http://localhost:4444/odata/ADMIN/$metadata
2026-01-20 17:29:39.891 [DEBUG] [ODATA_CLIENT] Derived entity set candidate from URL: app
2026-01-20 17:29:39.891 [DEBUG] [ODATA_CLIENT] Resolved entity set from URL path: app
2026-01-20 17:29:39.891 [DEBUG] [ODATA_CLIENT] Using stored metadata context URL: http://localhost:4444/odata/ADMIN/$metadata
2026-01-20 17:29:39.891 [DEBUG] [ODATA_CLIENT] Using stored metadata context URL: http://localhost:4444/odata/ADMIN/$metadata
2026-01-20 17:29:39.891 [DEBUG] [ODATA_READ_BIND] Using OData client column names for predicate pushdown: 12 columns
2026-01-20 17:29:39.891 [DEBUG] [PREDICATE_PUSHDOWN] Created predicate pushdown helper with 12 columns
2026-01-20 17:29:39.891 [DEBUG] [PREDICATE_PUSHDOWN] Column 0: app_id
2026-01-20 17:29:39.891 [DEBUG] [PREDICATE_PUSHDOWN] Column 1: app
2026-01-20 17:29:39.891 [DEBUG] [PREDICATE_PUSHDOWN] Column 2: app_desc
2026-01-20 17:29:39.891 [DEBUG] [PREDICATE_PUSHDOWN] Column 3: version
2026-01-20 17:29:39.891 [DEBUG] [PREDICATE_PUSHDOWN] Column 4: email
2026-01-20 17:29:39.891 [DEBUG] [PREDICATE_PUSHDOWN] Column 5: db
2026-01-20 17:29:39.891 [DEBUG] [PREDICATE_PUSHDOWN] Column 6: attach_logo
2026-01-20 17:29:39.891 [DEBUG] [PREDICATE_PUSHDOWN] Column 7: config
2026-01-20 17:29:39.891 [DEBUG] [PREDICATE_PUSHDOWN] Column 8: user_id
2026-01-20 17:29:39.891 [DEBUG] [PREDICATE_PUSHDOWN] Column 9: created_at
2026-01-20 17:29:39.891 [DEBUG] [PREDICATE_PUSHDOWN] Column 10: updated_at
2026-01-20 17:29:39.891 [DEBUG] [PREDICATE_PUSHDOWN] Column 11: excluded
2026-01-20 17:29:39.891 [DEBUG] [PREDICATE_PUSHDOWN] Set OData version to: V4
2026-01-20 17:29:39.891 [DEBUG] [ODATA_READ_BIND] Set OData version V4 on predicate pushdown helper
2026-01-20 17:29:39.891 [DEBUG] [PREDICATE_PUSHDOWN] Column name resolver set
2026-01-20 17:29:39.891 [DEBUG] [PREDICATE_PUSHDOWN] Consuming column selection: 4 columns
2026-01-20 17:29:39.891 [DEBUG] [PREDICATE_PUSHDOWN] Building select clause for 4 columns
2026-01-20 17:29:39.891 [DEBUG] [PREDICATE_PUSHDOWN] Non-rowid columns: 4 out of 12
2026-01-20 17:29:39.891 [DEBUG] [ODATA_CLIENT] Using stored metadata context URL: http://localhost:4444/odata/ADMIN/$metadata
2026-01-20 17:29:39.891 [DEBUG] [ODATA_CLIENT] GetCurrentEntitySetType called
2026-01-20 17:29:39.891 [DEBUG] [ODATA_CLIENT] Current URL path: /odata/ADMIN/app
2026-01-20 17:29:39.892 [DEBUG] [ODATA_CLIENT] Input parameters count: 0
2026-01-20 17:29:39.892 [DEBUG] [ODATA_CLIENT] Current entity name from fragment: empty
2026-01-20 17:29:39.892 [DEBUG] [ODATA_CLIENT] No entity name from @odata.context; deferring to metadata lookup
2026-01-20 17:29:39.892 [DEBUG] [ODATA_CLIENT] Final entity set name: 
2026-01-20 17:29:39.892 [DEBUG] [ODATA_CLIENT] Using stored metadata context URL: http://localhost:4444/odata/ADMIN/$metadata
2026-01-20 17:29:39.892 [DEBUG] [ODATA_CLIENT] Derived entity set candidate from URL: app
2026-01-20 17:29:39.892 [DEBUG] [ODATA_CLIENT] Resolved entity set from URL path: app
2026-01-20 17:29:39.892 [DEBUG] [ODATA_CLIENT] Using stored metadata context URL: http://localhost:4444/odata/ADMIN/$metadata
2026-01-20 17:29:39.892 [DEBUG] [ODATA_CLIENT] GetCurrentEntitySetType called
2026-01-20 17:29:39.892 [DEBUG] [ODATA_CLIENT] Current URL path: /odata/ADMIN/app
2026-01-20 17:29:39.892 [DEBUG] [ODATA_CLIENT] Input parameters count: 0
2026-01-20 17:29:39.892 [DEBUG] [ODATA_CLIENT] Current entity name from fragment: empty
2026-01-20 17:29:39.892 [DEBUG] [ODATA_CLIENT] No entity name from @odata.context; deferring to metadata lookup
2026-01-20 17:29:39.892 [DEBUG] [ODATA_CLIENT] Final entity set name: 
2026-01-20 17:29:39.892 [DEBUG] [ODATA_CLIENT] Using stored metadata context URL: http://localhost:4444/odata/ADMIN/$metadata
2026-01-20 17:29:39.892 [DEBUG] [ODATA_CLIENT] Derived entity set candidate from URL: app
2026-01-20 17:29:39.892 [DEBUG] [ODATA_CLIENT] Resolved entity set from URL path: app
2026-01-20 17:29:39.892 [DEBUG] [ODATA_CLIENT] Using stored metadata context URL: http://localhost:4444/odata/ADMIN/$metadata
2026-01-20 17:29:39.892 [DEBUG] [ODATA_CLIENT] Using stored metadata context URL: http://localhost:4444/odata/ADMIN/$metadata
2026-01-20 17:29:39.892 [DEBUG] [ODATA_CLIENT] GetCurrentEntitySetType called
2026-01-20 17:29:39.892 [DEBUG] [ODATA_CLIENT] Current URL path: /odata/ADMIN/app
2026-01-20 17:29:39.892 [DEBUG] [ODATA_CLIENT] Input parameters count: 0
2026-01-20 17:29:39.892 [DEBUG] [ODATA_CLIENT] Current entity name from fragment: empty
2026-01-20 17:29:39.892 [DEBUG] [ODATA_CLIENT] No entity name from @odata.context; deferring to metadata lookup
2026-01-20 17:29:39.892 [DEBUG] [ODATA_CLIENT] Final entity set name: 
2026-01-20 17:29:39.892 [DEBUG] [ODATA_CLIENT] Using stored metadata context URL: http://localhost:4444/odata/ADMIN/$metadata
2026-01-20 17:29:39.892 [DEBUG] [ODATA_CLIENT] Derived entity set candidate from URL: app
2026-01-20 17:29:39.893 [DEBUG] [ODATA_CLIENT] Resolved entity set from URL path: app
2026-01-20 17:29:39.893 [DEBUG] [ODATA_CLIENT] Using stored metadata context URL: http://localhost:4444/odata/ADMIN/$metadata
2026-01-20 17:29:39.893 [DEBUG] [ODATA_CLIENT] Using stored metadata context URL: http://localhost:4444/odata/ADMIN/$metadata
2026-01-20 17:29:39.894 [DEBUG] [PREDICATE_PUSHDOWN] Added field to select: app_id
2026-01-20 17:29:39.894 [DEBUG] [PREDICATE_PUSHDOWN] Added field to select: app
2026-01-20 17:29:39.894 [DEBUG] [PREDICATE_PUSHDOWN] Added field to select: db
2026-01-20 17:29:39.894 [DEBUG] [PREDICATE_PUSHDOWN] Added field to select: excluded
2026-01-20 17:29:39.894 [DEBUG] [PREDICATE_PUSHDOWN] Built select clause: $select=app_id,app,db,excluded
2026-01-20 17:29:39.894 [DEBUG] [PREDICATE_PUSHDOWN] Built select clause: $select=app_id,app,db,excluded
2026-01-20 17:29:39.894 [DEBUG] [ODATA_READ_BIND] Select clause: $select=app_id,app,db,excluded
2026-01-20 17:29:39.894 [DEBUG] [ODATA_READ_BIND] Adding 1 filters: Column 0: c0=1

2026-01-20 17:29:39.894 [DEBUG] [PREDICATE_PUSHDOWN] Building filter clause
2026-01-20 17:29:39.894 [DEBUG] [PREDICATE_PUSHDOWN] Processing 1 filters
2026-01-20 17:29:39.894 [DEBUG] [PREDICATE_PUSHDOWN] Processing filter for DuckDB column index: 0
2026-01-20 17:29:39.894 [DEBUG] [PREDICATE_PUSHDOWN] Total columns available: 12
2026-01-20 17:29:39.894 [DEBUG] [PREDICATE_PUSHDOWN] Column name resolver mapped index 0 to: app_id
2026-01-20 17:29:39.894 [DEBUG] [PREDICATE_PUSHDOWN] Translating filter for column 'app_id' with filter type: 0
2026-01-20 17:29:39.894 [DEBUG] [PREDICATE_PUSHDOWN] Translating constant comparison for column 'app_id'
2026-01-20 17:29:39.894 [DEBUG] [PREDICATE_PUSHDOWN] Constant value: '1' (type: INTEGER)
2026-01-20 17:29:39.894 [DEBUG] [PREDICATE_PUSHDOWN] Using comparison operator: eq
2026-01-20 17:29:39.894 [DEBUG] [PREDICATE_PUSHDOWN] Added numeric value without quotes: 1
2026-01-20 17:29:39.894 [DEBUG] [PREDICATE_PUSHDOWN] Final constant comparison: 'app_id eq 1'
2026-01-20 17:29:39.894 [DEBUG] [PREDICATE_PUSHDOWN] Translated filter result: 'app_id eq 1'
2026-01-20 17:29:39.894 [DEBUG] [PREDICATE_PUSHDOWN] Valid filter: app_id eq 1
2026-01-20 17:29:39.894 [DEBUG] [PREDICATE_PUSHDOWN] Built filter clause (smart-encoded): $filter=app_id%20eq%201
2026-01-20 17:29:39.894 [DEBUG] [PREDICATE_PUSHDOWN] Built filter clause: $filter=app_id%20eq%201
2026-01-20 17:29:39.894 [DEBUG] [ODATA_READ_BIND] Filter clause: $filter=app_id%20eq%201
2026-01-20 17:29:39.894 [DEBUG] [ODATA_READ_BIND] Updating URL from predicate pushdown
2026-01-20 17:29:39.894 [DEBUG] [ODATA_READ_BIND] Original URL: http://localhost:4444/odata/ADMIN/app?$format=json
2026-01-20 17:29:39.894 [DEBUG] [PREDICATE_PUSHDOWN] Applying filters to URL: http://localhost:4444/odata/ADMIN/app?$format=json
2026-01-20 17:29:39.894 [DEBUG] [PREDICATE_PUSHDOWN] Select clause: '$select=app_id,app,db,excluded'
2026-01-20 17:29:39.894 [DEBUG] [PREDICATE_PUSHDOWN] Filter clause: '$filter=app_id%20eq%201'
2026-01-20 17:29:39.894 [DEBUG] [PREDICATE_PUSHDOWN] Top clause: ''
2026-01-20 17:29:39.894 [DEBUG] [PREDICATE_PUSHDOWN] Skip clause: ''
2026-01-20 17:29:39.894 [DEBUG] [PREDICATE_PUSHDOWN] Expand clause: ''
2026-01-20 17:29:39.894 [DEBUG] [PREDICATE_PUSHDOWN] Set param '$select' = 'app_id,app,db,excluded'
2026-01-20 17:29:39.894 [DEBUG] [PREDICATE_PUSHDOWN] Set param '$filter' = 'app_id%20eq%201'
2026-01-20 17:29:39.894 [DEBUG] [PREDICATE_PUSHDOWN] Final query: '?$filter=app_id%20eq%201&$format=json&$select=app_id,app,db,excluded'
2026-01-20 17:29:39.894 [INFO] [PREDICATE_PUSHDOWN] Updated URL: http://localhost:4444/odata/ADMIN/app?$filter=app_id%20eq%201&$format=json&$select=app_id,app,db,excluded
2026-01-20 17:29:39.894 [DEBUG] [ODATA_READ_BIND] Updated URL: http://localhost:4444/odata/ADMIN/app?$filter=app_id%20eq%201&$format=json&$select=app_id,app,db,excluded
2026-01-20 17:29:39.894 [DEBUG] [ODATA_READ_BIND] PrefetchFirstPage: service_root_mode_ = false
2026-01-20 17:29:39.894 [DEBUG] [ODATA_READ_BIND] PrefetchFirstPage: starting first page fetch
2026-01-20 17:29:39.894 [INFO] [ODATA_CLIENT] Fetching OData request from: http://localhost:4444/odata/ADMIN/app?$filter=app_id%20eq%201&$format=json&$select=app_id,app,db,excluded (get_next: 0)
2026-01-20 17:29:39.894 [INFO] [ODATA_CLIENT] Resolved metadata URL: http://localhost:4444/odata/ADMIN/$metadata
2026-01-20 17:29:39.894 [DEBUG] [ODATA_CLIENT] Using cached metadata, detected version: V4
2026-01-20 17:29:39.894 [DEBUG] [ODATA_CLIENT] Executing HTTP GET request
2026-01-20 17:29:39.894 [DEBUG] [ODATA_CLIENT] DoHttpGet: calling AddInputParametersToUrl
2026-01-20 17:29:39.894 [INFO] [ODATA_CLIENT] AddInputParametersToUrl called with 0 parameters on client at 94622407858880
2026-01-20 17:29:39.894 [INFO] [ODATA_CLIENT] No input parameters to add
2026-01-20 17:29:39.894 [DEBUG] [ODATA_CLIENT] DoHttpGet: URL after input parameters: http://localhost:4444/odata/ADMIN/app?$filter=app_id%20eq%201&$format=json&$select=app_id,app,db,excluded
2026-01-20 17:29:39.894 [INFO] [HTTP_REQUEST_REPRO] Reproduce with: SELECT * FROM http_get('http://localhost:4444/odata/ADMIN/app?$filter=app_id%20eq%201&$format=json&$select=app_id,app,db,excluded', headers := MAP{'Accept': 'application/json;odata.metadata=minimal', 'Authorization': 'Bearer eyJhbGciOiJIUzI1NiJ9.eyJpc3MiOiJodHRwOi8vbG9jYWxob3N0OjQ0NDQiLCJzdWIiOiJ7XCJhY3RpdmVcIjp0cnVlLFwiZXhjbHVkZWRcIjpmYWxzZSxcImZpcnN0X25hbWVcIjpcIlN1cGVyXCIsXCJsYW5nX2lkXCI6MSxcImxhc3RfbmFtZVwiOlwiQWRtaW5cIixcInJvbGVfaWRcIjoxLFwidXNlcl9pZFwiOjEsXCJ1c2VybmFtZVwiOlwicm9vdFwifSIsImF1ZCI6WyJodHRwOi8vbG9jYWxob3N0OjQ0NDQiXSwiZXhwIjoxNzc0MDg0NzU1LjgzMzE4OTcsIm5iZiI6MTc2ODkwMDc1NS44MzMxOTA3LCJpYXQiOjE3Njg5MDA3NTUuODMzMTkwMn0.nKV-u4pSDHrsDNaaPkCnfXSs8jOtofXSggQ-MS5CtQA', 'OData-MaxVersion': '4.0', 'OData-Version': '4.0'}, url_encode := false);
2026-01-20 17:29:39.894 [INFO] [HTTP_REQUEST] Executing GET request to: /odata/ADMIN/app?$filter=app_id%20eq%201&$format=json&$select=app_id,app,db,excluded
2026-01-20 17:29:39.894 [DEBUG] [HTTP_REQUEST] Request headers:
2026-01-20 17:29:39.894 [DEBUG] [HTTP_REQUEST]   Accept: application/json;odata.metadata=minimal
2026-01-20 17:29:39.894 [DEBUG] [HTTP_REQUEST]   Authorization: Bearer eyJhbGciOiJIUzI1NiJ9.eyJpc3MiOiJodHRwOi8vbG9jYWxob3N0OjQ0NDQiLCJzdWIiOiJ7XCJhY3RpdmVcIjp0cnVlLFwiZXhjbHVkZWRcIjpmYWxzZSxcImZpcnN0X25hbWVcIjpcIlN1cGVyXCIsXCJsYW5nX2lkXCI6MSxcImxhc3RfbmFtZVwiOlwiQWRtaW5cIixcInJvbGVfaWRcIjoxLFwidXNlcl9pZFwiOjEsXCJ1c2VybmFtZVwiOlwicm9vdFwifSIsImF1ZCI6WyJodHRwOi8vbG9jYWxob3N0OjQ0NDQiXSwiZXhwIjoxNzc0MDg0NzU1LjgzMzE4OTcsIm5iZiI6MTc2ODkwMDc1NS44MzMxOTA3LCJpYXQiOjE3Njg5MDA3NTUuODMzMTkwMn0.nKV-u4pSDHrsDNaaPkCnfXSs8jOtofXSggQ-MS5CtQA
2026-01-20 17:29:39.894 [DEBUG] [HTTP_REQUEST]   OData-MaxVersion: 4.0
2026-01-20 17:29:39.894 [DEBUG] [HTTP_REQUEST]   OData-Version: 4.0
2026-01-20 17:29:39.908 [INFO] [HTTP_RESPONSE] Response status: 200
2026-01-20 17:29:39.908 [DEBUG] [HTTP_RESPONSE] Response headers:
2026-01-20 17:29:39.908 [DEBUG] [HTTP_RESPONSE]   Access-Control-Allow-Headers: Content-Type, Authorization, enctype
2026-01-20 17:29:39.908 [DEBUG] [HTTP_RESPONSE]   Access-Control-Allow-Methods: GET, POST, PUT, DELETE, OPTIONS
2026-01-20 17:29:39.908 [DEBUG] [HTTP_RESPONSE]   Access-Control-Allow-Origin: *
2026-01-20 17:29:39.908 [DEBUG] [HTTP_RESPONSE]   Content-Length: 161
2026-01-20 17:29:39.908 [DEBUG] [HTTP_RESPONSE]   Content-Type: application/json; charset=utf-8
2026-01-20 17:29:39.908 [DEBUG] [HTTP_RESPONSE]   Date: Tue, 20 Jan 2026 18:29:39 GMT
2026-01-20 17:29:39.908 [DEBUG] [HTTP_RESPONSE]   Odata-Version: 4.0
2026-01-20 17:29:39.908 [DEBUG] [HTTP_RESPONSE]   Vary: Authorization
2026-01-20 17:29:39.908 [DEBUG] [HTTP_RESPONSE] Response body (161 bytes)
2026-01-20 17:29:39.908 [DEBUG] [HTTP_RESPONSE] Response body: {"@odata.context":"http://localhost:4444/odata/ADMIN/app","@odata.count":1,"value":[{"app":"ADMIN","app_id":1,"db":"ADMIN","excluded":false,"username":"root"}]}

2026-01-20 17:29:39.909 [DEBUG] [ODATA_CLIENT] Creating OData response object
2026-01-20 17:29:39.909 [DEBUG] [ODATA_RESPONSE] Created OData entity set response
2026-01-20 17:29:39.909 [DEBUG] [ODATA_RESPONSE] Response content type: application/json; charset=utf-8
2026-01-20 17:29:39.909 [DEBUG] [ODATA_RESPONSE] OData version: V4
2026-01-20 17:29:39.909 [DEBUG] [ODATA_CLIENT] Successfully created OData response
2026-01-20 17:29:39.909 [DEBUG] [ODATA_RESPONSE] Parsing HTTP response content
2026-01-20 17:29:39.909 [DEBUG] [ODATA_RESPONSE] Content type: application/json; charset=utf-8
2026-01-20 17:29:39.909 [DEBUG] [CHARSET_CONVERTER] Detected UTF-8 charset, using UTF-8 converter
2026-01-20 17:29:39.909 [DEBUG] [CHARSET_CONVERTER] Creating charset converter for content type: application/json; charset=utf-8
2026-01-20 17:29:39.909 [DEBUG] [CHARSET_CONVERTER] Charset converter initialized with charset: utf-8
2026-01-20 17:29:39.909 [DEBUG] [CHARSET_CONVERTER] Converting 161 bytes using charset: utf-8
2026-01-20 17:29:39.909 [DEBUG] [CHARSET_CONVERTER] Converting from bytes using charset: utf-8
2026-01-20 17:29:39.909 [DEBUG] [CHARSET_CONVERTER] Using default UTF-8 conversion
2026-01-20 17:29:39.909 [DEBUG] [CHARSET_CONVERTER] Using UTF-8 converter for output
2026-01-20 17:29:39.909 [DEBUG] [ODATA_RESPONSE] Content size: 161 bytes
2026-01-20 17:29:39.909 [DEBUG] [CHARSET_CONVERTER] Detected UTF-8 charset, using UTF-8 converter
2026-01-20 17:29:39.909 [DEBUG] [CHARSET_CONVERTER] Creating charset converter for content type: application/json; charset=utf-8
2026-01-20 17:29:39.909 [DEBUG] [CHARSET_CONVERTER] Charset converter initialized with charset: utf-8
2026-01-20 17:29:39.909 [DEBUG] [CHARSET_CONVERTER] Converting 161 bytes using charset: utf-8
2026-01-20 17:29:39.909 [DEBUG] [CHARSET_CONVERTER] Converting from bytes using charset: utf-8
2026-01-20 17:29:39.909 [DEBUG] [CHARSET_CONVERTER] Using default UTF-8 conversion
2026-01-20 17:29:39.909 [DEBUG] [CHARSET_CONVERTER] Using UTF-8 converter for output
2026-01-20 17:29:39.909 [DEBUG] [ODATA_CONTENT] Creating OData content from response
2026-01-20 17:29:39.909 [DEBUG] [ODATA_CONTENT] Content type: application/json; charset=utf-8
2026-01-20 17:29:39.909 [DEBUG] [ODATA_CONTENT] Content size: 161 bytes
2026-01-20 17:29:39.909 [DEBUG] [DETECT_VERSION] Starting OData version detection
2026-01-20 17:29:39.909 [DEBUG] [DETECT_VERSION] Found 'value' array, detecting as V4
2026-01-20 17:29:39.909 [DEBUG] [ODATA_CONTENT] Detected OData version from response: V4
2026-01-20 17:29:39.909 [DEBUG] [ODATA_CONTENT] Metadata suggested version: V4
2026-01-20 17:29:39.909 [DEBUG] [DETECT_VERSION] Starting OData version detection
2026-01-20 17:29:39.909 [DEBUG] [DETECT_VERSION] Found 'value' array, detecting as V4
2026-01-20 17:29:39.909 [DEBUG] [ODATA_RESPONSE] Successfully parsed content
2026-01-20 17:29:39.909 [DEBUG] [ODATA_CLIENT] Raw metadata context URL: http://localhost:4444/odata/ADMIN/app
2026-01-20 17:29:39.909 [INFO] [ODATA_CLIENT] Updated metadata context URL from response: http://localhost:4444/odata/ADMIN/app
2026-01-20 17:29:39.909 [DEBUG] [ODATA_RESPONSE] Returning cached parsed content
2026-01-20 17:29:39.909 [INFO] [ODATA_READ_BIND] Service reported total row count: 1
2026-01-20 17:29:39.909 [INFO] [ODATA_READ_BIND] GetResultNames called - service_root_mode: false
2026-01-20 17:29:39.909 [INFO] [ODATA_READ_BIND] GetResultTypes called - service_root_mode: false
2026-01-20 17:29:39.909 [INFO] [ODATA_READ_BIND] Calling odata_client->GetResultTypes() for metadata
2026-01-20 17:29:39.909 [DEBUG] [ODATA_CLIENT] Using stored metadata context URL: http://localhost:4444/odata/ADMIN/app
2026-01-20 17:29:39.909 [DEBUG] [ODATA_CLIENT] OData Metadata HTTP Request:
  URL: http://localhost:4444/odata/ADMIN/app
  Method: GET
  Headers:
    Connection: close
    Authorization: Bearer eyJhbGciOiJIUzI1NiJ9.eyJpc3MiOiJodHRwOi8vbG9jYWxob3N0OjQ0NDQiLCJzdWIiOiJ7XCJhY3RpdmVcIjp0cnVlLFwiZXhjbHVkZWRcIjpmYWxzZSxcImZpcnN0X25hbWVcIjpcIlN1cGVyXCIsXCJsYW5nX2lkXCI6MSxcImxhc3RfbmFtZVwiOlwiQWRtaW5cIixcInJvbGVfaWRcIjoxLFwidXNlcl9pZFwiOjEsXCJ1c2VybmFtZVwiOlwicm9vdFwifSIsImF1ZCI6WyJodHRwOi8vbG9jYWxob3N0OjQ0NDQiXSwiZXhwIjoxNzc0MDg0NzU1LjgzMzE4OTcsIm5iZiI6MTc2ODkwMDc1NS44MzMxOTA3LCJpYXQiOjE3Njg5MDA3NTUuODMzMTkwMn0.nKV-u4pSDHrsDNaaPkCnfXSs8jOtofXSggQ-MS5CtQA
    Accept: application/xml
2026-01-20 17:29:39.909 [DEBUG] [ODATA_CLIENT] Metadata request attempt 1 of 3
2026-01-20 17:29:39.910 [INFO] [HTTP_REQUEST_REPRO] Reproduce with: SELECT * FROM http_get('http://localhost:4444/odata/ADMIN/app', headers := MAP{'Accept': 'application/xml', 'Authorization': 'Bearer eyJhbGciOiJIUzI1NiJ9.eyJpc3MiOiJodHRwOi8vbG9jYWxob3N0OjQ0NDQiLCJzdWIiOiJ7XCJhY3RpdmVcIjp0cnVlLFwiZXhjbHVkZWRcIjpmYWxzZSxcImZpcnN0X25hbWVcIjpcIlN1cGVyXCIsXCJsYW5nX2lkXCI6MSxcImxhc3RfbmFtZVwiOlwiQWRtaW5cIixcInJvbGVfaWRcIjoxLFwidXNlcl9pZFwiOjEsXCJ1c2VybmFtZVwiOlwicm9vdFwifSIsImF1ZCI6WyJodHRwOi8vbG9jYWxob3N0OjQ0NDQiXSwiZXhwIjoxNzc0MDg0NzU1LjgzMzE4OTcsIm5iZiI6MTc2ODkwMDc1NS44MzMxOTA3LCJpYXQiOjE3Njg5MDA3NTUuODMzMTkwMn0.nKV-u4pSDHrsDNaaPkCnfXSs8jOtofXSggQ-MS5CtQA', 'Connection': 'close'}, url_encode := false);
2026-01-20 17:29:39.910 [INFO] [HTTP_REQUEST] Executing GET request to: /odata/ADMIN/app
2026-01-20 17:29:39.910 [DEBUG] [HTTP_REQUEST] Request headers:
2026-01-20 17:29:39.910 [DEBUG] [HTTP_REQUEST]   Accept: application/xml
2026-01-20 17:29:39.910 [DEBUG] [HTTP_REQUEST]   Authorization: Bearer eyJhbGciOiJIUzI1NiJ9.eyJpc3MiOiJodHRwOi8vbG9jYWxob3N0OjQ0NDQiLCJzdWIiOiJ7XCJhY3RpdmVcIjp0cnVlLFwiZXhjbHVkZWRcIjpmYWxzZSxcImZpcnN0X25hbWVcIjpcIlN1cGVyXCIsXCJsYW5nX2lkXCI6MSxcImxhc3RfbmFtZVwiOlwiQWRtaW5cIixcInJvbGVfaWRcIjoxLFwidXNlcl9pZFwiOjEsXCJ1c2VybmFtZVwiOlwicm9vdFwifSIsImF1ZCI6WyJodHRwOi8vbG9jYWxob3N0OjQ0NDQiXSwiZXhwIjoxNzc0MDg0NzU1LjgzMzE4OTcsIm5iZiI6MTc2ODkwMDc1NS44MzMxOTA3LCJpYXQiOjE3Njg5MDA3NTUuODMzMTkwMn0.nKV-u4pSDHrsDNaaPkCnfXSs8jOtofXSggQ-MS5CtQA
2026-01-20 17:29:39.910 [DEBUG] [HTTP_REQUEST]   Connection: close
2026-01-20 17:29:39.910 [INFO] [HTTP_RESPONSE] Response status: 200
2026-01-20 17:29:39.911 [DEBUG] [HTTP_RESPONSE] Response headers:
2026-01-20 17:29:39.911 [DEBUG] [HTTP_RESPONSE]   Access-Control-Allow-Headers: Content-Type, Authorization, enctype
2026-01-20 17:29:39.911 [DEBUG] [HTTP_RESPONSE]   Access-Control-Allow-Methods: GET, POST, PUT, DELETE, OPTIONS
2026-01-20 17:29:39.911 [DEBUG] [HTTP_RESPONSE]   Access-Control-Allow-Origin: *
2026-01-20 17:29:39.911 [DEBUG] [HTTP_RESPONSE]   Connection: close
2026-01-20 17:29:39.911 [DEBUG] [HTTP_RESPONSE]   Content-Length: 289
2026-01-20 17:29:39.911 [DEBUG] [HTTP_RESPONSE]   Content-Type: application/xml
2026-01-20 17:29:39.911 [DEBUG] [HTTP_RESPONSE]   Date: Tue, 20 Jan 2026 18:29:39 GMT
2026-01-20 17:29:39.911 [DEBUG] [HTTP_RESPONSE]   Odata-Version: 4.0
2026-01-20 17:29:39.911 [DEBUG] [HTTP_RESPONSE]   Vary: Authorization
2026-01-20 17:29:39.911 [DEBUG] [HTTP_RESPONSE] Response body (289 bytes)
2026-01-20 17:29:39.911 [DEBUG] [HTTP_RESPONSE] Response body: <?xml version="1.0" encoding="utf-8"?>
<feed xmlns="http://www.w3.org/2005/Atom"
      xmlns:d="http://docs.oasis-open.org/odata/ns/data"
      xmlns:m="http://docs.oasis-open.org/odata/ns/metadata">
  <title type="text">app</title>
  <id>http://localhost:4444/odata/ADMIN/app</id>
</feed>
2026-01-20 17:29:39.911 [DEBUG] [CHARSET_CONVERTER] No charset specified, defaulting to UTF-8 converter
2026-01-20 17:29:39.911 [DEBUG] [CHARSET_CONVERTER] Creating charset converter for content type: application/xml
2026-01-20 17:29:39.911 [DEBUG] [CHARSET_CONVERTER] Charset converter initialized with charset: utf-8
2026-01-20 17:29:39.911 [DEBUG] [CHARSET_CONVERTER] Converting 289 bytes using charset: utf-8
2026-01-20 17:29:39.911 [DEBUG] [CHARSET_CONVERTER] Converting from bytes using charset: utf-8
2026-01-20 17:29:39.911 [DEBUG] [CHARSET_CONVERTER] Using default UTF-8 conversion
2026-01-20 17:29:39.911 [DEBUG] [CHARSET_CONVERTER] Using UTF-8 converter for output
2026-01-20 17:29:39.911 [DEBUG] [CHARSET_CONVERTER] No charset specified, defaulting to UTF-8 converter
2026-01-20 17:29:39.911 [DEBUG] [CHARSET_CONVERTER] Creating charset converter for content type: application/xml
2026-01-20 17:29:39.911 [DEBUG] [CHARSET_CONVERTER] Charset converter initialized with charset: utf-8
2026-01-20 17:29:39.911 [DEBUG] [CHARSET_CONVERTER] Converting 289 bytes using charset: utf-8
2026-01-20 17:29:39.911 [DEBUG] [CHARSET_CONVERTER] Converting from bytes using charset: utf-8
2026-01-20 17:29:39.911 [DEBUG] [CHARSET_CONVERTER] Using default UTF-8 conversion
2026-01-20 17:29:39.911 [DEBUG] [CHARSET_CONVERTER] Using UTF-8 converter for output
2026-01-20 17:29:39.911 [DEBUG] [CHARSET_CONVERTER] No charset specified, defaulting to UTF-8 converter
2026-01-20 17:29:39.911 [DEBUG] [CHARSET_CONVERTER] Creating charset converter for content type: application/xml
2026-01-20 17:29:39.911 [DEBUG] [CHARSET_CONVERTER] Charset converter initialized with charset: utf-8
2026-01-20 17:29:39.911 [DEBUG] [CHARSET_CONVERTER] Converting 289 bytes using charset: utf-8
2026-01-20 17:29:39.911 [DEBUG] [CHARSET_CONVERTER] Converting from bytes using charset: utf-8
2026-01-20 17:29:39.911 [DEBUG] [CHARSET_CONVERTER] Using default UTF-8 conversion
2026-01-20 17:29:39.911 [DEBUG] [CHARSET_CONVERTER] Using UTF-8 converter for output
2026-01-20 17:29:39.911 [DEBUG] [ODATA_CLIENT] OData Metadata HTTP Success Response:
  Status Code: 200
  Content Type: application/xml
  Response Headers:
    Vary: Authorization
    Odata-Version: 4.0
    Content-Length: 289
    Content-Type: application/xml
    Connection: close
    Date: Tue, 20 Jan 2026 18:29:39 GMT
    Access-Control-Allow-Origin: *
    Access-Control-Allow-Methods: GET, POST, PUT, DELETE, OPTIONS
    Access-Control-Allow-Headers: Content-Type, Authorization, enctype
  Response Body Size: 289 bytes
  Response Body Preview (first 4000 chars): <?xml version="1.0" encoding="utf-8"?>
<feed xmlns="http://www.w3.org/2005/Atom"
      xmlns:d="http://docs.oasis-open.org/odata/ns/data"
      xmlns:m="http://docs.oasis-open.org/odata/ns/metadata">
  <title type="text">app</title>
  <id>http://localhost:4444/odata/ADMIN/app</id>
</feed>
2026-01-20 17:29:39.911 [DEBUG] [CHARSET_CONVERTER] No charset specified, defaulting to UTF-8 converter
2026-01-20 17:29:39.911 [DEBUG] [CHARSET_CONVERTER] Creating charset converter for content type: application/xml
2026-01-20 17:29:39.911 [DEBUG] [CHARSET_CONVERTER] Charset converter initialized with charset: utf-8
2026-01-20 17:29:39.911 [DEBUG] [CHARSET_CONVERTER] Converting 289 bytes using charset: utf-8
2026-01-20 17:29:39.911 [DEBUG] [CHARSET_CONVERTER] Converting from bytes using charset: utf-8
2026-01-20 17:29:39.911 [DEBUG] [CHARSET_CONVERTER] Using default UTF-8 conversion
2026-01-20 17:29:39.911 [DEBUG] [CHARSET_CONVERTER] Using UTF-8 converter for output
2026-01-20 17:29:39.911 [DEBUG] [ODATA_CLIENT] GetCurrentEntitySetType called
2026-01-20 17:29:39.911 [DEBUG] [ODATA_CLIENT] Current URL path: /odata/ADMIN/app
2026-01-20 17:29:39.911 [DEBUG] [ODATA_CLIENT] Input parameters count: 0
2026-01-20 17:29:39.911 [DEBUG] [ODATA_CLIENT] Current entity name from fragment: empty
2026-01-20 17:29:39.911 [DEBUG] [ODATA_CLIENT] No entity name from @odata.context; deferring to metadata lookup
2026-01-20 17:29:39.911 [DEBUG] [ODATA_CLIENT] Final entity set name: 
2026-01-20 17:29:39.911 [DEBUG] [ODATA_CLIENT] Using stored metadata context URL: http://localhost:4444/odata/ADMIN/app
2026-01-20 17:29:39.911 [DEBUG] [ODATA_CLIENT] Derived entity set candidate from URL: app
2026-01-20 17:30:42.638 [DEBUG] [ODATA_READ_BIND] Standard OData v4 URL detected, using conventional metadata approach
2026-01-20 17:30:42.638 [DEBUG] [ODATA_READ_BIND] Standard OData v4 URL detected, using conventional metadata approach
2026-01-20 17:30:42.639 [DEBUG] [ODATA_READ_BIND] Activating columns: 0, 1, 5, 11, 
2026-01-20 17:30:42.639 [DEBUG] [ODATA_READ_BIND] Mapping activated index 0 to original index 0
2026-01-20 17:30:42.639 [DEBUG] [ODATA_READ_BIND] Mapping activated index 1 to original index 1
2026-01-20 17:30:42.639 [DEBUG] [ODATA_READ_BIND] Mapping activated index 2 to original index 5
2026-01-20 17:30:42.639 [DEBUG] [ODATA_READ_BIND] Mapping activated index 3 to original index 11
2026-01-20 17:30:42.639 [DEBUG] [ODATA_READ_BIND] ActivateColumns: service_root_mode_ = false
2026-01-20 17:30:42.639 [DEBUG] [ODATA_READ_BIND] Creating new predicate pushdown helper
2026-01-20 17:30:42.639 [INFO] [ODATA_CLIENT] Resolved metadata URL: http://localhost:4444/odata/ADMIN/$metadata
2026-01-20 17:30:42.639 [DEBUG] [ODATA_CLIENT] GetCurrentEntitySetType called
2026-01-20 17:30:42.639 [DEBUG] [ODATA_CLIENT] Current URL path: /odata/ADMIN/app
2026-01-20 17:30:42.639 [DEBUG] [ODATA_CLIENT] Input parameters count: 0
2026-01-20 17:30:42.639 [DEBUG] [ODATA_CLIENT] Current entity name from fragment: empty
2026-01-20 17:30:42.639 [DEBUG] [ODATA_CLIENT] No entity name from @odata.context; deferring to metadata lookup
2026-01-20 17:30:42.639 [DEBUG] [ODATA_CLIENT] Final entity set name: 
2026-01-20 17:30:42.639 [DEBUG] [ODATA_CLIENT] Using stored metadata context URL: http://localhost:4444/odata/ADMIN/$metadata
2026-01-20 17:30:42.639 [DEBUG] [ODATA_CLIENT] Derived entity set candidate from URL: app
2026-01-20 17:30:42.639 [DEBUG] [ODATA_CLIENT] Resolved entity set from URL path: app
2026-01-20 17:30:42.639 [DEBUG] [ODATA_CLIENT] Using stored metadata context URL: http://localhost:4444/odata/ADMIN/$metadata
2026-01-20 17:30:42.639 [DEBUG] [ODATA_CLIENT] GetCurrentEntitySetType called
2026-01-20 17:30:42.639 [DEBUG] [ODATA_CLIENT] Current URL path: /odata/ADMIN/app
2026-01-20 17:30:42.639 [DEBUG] [ODATA_CLIENT] Input parameters count: 0
2026-01-20 17:30:42.639 [DEBUG] [ODATA_CLIENT] Current entity name from fragment: empty
2026-01-20 17:30:42.639 [DEBUG] [ODATA_CLIENT] No entity name from @odata.context; deferring to metadata lookup
2026-01-20 17:30:42.639 [DEBUG] [ODATA_CLIENT] Final entity set name: 
2026-01-20 17:30:42.639 [DEBUG] [ODATA_CLIENT] Using stored metadata context URL: http://localhost:4444/odata/ADMIN/$metadata
2026-01-20 17:30:42.640 [DEBUG] [ODATA_CLIENT] Derived entity set candidate from URL: app
2026-01-20 17:30:42.640 [DEBUG] [ODATA_CLIENT] Resolved entity set from URL path: app
2026-01-20 17:30:42.640 [DEBUG] [ODATA_CLIENT] Using stored metadata context URL: http://localhost:4444/odata/ADMIN/$metadata
2026-01-20 17:30:42.640 [DEBUG] [ODATA_CLIENT] Using stored metadata context URL: http://localhost:4444/odata/ADMIN/$metadata
2026-01-20 17:30:42.640 [DEBUG] [ODATA_CLIENT] GetCurrentEntitySetType called
2026-01-20 17:30:42.640 [DEBUG] [ODATA_CLIENT] Current URL path: /odata/ADMIN/app
2026-01-20 17:30:42.640 [DEBUG] [ODATA_CLIENT] Input parameters count: 0
2026-01-20 17:30:42.640 [DEBUG] [ODATA_CLIENT] Current entity name from fragment: empty
2026-01-20 17:30:42.640 [DEBUG] [ODATA_CLIENT] No entity name from @odata.context; deferring to metadata lookup
2026-01-20 17:30:42.640 [DEBUG] [ODATA_CLIENT] Final entity set name: 
2026-01-20 17:30:42.640 [DEBUG] [ODATA_CLIENT] Using stored metadata context URL: http://localhost:4444/odata/ADMIN/$metadata
2026-01-20 17:30:42.640 [DEBUG] [ODATA_CLIENT] Derived entity set candidate from URL: app
2026-01-20 17:30:42.640 [DEBUG] [ODATA_CLIENT] Resolved entity set from URL path: app
2026-01-20 17:30:42.640 [DEBUG] [ODATA_CLIENT] Using stored metadata context URL: http://localhost:4444/odata/ADMIN/$metadata
2026-01-20 17:30:42.640 [DEBUG] [ODATA_CLIENT] Using stored metadata context URL: http://localhost:4444/odata/ADMIN/$metadata
2026-01-20 17:30:42.641 [DEBUG] [ODATA_READ_BIND] Using OData client column names for predicate pushdown: 12 columns
2026-01-20 17:30:42.641 [DEBUG] [PREDICATE_PUSHDOWN] Created predicate pushdown helper with 12 columns
2026-01-20 17:30:42.641 [DEBUG] [PREDICATE_PUSHDOWN] Column 0: app_id
2026-01-20 17:30:42.641 [DEBUG] [PREDICATE_PUSHDOWN] Column 1: app
2026-01-20 17:30:42.641 [DEBUG] [PREDICATE_PUSHDOWN] Column 2: app_desc
2026-01-20 17:30:42.641 [DEBUG] [PREDICATE_PUSHDOWN] Column 3: version
2026-01-20 17:30:42.641 [DEBUG] [PREDICATE_PUSHDOWN] Column 4: email
2026-01-20 17:30:42.641 [DEBUG] [PREDICATE_PUSHDOWN] Column 5: db
2026-01-20 17:30:42.641 [DEBUG] [PREDICATE_PUSHDOWN] Column 6: attach_logo
2026-01-20 17:30:42.641 [DEBUG] [PREDICATE_PUSHDOWN] Column 7: config
2026-01-20 17:30:42.641 [DEBUG] [PREDICATE_PUSHDOWN] Column 8: user_id
2026-01-20 17:30:42.641 [DEBUG] [PREDICATE_PUSHDOWN] Column 9: created_at
2026-01-20 17:30:42.641 [DEBUG] [PREDICATE_PUSHDOWN] Column 10: updated_at
2026-01-20 17:30:42.641 [DEBUG] [PREDICATE_PUSHDOWN] Column 11: excluded
2026-01-20 17:30:42.641 [DEBUG] [PREDICATE_PUSHDOWN] Set OData version to: V4
2026-01-20 17:30:42.641 [DEBUG] [ODATA_READ_BIND] Set OData version V4 on predicate pushdown helper
2026-01-20 17:30:42.641 [DEBUG] [PREDICATE_PUSHDOWN] Column name resolver set
2026-01-20 17:30:42.641 [DEBUG] [PREDICATE_PUSHDOWN] Consuming column selection: 4 columns
2026-01-20 17:30:42.641 [DEBUG] [PREDICATE_PUSHDOWN] Building select clause for 4 columns
2026-01-20 17:30:42.641 [DEBUG] [PREDICATE_PUSHDOWN] Non-rowid columns: 4 out of 12
2026-01-20 17:30:42.641 [DEBUG] [ODATA_CLIENT] Using stored metadata context URL: http://localhost:4444/odata/ADMIN/$metadata
2026-01-20 17:30:42.641 [DEBUG] [ODATA_CLIENT] GetCurrentEntitySetType called
2026-01-20 17:30:42.641 [DEBUG] [ODATA_CLIENT] Current URL path: /odata/ADMIN/app
2026-01-20 17:30:42.641 [DEBUG] [ODATA_CLIENT] Input parameters count: 0
2026-01-20 17:30:42.641 [DEBUG] [ODATA_CLIENT] Current entity name from fragment: empty
2026-01-20 17:30:42.641 [DEBUG] [ODATA_CLIENT] No entity name from @odata.context; deferring to metadata lookup
2026-01-20 17:30:42.641 [DEBUG] [ODATA_CLIENT] Final entity set name: 
2026-01-20 17:30:42.641 [DEBUG] [ODATA_CLIENT] Using stored metadata context URL: http://localhost:4444/odata/ADMIN/$metadata
2026-01-20 17:30:42.641 [DEBUG] [ODATA_CLIENT] Derived entity set candidate from URL: app
2026-01-20 17:30:42.641 [DEBUG] [ODATA_CLIENT] Resolved entity set from URL path: app
2026-01-20 17:30:42.642 [DEBUG] [ODATA_CLIENT] Using stored metadata context URL: http://localhost:4444/odata/ADMIN/$metadata
2026-01-20 17:30:42.642 [DEBUG] [ODATA_CLIENT] GetCurrentEntitySetType called
2026-01-20 17:30:42.642 [DEBUG] [ODATA_CLIENT] Current URL path: /odata/ADMIN/app
2026-01-20 17:30:42.642 [DEBUG] [ODATA_CLIENT] Input parameters count: 0
2026-01-20 17:30:42.642 [DEBUG] [ODATA_CLIENT] Current entity name from fragment: empty
2026-01-20 17:30:42.642 [DEBUG] [ODATA_CLIENT] No entity name from @odata.context; deferring to metadata lookup
2026-01-20 17:30:42.642 [DEBUG] [ODATA_CLIENT] Final entity set name: 
2026-01-20 17:30:42.642 [DEBUG] [ODATA_CLIENT] Using stored metadata context URL: http://localhost:4444/odata/ADMIN/$metadata
2026-01-20 17:30:42.642 [DEBUG] [ODATA_CLIENT] Derived entity set candidate from URL: app
2026-01-20 17:30:42.642 [DEBUG] [ODATA_CLIENT] Resolved entity set from URL path: app
2026-01-20 17:30:42.642 [DEBUG] [ODATA_CLIENT] Using stored metadata context URL: http://localhost:4444/odata/ADMIN/$metadata
2026-01-20 17:30:42.642 [DEBUG] [ODATA_CLIENT] Using stored metadata context URL: http://localhost:4444/odata/ADMIN/$metadata
2026-01-20 17:30:42.642 [DEBUG] [ODATA_CLIENT] GetCurrentEntitySetType called
2026-01-20 17:30:42.642 [DEBUG] [ODATA_CLIENT] Current URL path: /odata/ADMIN/app
2026-01-20 17:30:42.642 [DEBUG] [ODATA_CLIENT] Input parameters count: 0
2026-01-20 17:30:42.642 [DEBUG] [ODATA_CLIENT] Current entity name from fragment: empty
2026-01-20 17:30:42.642 [DEBUG] [ODATA_CLIENT] No entity name from @odata.context; deferring to metadata lookup
2026-01-20 17:30:42.642 [DEBUG] [ODATA_CLIENT] Final entity set name: 
2026-01-20 17:30:42.642 [DEBUG] [ODATA_CLIENT] Using stored metadata context URL: http://localhost:4444/odata/ADMIN/$metadata
2026-01-20 17:30:42.642 [DEBUG] [ODATA_CLIENT] Derived entity set candidate from URL: app
2026-01-20 17:30:42.642 [DEBUG] [ODATA_CLIENT] Resolved entity set from URL path: app
2026-01-20 17:30:42.642 [DEBUG] [ODATA_CLIENT] Using stored metadata context URL: http://localhost:4444/odata/ADMIN/$metadata
2026-01-20 17:30:42.642 [DEBUG] [ODATA_CLIENT] Using stored metadata context URL: http://localhost:4444/odata/ADMIN/$metadata
2026-01-20 17:30:42.643 [DEBUG] [PREDICATE_PUSHDOWN] Added field to select: app_id
2026-01-20 17:30:42.643 [DEBUG] [PREDICATE_PUSHDOWN] Added field to select: app
2026-01-20 17:30:42.643 [DEBUG] [PREDICATE_PUSHDOWN] Added field to select: db
2026-01-20 17:30:42.643 [DEBUG] [PREDICATE_PUSHDOWN] Added field to select: excluded
2026-01-20 17:30:42.643 [DEBUG] [PREDICATE_PUSHDOWN] Built select clause: $select=app_id,app,db,excluded
2026-01-20 17:30:42.643 [DEBUG] [PREDICATE_PUSHDOWN] Built select clause: $select=app_id,app,db,excluded
2026-01-20 17:30:42.643 [DEBUG] [ODATA_READ_BIND] Select clause: $select=app_id,app,db,excluded
2026-01-20 17:30:42.643 [DEBUG] [ODATA_READ_BIND] Adding 1 filters: Column 0: c0=1

2026-01-20 17:30:42.643 [DEBUG] [PREDICATE_PUSHDOWN] Building filter clause
2026-01-20 17:30:42.643 [DEBUG] [PREDICATE_PUSHDOWN] Processing 1 filters
2026-01-20 17:30:42.643 [DEBUG] [PREDICATE_PUSHDOWN] Processing filter for DuckDB column index: 0
2026-01-20 17:30:42.643 [DEBUG] [PREDICATE_PUSHDOWN] Total columns available: 12
2026-01-20 17:30:42.643 [DEBUG] [PREDICATE_PUSHDOWN] Column name resolver mapped index 0 to: app_id
2026-01-20 17:30:42.643 [DEBUG] [PREDICATE_PUSHDOWN] Translating filter for column 'app_id' with filter type: 0
2026-01-20 17:30:42.643 [DEBUG] [PREDICATE_PUSHDOWN] Translating constant comparison for column 'app_id'
2026-01-20 17:30:42.643 [DEBUG] [PREDICATE_PUSHDOWN] Constant value: '1' (type: INTEGER)
2026-01-20 17:30:42.643 [DEBUG] [PREDICATE_PUSHDOWN] Using comparison operator: eq
2026-01-20 17:30:42.643 [DEBUG] [PREDICATE_PUSHDOWN] Added numeric value without quotes: 1
2026-01-20 17:30:42.643 [DEBUG] [PREDICATE_PUSHDOWN] Final constant comparison: 'app_id eq 1'
2026-01-20 17:30:42.643 [DEBUG] [PREDICATE_PUSHDOWN] Translated filter result: 'app_id eq 1'
2026-01-20 17:30:42.643 [DEBUG] [PREDICATE_PUSHDOWN] Valid filter: app_id eq 1
2026-01-20 17:30:42.643 [DEBUG] [PREDICATE_PUSHDOWN] Built filter clause (smart-encoded): $filter=app_id%20eq%201
2026-01-20 17:30:42.643 [DEBUG] [PREDICATE_PUSHDOWN] Built filter clause: $filter=app_id%20eq%201
2026-01-20 17:30:42.643 [DEBUG] [ODATA_READ_BIND] Filter clause: $filter=app_id%20eq%201
2026-01-20 17:30:42.643 [DEBUG] [ODATA_READ_BIND] Updating URL from predicate pushdown
2026-01-20 17:30:42.643 [DEBUG] [ODATA_READ_BIND] Original URL: http://localhost:4444/odata/ADMIN/app?$format=json
2026-01-20 17:30:42.643 [DEBUG] [PREDICATE_PUSHDOWN] Applying filters to URL: http://localhost:4444/odata/ADMIN/app?$format=json
2026-01-20 17:30:42.643 [DEBUG] [PREDICATE_PUSHDOWN] Select clause: '$select=app_id,app,db,excluded'
2026-01-20 17:30:42.643 [DEBUG] [PREDICATE_PUSHDOWN] Filter clause: '$filter=app_id%20eq%201'
2026-01-20 17:30:42.643 [DEBUG] [PREDICATE_PUSHDOWN] Top clause: ''
2026-01-20 17:30:42.643 [DEBUG] [PREDICATE_PUSHDOWN] Skip clause: ''
2026-01-20 17:30:42.643 [DEBUG] [PREDICATE_PUSHDOWN] Expand clause: ''
2026-01-20 17:30:42.643 [DEBUG] [PREDICATE_PUSHDOWN] Set param '$select' = 'app_id,app,db,excluded'
2026-01-20 17:30:42.643 [DEBUG] [PREDICATE_PUSHDOWN] Set param '$filter' = 'app_id%20eq%201'
2026-01-20 17:30:42.643 [DEBUG] [PREDICATE_PUSHDOWN] Final query: '?$filter=app_id%20eq%201&$format=json&$select=app_id,app,db,excluded'
2026-01-20 17:30:42.643 [INFO] [PREDICATE_PUSHDOWN] Updated URL: http://localhost:4444/odata/ADMIN/app?$filter=app_id%20eq%201&$format=json&$select=app_id,app,db,excluded
2026-01-20 17:30:42.643 [DEBUG] [ODATA_READ_BIND] Updated URL: http://localhost:4444/odata/ADMIN/app?$filter=app_id%20eq%201&$format=json&$select=app_id,app,db,excluded
2026-01-20 17:30:42.643 [DEBUG] [ODATA_READ_BIND] PrefetchFirstPage: service_root_mode_ = false
2026-01-20 17:30:42.643 [DEBUG] [ODATA_READ_BIND] PrefetchFirstPage: starting first page fetch
2026-01-20 17:30:42.643 [INFO] [ODATA_CLIENT] Fetching OData request from: http://localhost:4444/odata/ADMIN/app?$filter=app_id%20eq%201&$format=json&$select=app_id,app,db,excluded (get_next: 0)
2026-01-20 17:30:42.643 [INFO] [ODATA_CLIENT] Resolved metadata URL: http://localhost:4444/odata/ADMIN/$metadata
2026-01-20 17:30:42.643 [DEBUG] [ODATA_CLIENT] Using cached metadata, detected version: V4
2026-01-20 17:30:42.643 [DEBUG] [ODATA_CLIENT] Executing HTTP GET request
2026-01-20 17:30:42.643 [DEBUG] [ODATA_CLIENT] DoHttpGet: calling AddInputParametersToUrl
2026-01-20 17:30:42.643 [INFO] [ODATA_CLIENT] AddInputParametersToUrl called with 0 parameters on client at 94622407859456
2026-01-20 17:30:42.643 [INFO] [ODATA_CLIENT] No input parameters to add
2026-01-20 17:30:42.643 [DEBUG] [ODATA_CLIENT] DoHttpGet: URL after input parameters: http://localhost:4444/odata/ADMIN/app?$filter=app_id%20eq%201&$format=json&$select=app_id,app,db,excluded
2026-01-20 17:30:42.644 [INFO] [HTTP_REQUEST_REPRO] Reproduce with: SELECT * FROM http_get('http://localhost:4444/odata/ADMIN/app?$filter=app_id%20eq%201&$format=json&$select=app_id,app,db,excluded', headers := MAP{'Accept': 'application/json;odata.metadata=minimal', 'Authorization': 'Bearer eyJhbGciOiJIUzI1NiJ9.eyJpc3MiOiJodHRwOi8vbG9jYWxob3N0OjQ0NDQiLCJzdWIiOiJ7XCJhY3RpdmVcIjp0cnVlLFwiZXhjbHVkZWRcIjpmYWxzZSxcImZpcnN0X25hbWVcIjpcIlN1cGVyXCIsXCJsYW5nX2lkXCI6MSxcImxhc3RfbmFtZVwiOlwiQWRtaW5cIixcInJvbGVfaWRcIjoxLFwidXNlcl9pZFwiOjEsXCJ1c2VybmFtZVwiOlwicm9vdFwifSIsImF1ZCI6WyJodHRwOi8vbG9jYWxob3N0OjQ0NDQiXSwiZXhwIjoxNzc0MDg0NzU1LjgzMzE4OTcsIm5iZiI6MTc2ODkwMDc1NS44MzMxOTA3LCJpYXQiOjE3Njg5MDA3NTUuODMzMTkwMn0.nKV-u4pSDHrsDNaaPkCnfXSs8jOtofXSggQ-MS5CtQA', 'OData-MaxVersion': '4.0', 'OData-Version': '4.0'}, url_encode := false);
2026-01-20 17:30:42.644 [INFO] [HTTP_REQUEST] Executing GET request to: /odata/ADMIN/app?$filter=app_id%20eq%201&$format=json&$select=app_id,app,db,excluded
2026-01-20 17:30:42.644 [DEBUG] [HTTP_REQUEST] Request headers:
2026-01-20 17:30:42.644 [DEBUG] [HTTP_REQUEST]   Accept: application/json;odata.metadata=minimal
2026-01-20 17:30:42.644 [DEBUG] [HTTP_REQUEST]   Authorization: Bearer eyJhbGciOiJIUzI1NiJ9.eyJpc3MiOiJodHRwOi8vbG9jYWxob3N0OjQ0NDQiLCJzdWIiOiJ7XCJhY3RpdmVcIjp0cnVlLFwiZXhjbHVkZWRcIjpmYWxzZSxcImZpcnN0X25hbWVcIjpcIlN1cGVyXCIsXCJsYW5nX2lkXCI6MSxcImxhc3RfbmFtZVwiOlwiQWRtaW5cIixcInJvbGVfaWRcIjoxLFwidXNlcl9pZFwiOjEsXCJ1c2VybmFtZVwiOlwicm9vdFwifSIsImF1ZCI6WyJodHRwOi8vbG9jYWxob3N0OjQ0NDQiXSwiZXhwIjoxNzc0MDg0NzU1LjgzMzE4OTcsIm5iZiI6MTc2ODkwMDc1NS44MzMxOTA3LCJpYXQiOjE3Njg5MDA3NTUuODMzMTkwMn0.nKV-u4pSDHrsDNaaPkCnfXSs8jOtofXSggQ-MS5CtQA
2026-01-20 17:30:42.644 [DEBUG] [HTTP_REQUEST]   OData-MaxVersion: 4.0
2026-01-20 17:30:42.644 [DEBUG] [HTTP_REQUEST]   OData-Version: 4.0
2026-01-20 17:30:42.657 [INFO] [HTTP_RESPONSE] Response status: 200
2026-01-20 17:30:42.657 [DEBUG] [HTTP_RESPONSE] Response headers:
2026-01-20 17:30:42.657 [DEBUG] [HTTP_RESPONSE]   Access-Control-Allow-Headers: Content-Type, Authorization, enctype
2026-01-20 17:30:42.657 [DEBUG] [HTTP_RESPONSE]   Access-Control-Allow-Methods: GET, POST, PUT, DELETE, OPTIONS
2026-01-20 17:30:42.657 [DEBUG] [HTTP_RESPONSE]   Access-Control-Allow-Origin: *
2026-01-20 17:30:42.657 [DEBUG] [HTTP_RESPONSE]   Content-Length: 161
2026-01-20 17:30:42.657 [DEBUG] [HTTP_RESPONSE]   Content-Type: application/json; charset=utf-8
2026-01-20 17:30:42.657 [DEBUG] [HTTP_RESPONSE]   Date: Tue, 20 Jan 2026 18:30:42 GMT
2026-01-20 17:30:42.657 [DEBUG] [HTTP_RESPONSE]   Odata-Version: 4.0
2026-01-20 17:30:42.657 [DEBUG] [HTTP_RESPONSE]   Vary: Authorization
2026-01-20 17:30:42.657 [DEBUG] [HTTP_RESPONSE] Response body (161 bytes)
2026-01-20 17:30:42.657 [DEBUG] [HTTP_RESPONSE] Response body: {"@odata.context":"http://localhost:4444/odata/ADMIN/app","@odata.count":1,"value":[{"app":"ADMIN","app_id":1,"db":"ADMIN","excluded":false,"username":"root"}]}

2026-01-20 17:30:42.657 [DEBUG] [ODATA_CLIENT] Creating OData response object
2026-01-20 17:30:42.657 [DEBUG] [ODATA_RESPONSE] Created OData entity set response
2026-01-20 17:30:42.657 [DEBUG] [ODATA_RESPONSE] Response content type: application/json; charset=utf-8
2026-01-20 17:30:42.657 [DEBUG] [ODATA_RESPONSE] OData version: V4
2026-01-20 17:30:42.657 [DEBUG] [ODATA_CLIENT] Successfully created OData response
2026-01-20 17:30:42.657 [DEBUG] [ODATA_RESPONSE] Parsing HTTP response content
2026-01-20 17:30:42.657 [DEBUG] [ODATA_RESPONSE] Content type: application/json; charset=utf-8
2026-01-20 17:30:42.657 [DEBUG] [CHARSET_CONVERTER] Detected UTF-8 charset, using UTF-8 converter
2026-01-20 17:30:42.657 [DEBUG] [CHARSET_CONVERTER] Creating charset converter for content type: application/json; charset=utf-8
2026-01-20 17:30:42.657 [DEBUG] [CHARSET_CONVERTER] Charset converter initialized with charset: utf-8
2026-01-20 17:30:42.657 [DEBUG] [CHARSET_CONVERTER] Converting 161 bytes using charset: utf-8
2026-01-20 17:30:42.657 [DEBUG] [CHARSET_CONVERTER] Converting from bytes using charset: utf-8
2026-01-20 17:30:42.657 [DEBUG] [CHARSET_CONVERTER] Using default UTF-8 conversion
2026-01-20 17:30:42.657 [DEBUG] [CHARSET_CONVERTER] Using UTF-8 converter for output
2026-01-20 17:30:42.657 [DEBUG] [ODATA_RESPONSE] Content size: 161 bytes
2026-01-20 17:30:42.657 [DEBUG] [CHARSET_CONVERTER] Detected UTF-8 charset, using UTF-8 converter
2026-01-20 17:30:42.657 [DEBUG] [CHARSET_CONVERTER] Creating charset converter for content type: application/json; charset=utf-8
2026-01-20 17:30:42.657 [DEBUG] [CHARSET_CONVERTER] Charset converter initialized with charset: utf-8
2026-01-20 17:30:42.657 [DEBUG] [CHARSET_CONVERTER] Converting 161 bytes using charset: utf-8
2026-01-20 17:30:42.657 [DEBUG] [CHARSET_CONVERTER] Converting from bytes using charset: utf-8
2026-01-20 17:30:42.657 [DEBUG] [CHARSET_CONVERTER] Using default UTF-8 conversion
2026-01-20 17:30:42.657 [DEBUG] [CHARSET_CONVERTER] Using UTF-8 converter for output
2026-01-20 17:30:42.657 [DEBUG] [ODATA_CONTENT] Creating OData content from response
2026-01-20 17:30:42.657 [DEBUG] [ODATA_CONTENT] Content type: application/json; charset=utf-8
2026-01-20 17:30:42.657 [DEBUG] [ODATA_CONTENT] Content size: 161 bytes
2026-01-20 17:30:42.657 [DEBUG] [DETECT_VERSION] Starting OData version detection
2026-01-20 17:30:42.657 [DEBUG] [DETECT_VERSION] Found 'value' array, detecting as V4
2026-01-20 17:30:42.657 [DEBUG] [ODATA_CONTENT] Detected OData version from response: V4
2026-01-20 17:30:42.657 [DEBUG] [ODATA_CONTENT] Metadata suggested version: V4
2026-01-20 17:30:42.657 [DEBUG] [DETECT_VERSION] Starting OData version detection
2026-01-20 17:30:42.657 [DEBUG] [DETECT_VERSION] Found 'value' array, detecting as V4
2026-01-20 17:30:42.658 [DEBUG] [ODATA_RESPONSE] Successfully parsed content
2026-01-20 17:30:42.658 [DEBUG] [ODATA_CLIENT] Raw metadata context URL: http://localhost:4444/odata/ADMIN/app
2026-01-20 17:30:42.658 [INFO] [ODATA_CLIENT] Updated metadata context URL from response: http://localhost:4444/odata/ADMIN/app
2026-01-20 17:30:42.658 [DEBUG] [ODATA_RESPONSE] Returning cached parsed content
2026-01-20 17:30:42.658 [INFO] [ODATA_READ_BIND] Service reported total row count: 1
2026-01-20 17:30:42.658 [INFO] [ODATA_READ_BIND] GetResultNames called - service_root_mode: false
2026-01-20 17:30:42.658 [INFO] [ODATA_READ_BIND] GetResultTypes called - service_root_mode: false
2026-01-20 17:30:42.658 [INFO] [ODATA_READ_BIND] Calling odata_client->GetResultTypes() for metadata
2026-01-20 17:30:42.658 [DEBUG] [ODATA_CLIENT] Using stored metadata context URL: http://localhost:4444/odata/ADMIN/app
2026-01-20 17:30:42.658 [DEBUG] [ODATA_CLIENT] GetCurrentEntitySetType called
2026-01-20 17:30:42.658 [DEBUG] [ODATA_CLIENT] Current URL path: /odata/ADMIN/app
2026-01-20 17:30:42.658 [DEBUG] [ODATA_CLIENT] Input parameters count: 0
2026-01-20 17:30:42.658 [DEBUG] [ODATA_CLIENT] Current entity name from fragment: empty
2026-01-20 17:30:42.658 [DEBUG] [ODATA_CLIENT] No entity name from @odata.context; deferring to metadata lookup
2026-01-20 17:30:42.658 [DEBUG] [ODATA_CLIENT] Final entity set name: 
2026-01-20 17:30:42.658 [DEBUG] [ODATA_CLIENT] Using stored metadata context URL: http://localhost:4444/odata/ADMIN/app
2026-01-20 17:30:42.658 [DEBUG] [ODATA_CLIENT] Derived entity set candidate from URL: app
2026-01-20 17:34:51.908 [DEBUG] [ODATA_READ_BIND] Standard OData v4 URL detected, using conventional metadata approach
2026-01-20 17:34:51.908 [DEBUG] [ODATA_READ_BIND] Standard OData v4 URL detected, using conventional metadata approach
2026-01-20 17:34:51.909 [DEBUG] [ODATA_READ_BIND] Activating columns: 0, 1, 5, 11, 
2026-01-20 17:34:51.909 [DEBUG] [ODATA_READ_BIND] Mapping activated index 0 to original index 0
2026-01-20 17:34:51.909 [DEBUG] [ODATA_READ_BIND] Mapping activated index 1 to original index 1
2026-01-20 17:34:51.909 [DEBUG] [ODATA_READ_BIND] Mapping activated index 2 to original index 5
2026-01-20 17:34:51.909 [DEBUG] [ODATA_READ_BIND] Mapping activated index 3 to original index 11
2026-01-20 17:34:51.909 [DEBUG] [ODATA_READ_BIND] ActivateColumns: service_root_mode_ = false
2026-01-20 17:34:51.909 [DEBUG] [ODATA_READ_BIND] Creating new predicate pushdown helper
2026-01-20 17:34:51.909 [INFO] [ODATA_CLIENT] Resolved metadata URL: http://localhost:4444/odata/ADMIN/$metadata
2026-01-20 17:34:51.909 [DEBUG] [ODATA_CLIENT] GetCurrentEntitySetType called
2026-01-20 17:34:51.909 [DEBUG] [ODATA_CLIENT] Current URL path: /odata/ADMIN/app
2026-01-20 17:34:51.909 [DEBUG] [ODATA_CLIENT] Input parameters count: 0
2026-01-20 17:34:51.909 [DEBUG] [ODATA_CLIENT] Current entity name from fragment: empty
2026-01-20 17:34:51.909 [DEBUG] [ODATA_CLIENT] No entity name from @odata.context; deferring to metadata lookup
2026-01-20 17:34:51.909 [DEBUG] [ODATA_CLIENT] Final entity set name: 
2026-01-20 17:34:51.909 [DEBUG] [ODATA_CLIENT] Using stored metadata context URL: http://localhost:4444/odata/ADMIN/$metadata
2026-01-20 17:34:51.909 [DEBUG] [ODATA_CLIENT] Derived entity set candidate from URL: app
2026-01-20 17:34:51.909 [DEBUG] [ODATA_CLIENT] Resolved entity set from URL path: app
2026-01-20 17:34:51.909 [DEBUG] [ODATA_CLIENT] Using stored metadata context URL: http://localhost:4444/odata/ADMIN/$metadata
2026-01-20 17:34:51.909 [DEBUG] [ODATA_CLIENT] GetCurrentEntitySetType called
2026-01-20 17:34:51.909 [DEBUG] [ODATA_CLIENT] Current URL path: /odata/ADMIN/app
2026-01-20 17:34:51.909 [DEBUG] [ODATA_CLIENT] Input parameters count: 0
2026-01-20 17:34:51.909 [DEBUG] [ODATA_CLIENT] Current entity name from fragment: empty
2026-01-20 17:34:51.909 [DEBUG] [ODATA_CLIENT] No entity name from @odata.context; deferring to metadata lookup
2026-01-20 17:34:51.909 [DEBUG] [ODATA_CLIENT] Final entity set name: 
2026-01-20 17:34:51.909 [DEBUG] [ODATA_CLIENT] Using stored metadata context URL: http://localhost:4444/odata/ADMIN/$metadata
2026-01-20 17:34:51.909 [DEBUG] [ODATA_CLIENT] Derived entity set candidate from URL: app
2026-01-20 17:34:51.909 [DEBUG] [ODATA_CLIENT] Resolved entity set from URL path: app
2026-01-20 17:34:51.909 [DEBUG] [ODATA_CLIENT] Using stored metadata context URL: http://localhost:4444/odata/ADMIN/$metadata
2026-01-20 17:34:51.909 [DEBUG] [ODATA_CLIENT] Using stored metadata context URL: http://localhost:4444/odata/ADMIN/$metadata
2026-01-20 17:34:51.910 [DEBUG] [ODATA_CLIENT] GetCurrentEntitySetType called
2026-01-20 17:34:51.910 [DEBUG] [ODATA_CLIENT] Current URL path: /odata/ADMIN/app
2026-01-20 17:34:51.910 [DEBUG] [ODATA_CLIENT] Input parameters count: 0
2026-01-20 17:34:51.910 [DEBUG] [ODATA_CLIENT] Current entity name from fragment: empty
2026-01-20 17:34:51.910 [DEBUG] [ODATA_CLIENT] No entity name from @odata.context; deferring to metadata lookup
2026-01-20 17:34:51.910 [DEBUG] [ODATA_CLIENT] Final entity set name: 
2026-01-20 17:34:51.910 [DEBUG] [ODATA_CLIENT] Using stored metadata context URL: http://localhost:4444/odata/ADMIN/$metadata
2026-01-20 17:34:51.910 [DEBUG] [ODATA_CLIENT] Derived entity set candidate from URL: app
2026-01-20 17:34:51.910 [DEBUG] [ODATA_CLIENT] Resolved entity set from URL path: app
2026-01-20 17:34:51.910 [DEBUG] [ODATA_CLIENT] Using stored metadata context URL: http://localhost:4444/odata/ADMIN/$metadata
2026-01-20 17:34:51.910 [DEBUG] [ODATA_CLIENT] Using stored metadata context URL: http://localhost:4444/odata/ADMIN/$metadata
2026-01-20 17:34:51.911 [DEBUG] [ODATA_READ_BIND] Using OData client column names for predicate pushdown: 12 columns
2026-01-20 17:34:51.911 [DEBUG] [PREDICATE_PUSHDOWN] Created predicate pushdown helper with 12 columns
2026-01-20 17:34:51.911 [DEBUG] [PREDICATE_PUSHDOWN] Column 0: app_id
2026-01-20 17:34:51.911 [DEBUG] [PREDICATE_PUSHDOWN] Column 1: app
2026-01-20 17:34:51.911 [DEBUG] [PREDICATE_PUSHDOWN] Column 2: app_desc
2026-01-20 17:34:51.911 [DEBUG] [PREDICATE_PUSHDOWN] Column 3: version
2026-01-20 17:34:51.911 [DEBUG] [PREDICATE_PUSHDOWN] Column 4: email
2026-01-20 17:34:51.911 [DEBUG] [PREDICATE_PUSHDOWN] Column 5: db
2026-01-20 17:34:51.911 [DEBUG] [PREDICATE_PUSHDOWN] Column 6: attach_logo
2026-01-20 17:34:51.911 [DEBUG] [PREDICATE_PUSHDOWN] Column 7: config
2026-01-20 17:34:51.911 [DEBUG] [PREDICATE_PUSHDOWN] Column 8: user_id
2026-01-20 17:34:51.911 [DEBUG] [PREDICATE_PUSHDOWN] Column 9: created_at
2026-01-20 17:34:51.911 [DEBUG] [PREDICATE_PUSHDOWN] Column 10: updated_at
2026-01-20 17:34:51.911 [DEBUG] [PREDICATE_PUSHDOWN] Column 11: excluded
2026-01-20 17:34:51.911 [DEBUG] [PREDICATE_PUSHDOWN] Set OData version to: V4
2026-01-20 17:34:51.911 [DEBUG] [ODATA_READ_BIND] Set OData version V4 on predicate pushdown helper
2026-01-20 17:34:51.911 [DEBUG] [PREDICATE_PUSHDOWN] Column name resolver set
2026-01-20 17:34:51.911 [DEBUG] [PREDICATE_PUSHDOWN] Consuming column selection: 4 columns
2026-01-20 17:34:51.911 [DEBUG] [PREDICATE_PUSHDOWN] Building select clause for 4 columns
2026-01-20 17:34:51.911 [DEBUG] [PREDICATE_PUSHDOWN] Non-rowid columns: 4 out of 12
2026-01-20 17:34:51.911 [DEBUG] [ODATA_CLIENT] Using stored metadata context URL: http://localhost:4444/odata/ADMIN/$metadata
2026-01-20 17:34:51.911 [DEBUG] [ODATA_CLIENT] GetCurrentEntitySetType called
2026-01-20 17:34:51.912 [DEBUG] [ODATA_CLIENT] Current URL path: /odata/ADMIN/app
2026-01-20 17:34:51.912 [DEBUG] [ODATA_CLIENT] Input parameters count: 0
2026-01-20 17:34:51.912 [DEBUG] [ODATA_CLIENT] Current entity name from fragment: empty
2026-01-20 17:34:51.912 [DEBUG] [ODATA_CLIENT] No entity name from @odata.context; deferring to metadata lookup
2026-01-20 17:34:51.912 [DEBUG] [ODATA_CLIENT] Final entity set name: 
2026-01-20 17:34:51.912 [DEBUG] [ODATA_CLIENT] Using stored metadata context URL: http://localhost:4444/odata/ADMIN/$metadata
2026-01-20 17:34:51.912 [DEBUG] [ODATA_CLIENT] Derived entity set candidate from URL: app
2026-01-20 17:34:51.912 [DEBUG] [ODATA_CLIENT] Resolved entity set from URL path: app
2026-01-20 17:34:51.912 [DEBUG] [ODATA_CLIENT] Using stored metadata context URL: http://localhost:4444/odata/ADMIN/$metadata
2026-01-20 17:34:51.912 [DEBUG] [ODATA_CLIENT] GetCurrentEntitySetType called
2026-01-20 17:34:51.912 [DEBUG] [ODATA_CLIENT] Current URL path: /odata/ADMIN/app
2026-01-20 17:34:51.912 [DEBUG] [ODATA_CLIENT] Input parameters count: 0
2026-01-20 17:34:51.912 [DEBUG] [ODATA_CLIENT] Current entity name from fragment: empty
2026-01-20 17:34:51.912 [DEBUG] [ODATA_CLIENT] No entity name from @odata.context; deferring to metadata lookup
2026-01-20 17:34:51.912 [DEBUG] [ODATA_CLIENT] Final entity set name: 
2026-01-20 17:34:51.912 [DEBUG] [ODATA_CLIENT] Using stored metadata context URL: http://localhost:4444/odata/ADMIN/$metadata
2026-01-20 17:34:51.912 [DEBUG] [ODATA_CLIENT] Derived entity set candidate from URL: app
2026-01-20 17:34:51.912 [DEBUG] [ODATA_CLIENT] Resolved entity set from URL path: app
2026-01-20 17:34:51.912 [DEBUG] [ODATA_CLIENT] Using stored metadata context URL: http://localhost:4444/odata/ADMIN/$metadata
2026-01-20 17:34:51.912 [DEBUG] [ODATA_CLIENT] Using stored metadata context URL: http://localhost:4444/odata/ADMIN/$metadata
2026-01-20 17:34:51.913 [DEBUG] [ODATA_CLIENT] GetCurrentEntitySetType called
2026-01-20 17:34:51.913 [DEBUG] [ODATA_CLIENT] Current URL path: /odata/ADMIN/app
2026-01-20 17:34:51.913 [DEBUG] [ODATA_CLIENT] Input parameters count: 0
2026-01-20 17:34:51.913 [DEBUG] [ODATA_CLIENT] Current entity name from fragment: empty
2026-01-20 17:34:51.913 [DEBUG] [ODATA_CLIENT] No entity name from @odata.context; deferring to metadata lookup
2026-01-20 17:34:51.913 [DEBUG] [ODATA_CLIENT] Final entity set name: 
2026-01-20 17:34:51.913 [DEBUG] [ODATA_CLIENT] Using stored metadata context URL: http://localhost:4444/odata/ADMIN/$metadata
2026-01-20 17:34:51.913 [DEBUG] [ODATA_CLIENT] Derived entity set candidate from URL: app
2026-01-20 17:34:51.913 [DEBUG] [ODATA_CLIENT] Resolved entity set from URL path: app
2026-01-20 17:34:51.913 [DEBUG] [ODATA_CLIENT] Using stored metadata context URL: http://localhost:4444/odata/ADMIN/$metadata
2026-01-20 17:34:51.913 [DEBUG] [ODATA_CLIENT] Using stored metadata context URL: http://localhost:4444/odata/ADMIN/$metadata
2026-01-20 17:34:51.914 [DEBUG] [PREDICATE_PUSHDOWN] Added field to select: app_id
2026-01-20 17:34:51.914 [DEBUG] [PREDICATE_PUSHDOWN] Added field to select: app
2026-01-20 17:34:51.914 [DEBUG] [PREDICATE_PUSHDOWN] Added field to select: db
2026-01-20 17:34:51.914 [DEBUG] [PREDICATE_PUSHDOWN] Added field to select: excluded
2026-01-20 17:34:51.914 [DEBUG] [PREDICATE_PUSHDOWN] Built select clause: $select=app_id,app,db,excluded
2026-01-20 17:34:51.914 [DEBUG] [PREDICATE_PUSHDOWN] Built select clause: $select=app_id,app,db,excluded
2026-01-20 17:34:51.914 [DEBUG] [ODATA_READ_BIND] Select clause: $select=app_id,app,db,excluded
2026-01-20 17:34:51.914 [DEBUG] [ODATA_READ_BIND] Adding 1 filters: Column 0: c0=1

2026-01-20 17:34:51.914 [DEBUG] [PREDICATE_PUSHDOWN] Building filter clause
2026-01-20 17:34:51.914 [DEBUG] [PREDICATE_PUSHDOWN] Processing 1 filters
2026-01-20 17:34:51.914 [DEBUG] [PREDICATE_PUSHDOWN] Processing filter for DuckDB column index: 0
2026-01-20 17:34:51.914 [DEBUG] [PREDICATE_PUSHDOWN] Total columns available: 12
2026-01-20 17:34:51.914 [DEBUG] [PREDICATE_PUSHDOWN] Column name resolver mapped index 0 to: app_id
2026-01-20 17:34:51.914 [DEBUG] [PREDICATE_PUSHDOWN] Translating filter for column 'app_id' with filter type: 0
2026-01-20 17:34:51.914 [DEBUG] [PREDICATE_PUSHDOWN] Translating constant comparison for column 'app_id'
2026-01-20 17:34:51.914 [DEBUG] [PREDICATE_PUSHDOWN] Constant value: '1' (type: INTEGER)
2026-01-20 17:34:51.914 [DEBUG] [PREDICATE_PUSHDOWN] Using comparison operator: eq
2026-01-20 17:34:51.914 [DEBUG] [PREDICATE_PUSHDOWN] Added numeric value without quotes: 1
2026-01-20 17:34:51.914 [DEBUG] [PREDICATE_PUSHDOWN] Final constant comparison: 'app_id eq 1'
2026-01-20 17:34:51.914 [DEBUG] [PREDICATE_PUSHDOWN] Translated filter result: 'app_id eq 1'
2026-01-20 17:34:51.914 [DEBUG] [PREDICATE_PUSHDOWN] Valid filter: app_id eq 1
2026-01-20 17:34:51.914 [DEBUG] [PREDICATE_PUSHDOWN] Built filter clause (smart-encoded): $filter=app_id%20eq%201
2026-01-20 17:34:51.914 [DEBUG] [PREDICATE_PUSHDOWN] Built filter clause: $filter=app_id%20eq%201
2026-01-20 17:34:51.914 [DEBUG] [ODATA_READ_BIND] Filter clause: $filter=app_id%20eq%201
2026-01-20 17:34:51.914 [DEBUG] [ODATA_READ_BIND] Updating URL from predicate pushdown
2026-01-20 17:34:51.914 [DEBUG] [ODATA_READ_BIND] Original URL: http://localhost:4444/odata/ADMIN/app?$format=json
2026-01-20 17:34:51.914 [DEBUG] [PREDICATE_PUSHDOWN] Applying filters to URL: http://localhost:4444/odata/ADMIN/app?$format=json
2026-01-20 17:34:51.914 [DEBUG] [PREDICATE_PUSHDOWN] Select clause: '$select=app_id,app,db,excluded'
2026-01-20 17:34:51.914 [DEBUG] [PREDICATE_PUSHDOWN] Filter clause: '$filter=app_id%20eq%201'
2026-01-20 17:34:51.914 [DEBUG] [PREDICATE_PUSHDOWN] Top clause: ''
2026-01-20 17:34:51.914 [DEBUG] [PREDICATE_PUSHDOWN] Skip clause: ''
2026-01-20 17:34:51.914 [DEBUG] [PREDICATE_PUSHDOWN] Expand clause: ''
2026-01-20 17:34:51.914 [DEBUG] [PREDICATE_PUSHDOWN] Set param '$select' = 'app_id,app,db,excluded'
2026-01-20 17:34:51.914 [DEBUG] [PREDICATE_PUSHDOWN] Set param '$filter' = 'app_id%20eq%201'
2026-01-20 17:34:51.914 [DEBUG] [PREDICATE_PUSHDOWN] Final query: '?$filter=app_id%20eq%201&$format=json&$select=app_id,app,db,excluded'
2026-01-20 17:34:51.914 [INFO] [PREDICATE_PUSHDOWN] Updated URL: http://localhost:4444/odata/ADMIN/app?$filter=app_id%20eq%201&$format=json&$select=app_id,app,db,excluded
2026-01-20 17:34:51.914 [DEBUG] [ODATA_READ_BIND] Updated URL: http://localhost:4444/odata/ADMIN/app?$filter=app_id%20eq%201&$format=json&$select=app_id,app,db,excluded
2026-01-20 17:34:51.914 [DEBUG] [ODATA_READ_BIND] PrefetchFirstPage: service_root_mode_ = false
2026-01-20 17:34:51.914 [DEBUG] [ODATA_READ_BIND] PrefetchFirstPage: starting first page fetch
2026-01-20 17:34:51.914 [INFO] [ODATA_CLIENT] Fetching OData request from: http://localhost:4444/odata/ADMIN/app?$filter=app_id%20eq%201&$format=json&$select=app_id,app,db,excluded (get_next: 0)
2026-01-20 17:34:51.914 [INFO] [ODATA_CLIENT] Resolved metadata URL: http://localhost:4444/odata/ADMIN/$metadata
2026-01-20 17:34:51.914 [DEBUG] [ODATA_CLIENT] Using cached metadata, detected version: V4
2026-01-20 17:34:51.914 [DEBUG] [ODATA_CLIENT] Executing HTTP GET request
2026-01-20 17:34:51.914 [DEBUG] [ODATA_CLIENT] DoHttpGet: calling AddInputParametersToUrl
2026-01-20 17:34:51.914 [INFO] [ODATA_CLIENT] AddInputParametersToUrl called with 0 parameters on client at 94622407858880
2026-01-20 17:34:51.914 [INFO] [ODATA_CLIENT] No input parameters to add
2026-01-20 17:34:51.914 [DEBUG] [ODATA_CLIENT] DoHttpGet: URL after input parameters: http://localhost:4444/odata/ADMIN/app?$filter=app_id%20eq%201&$format=json&$select=app_id,app,db,excluded
2026-01-20 17:34:51.914 [INFO] [HTTP_REQUEST_REPRO] Reproduce with: SELECT * FROM http_get('http://localhost:4444/odata/ADMIN/app?$filter=app_id%20eq%201&$format=json&$select=app_id,app,db,excluded', headers := MAP{'Accept': 'application/json;odata.metadata=minimal', 'Authorization': 'Bearer eyJhbGciOiJIUzI1NiJ9.eyJpc3MiOiJodHRwOi8vbG9jYWxob3N0OjQ0NDQiLCJzdWIiOiJ7XCJhY3RpdmVcIjp0cnVlLFwiZXhjbHVkZWRcIjpmYWxzZSxcImZpcnN0X25hbWVcIjpcIlN1cGVyXCIsXCJsYW5nX2lkXCI6MSxcImxhc3RfbmFtZVwiOlwiQWRtaW5cIixcInJvbGVfaWRcIjoxLFwidXNlcl9pZFwiOjEsXCJ1c2VybmFtZVwiOlwicm9vdFwifSIsImF1ZCI6WyJodHRwOi8vbG9jYWxob3N0OjQ0NDQiXSwiZXhwIjoxNzc0MDg0NzU1LjgzMzE4OTcsIm5iZiI6MTc2ODkwMDc1NS44MzMxOTA3LCJpYXQiOjE3Njg5MDA3NTUuODMzMTkwMn0.nKV-u4pSDHrsDNaaPkCnfXSs8jOtofXSggQ-MS5CtQA', 'OData-MaxVersion': '4.0', 'OData-Version': '4.0'}, url_encode := false);
2026-01-20 17:34:51.914 [INFO] [HTTP_REQUEST] Executing GET request to: /odata/ADMIN/app?$filter=app_id%20eq%201&$format=json&$select=app_id,app,db,excluded
2026-01-20 17:34:51.915 [DEBUG] [HTTP_REQUEST] Request headers:
2026-01-20 17:34:51.915 [DEBUG] [HTTP_REQUEST]   Accept: application/json;odata.metadata=minimal
2026-01-20 17:34:51.915 [DEBUG] [HTTP_REQUEST]   Authorization: Bearer eyJhbGciOiJIUzI1NiJ9.eyJpc3MiOiJodHRwOi8vbG9jYWxob3N0OjQ0NDQiLCJzdWIiOiJ7XCJhY3RpdmVcIjp0cnVlLFwiZXhjbHVkZWRcIjpmYWxzZSxcImZpcnN0X25hbWVcIjpcIlN1cGVyXCIsXCJsYW5nX2lkXCI6MSxcImxhc3RfbmFtZVwiOlwiQWRtaW5cIixcInJvbGVfaWRcIjoxLFwidXNlcl9pZFwiOjEsXCJ1c2VybmFtZVwiOlwicm9vdFwifSIsImF1ZCI6WyJodHRwOi8vbG9jYWxob3N0OjQ0NDQiXSwiZXhwIjoxNzc0MDg0NzU1LjgzMzE4OTcsIm5iZiI6MTc2ODkwMDc1NS44MzMxOTA3LCJpYXQiOjE3Njg5MDA3NTUuODMzMTkwMn0.nKV-u4pSDHrsDNaaPkCnfXSs8jOtofXSggQ-MS5CtQA
2026-01-20 17:34:51.915 [DEBUG] [HTTP_REQUEST]   OData-MaxVersion: 4.0
2026-01-20 17:34:51.915 [DEBUG] [HTTP_REQUEST]   OData-Version: 4.0
2026-01-20 17:34:51.928 [INFO] [HTTP_RESPONSE] Response status: 200
2026-01-20 17:34:51.928 [DEBUG] [HTTP_RESPONSE] Response headers:
2026-01-20 17:34:51.928 [DEBUG] [HTTP_RESPONSE]   Access-Control-Allow-Headers: Content-Type, Authorization, enctype
2026-01-20 17:34:51.928 [DEBUG] [HTTP_RESPONSE]   Access-Control-Allow-Methods: GET, POST, PUT, DELETE, OPTIONS
2026-01-20 17:34:51.928 [DEBUG] [HTTP_RESPONSE]   Access-Control-Allow-Origin: *
2026-01-20 17:34:51.928 [DEBUG] [HTTP_RESPONSE]   Content-Length: 161
2026-01-20 17:34:51.928 [DEBUG] [HTTP_RESPONSE]   Content-Type: application/json; charset=utf-8
2026-01-20 17:34:51.928 [DEBUG] [HTTP_RESPONSE]   Date: Tue, 20 Jan 2026 18:34:51 GMT
2026-01-20 17:34:51.928 [DEBUG] [HTTP_RESPONSE]   Odata-Version: 4.0
2026-01-20 17:34:51.928 [DEBUG] [HTTP_RESPONSE]   Vary: Authorization
2026-01-20 17:34:51.928 [DEBUG] [HTTP_RESPONSE] Response body (161 bytes)
2026-01-20 17:34:51.928 [DEBUG] [HTTP_RESPONSE] Response body: {"@odata.context":"http://localhost:4444/odata/ADMIN/app","@odata.count":1,"value":[{"app":"ADMIN","app_id":1,"db":"ADMIN","excluded":false,"username":"root"}]}

2026-01-20 17:34:51.928 [DEBUG] [ODATA_CLIENT] Creating OData response object
2026-01-20 17:34:51.929 [DEBUG] [ODATA_RESPONSE] Created OData entity set response
2026-01-20 17:34:51.929 [DEBUG] [ODATA_RESPONSE] Response content type: application/json; charset=utf-8
2026-01-20 17:34:51.929 [DEBUG] [ODATA_RESPONSE] OData version: V4
2026-01-20 17:34:51.929 [DEBUG] [ODATA_CLIENT] Successfully created OData response
2026-01-20 17:34:51.929 [DEBUG] [ODATA_RESPONSE] Parsing HTTP response content
2026-01-20 17:34:51.929 [DEBUG] [ODATA_RESPONSE] Content type: application/json; charset=utf-8
2026-01-20 17:34:51.929 [DEBUG] [CHARSET_CONVERTER] Detected UTF-8 charset, using UTF-8 converter
2026-01-20 17:34:51.929 [DEBUG] [CHARSET_CONVERTER] Creating charset converter for content type: application/json; charset=utf-8
2026-01-20 17:34:51.929 [DEBUG] [CHARSET_CONVERTER] Charset converter initialized with charset: utf-8
2026-01-20 17:34:51.929 [DEBUG] [CHARSET_CONVERTER] Converting 161 bytes using charset: utf-8
2026-01-20 17:34:51.929 [DEBUG] [CHARSET_CONVERTER] Converting from bytes using charset: utf-8
2026-01-20 17:34:51.929 [DEBUG] [CHARSET_CONVERTER] Using default UTF-8 conversion
2026-01-20 17:34:51.929 [DEBUG] [CHARSET_CONVERTER] Using UTF-8 converter for output
2026-01-20 17:34:51.929 [DEBUG] [ODATA_RESPONSE] Content size: 161 bytes
2026-01-20 17:34:51.929 [DEBUG] [CHARSET_CONVERTER] Detected UTF-8 charset, using UTF-8 converter
2026-01-20 17:34:51.929 [DEBUG] [CHARSET_CONVERTER] Creating charset converter for content type: application/json; charset=utf-8
2026-01-20 17:34:51.929 [DEBUG] [CHARSET_CONVERTER] Charset converter initialized with charset: utf-8
2026-01-20 17:34:51.929 [DEBUG] [CHARSET_CONVERTER] Converting 161 bytes using charset: utf-8
2026-01-20 17:34:51.929 [DEBUG] [CHARSET_CONVERTER] Converting from bytes using charset: utf-8
2026-01-20 17:34:51.929 [DEBUG] [CHARSET_CONVERTER] Using default UTF-8 conversion
2026-01-20 17:34:51.929 [DEBUG] [CHARSET_CONVERTER] Using UTF-8 converter for output
2026-01-20 17:34:51.929 [DEBUG] [ODATA_CONTENT] Creating OData content from response
2026-01-20 17:34:51.929 [DEBUG] [ODATA_CONTENT] Content type: application/json; charset=utf-8
2026-01-20 17:34:51.929 [DEBUG] [ODATA_CONTENT] Content size: 161 bytes
2026-01-20 17:34:51.929 [DEBUG] [DETECT_VERSION] Starting OData version detection
2026-01-20 17:34:51.929 [DEBUG] [DETECT_VERSION] Found 'value' array, detecting as V4
2026-01-20 17:34:51.929 [DEBUG] [ODATA_CONTENT] Detected OData version from response: V4
2026-01-20 17:34:51.929 [DEBUG] [ODATA_CONTENT] Metadata suggested version: V4
2026-01-20 17:34:51.929 [DEBUG] [DETECT_VERSION] Starting OData version detection
2026-01-20 17:34:51.929 [DEBUG] [DETECT_VERSION] Found 'value' array, detecting as V4
2026-01-20 17:34:51.929 [DEBUG] [ODATA_RESPONSE] Successfully parsed content
2026-01-20 17:34:51.929 [DEBUG] [ODATA_CLIENT] Raw metadata context URL: http://localhost:4444/odata/ADMIN/app
2026-01-20 17:34:51.929 [INFO] [ODATA_CLIENT] Updated metadata context URL from response: http://localhost:4444/odata/ADMIN/app
2026-01-20 17:34:51.929 [DEBUG] [ODATA_RESPONSE] Returning cached parsed content
2026-01-20 17:34:51.929 [INFO] [ODATA_READ_BIND] Service reported total row count: 1
2026-01-20 17:34:51.929 [INFO] [ODATA_READ_BIND] GetResultNames called - service_root_mode: false
2026-01-20 17:34:51.929 [INFO] [ODATA_READ_BIND] GetResultTypes called - service_root_mode: false
2026-01-20 17:34:51.929 [INFO] [ODATA_READ_BIND] Calling odata_client->GetResultTypes() for metadata
2026-01-20 17:34:51.929 [DEBUG] [ODATA_CLIENT] Using stored metadata context URL: http://localhost:4444/odata/ADMIN/app
2026-01-20 17:34:51.929 [DEBUG] [ODATA_CLIENT] GetCurrentEntitySetType called
2026-01-20 17:34:51.929 [DEBUG] [ODATA_CLIENT] Current URL path: /odata/ADMIN/app
2026-01-20 17:34:51.929 [DEBUG] [ODATA_CLIENT] Input parameters count: 0
2026-01-20 17:34:51.929 [DEBUG] [ODATA_CLIENT] Current entity name from fragment: empty
2026-01-20 17:34:51.929 [DEBUG] [ODATA_CLIENT] No entity name from @odata.context; deferring to metadata lookup
2026-01-20 17:34:51.929 [DEBUG] [ODATA_CLIENT] Final entity set name: 
2026-01-20 17:34:51.929 [DEBUG] [ODATA_CLIENT] Using stored metadata context URL: http://localhost:4444/odata/ADMIN/app
2026-01-20 17:34:51.929 [DEBUG] [ODATA_CLIENT] Derived entity set candidate from URL: app
2026-01-20 17:34:58.873 [DEBUG] [ODATA_READ_BIND] Standard OData v4 URL detected, using conventional metadata approach
2026-01-20 17:34:58.873 [DEBUG] [ODATA_READ_BIND] Standard OData v4 URL detected, using conventional metadata approach
2026-01-20 17:34:58.874 [DEBUG] [ODATA_READ_BIND] Activating columns: 0, 1, 5, 11, 
2026-01-20 17:34:58.874 [DEBUG] [ODATA_READ_BIND] Mapping activated index 0 to original index 0
2026-01-20 17:34:58.874 [DEBUG] [ODATA_READ_BIND] Mapping activated index 1 to original index 1
2026-01-20 17:34:58.874 [DEBUG] [ODATA_READ_BIND] Mapping activated index 2 to original index 5
2026-01-20 17:34:58.874 [DEBUG] [ODATA_READ_BIND] Mapping activated index 3 to original index 11
2026-01-20 17:34:58.874 [DEBUG] [ODATA_READ_BIND] ActivateColumns: service_root_mode_ = false
2026-01-20 17:34:58.874 [DEBUG] [ODATA_READ_BIND] Creating new predicate pushdown helper
2026-01-20 17:34:58.874 [INFO] [ODATA_CLIENT] Resolved metadata URL: http://localhost:4444/odata/ADMIN/$metadata
2026-01-20 17:34:58.874 [DEBUG] [ODATA_CLIENT] GetCurrentEntitySetType called
2026-01-20 17:34:58.874 [DEBUG] [ODATA_CLIENT] Current URL path: /odata/ADMIN/app
2026-01-20 17:34:58.874 [DEBUG] [ODATA_CLIENT] Input parameters count: 0
2026-01-20 17:34:58.874 [DEBUG] [ODATA_CLIENT] Current entity name from fragment: empty
2026-01-20 17:34:58.874 [DEBUG] [ODATA_CLIENT] No entity name from @odata.context; deferring to metadata lookup
2026-01-20 17:34:58.874 [DEBUG] [ODATA_CLIENT] Final entity set name: 
2026-01-20 17:34:58.874 [DEBUG] [ODATA_CLIENT] Using stored metadata context URL: http://localhost:4444/odata/ADMIN/$metadata
2026-01-20 17:34:58.874 [DEBUG] [ODATA_CLIENT] Derived entity set candidate from URL: app
2026-01-20 17:34:58.874 [DEBUG] [ODATA_CLIENT] Resolved entity set from URL path: app
2026-01-20 17:34:58.874 [DEBUG] [ODATA_CLIENT] Using stored metadata context URL: http://localhost:4444/odata/ADMIN/$metadata
2026-01-20 17:34:58.874 [DEBUG] [ODATA_CLIENT] GetCurrentEntitySetType called
2026-01-20 17:34:58.874 [DEBUG] [ODATA_CLIENT] Current URL path: /odata/ADMIN/app
2026-01-20 17:34:58.874 [DEBUG] [ODATA_CLIENT] Input parameters count: 0
2026-01-20 17:34:58.874 [DEBUG] [ODATA_CLIENT] Current entity name from fragment: empty
2026-01-20 17:34:58.874 [DEBUG] [ODATA_CLIENT] No entity name from @odata.context; deferring to metadata lookup
2026-01-20 17:34:58.874 [DEBUG] [ODATA_CLIENT] Final entity set name: 
2026-01-20 17:34:58.874 [DEBUG] [ODATA_CLIENT] Using stored metadata context URL: http://localhost:4444/odata/ADMIN/$metadata
2026-01-20 17:34:58.875 [DEBUG] [ODATA_CLIENT] Derived entity set candidate from URL: app
2026-01-20 17:34:58.875 [DEBUG] [ODATA_CLIENT] Resolved entity set from URL path: app
2026-01-20 17:34:58.875 [DEBUG] [ODATA_CLIENT] Using stored metadata context URL: http://localhost:4444/odata/ADMIN/$metadata
2026-01-20 17:34:58.875 [DEBUG] [ODATA_CLIENT] Using stored metadata context URL: http://localhost:4444/odata/ADMIN/$metadata
2026-01-20 17:34:58.875 [DEBUG] [ODATA_CLIENT] GetCurrentEntitySetType called
2026-01-20 17:34:58.875 [DEBUG] [ODATA_CLIENT] Current URL path: /odata/ADMIN/app
2026-01-20 17:34:58.875 [DEBUG] [ODATA_CLIENT] Input parameters count: 0
2026-01-20 17:34:58.875 [DEBUG] [ODATA_CLIENT] Current entity name from fragment: empty
2026-01-20 17:34:58.875 [DEBUG] [ODATA_CLIENT] No entity name from @odata.context; deferring to metadata lookup
2026-01-20 17:34:58.875 [DEBUG] [ODATA_CLIENT] Final entity set name: 
2026-01-20 17:34:58.875 [DEBUG] [ODATA_CLIENT] Using stored metadata context URL: http://localhost:4444/odata/ADMIN/$metadata
2026-01-20 17:34:58.875 [DEBUG] [ODATA_CLIENT] Derived entity set candidate from URL: app
2026-01-20 17:34:58.875 [DEBUG] [ODATA_CLIENT] Resolved entity set from URL path: app
2026-01-20 17:34:58.875 [DEBUG] [ODATA_CLIENT] Using stored metadata context URL: http://localhost:4444/odata/ADMIN/$metadata
2026-01-20 17:34:58.875 [DEBUG] [ODATA_CLIENT] Using stored metadata context URL: http://localhost:4444/odata/ADMIN/$metadata
2026-01-20 17:34:58.876 [DEBUG] [ODATA_READ_BIND] Using OData client column names for predicate pushdown: 12 columns
2026-01-20 17:34:58.876 [DEBUG] [PREDICATE_PUSHDOWN] Created predicate pushdown helper with 12 columns
2026-01-20 17:34:58.876 [DEBUG] [PREDICATE_PUSHDOWN] Column 0: app_id
2026-01-20 17:34:58.876 [DEBUG] [PREDICATE_PUSHDOWN] Column 1: app
2026-01-20 17:34:58.876 [DEBUG] [PREDICATE_PUSHDOWN] Column 2: app_desc
2026-01-20 17:34:58.876 [DEBUG] [PREDICATE_PUSHDOWN] Column 3: version
2026-01-20 17:34:58.876 [DEBUG] [PREDICATE_PUSHDOWN] Column 4: email
2026-01-20 17:34:58.876 [DEBUG] [PREDICATE_PUSHDOWN] Column 5: db
2026-01-20 17:34:58.876 [DEBUG] [PREDICATE_PUSHDOWN] Column 6: attach_logo
2026-01-20 17:34:58.876 [DEBUG] [PREDICATE_PUSHDOWN] Column 7: config
2026-01-20 17:34:58.876 [DEBUG] [PREDICATE_PUSHDOWN] Column 8: user_id
2026-01-20 17:34:58.876 [DEBUG] [PREDICATE_PUSHDOWN] Column 9: created_at
2026-01-20 17:34:58.876 [DEBUG] [PREDICATE_PUSHDOWN] Column 10: updated_at
2026-01-20 17:34:58.876 [DEBUG] [PREDICATE_PUSHDOWN] Column 11: excluded
2026-01-20 17:34:58.876 [DEBUG] [PREDICATE_PUSHDOWN] Set OData version to: V4
2026-01-20 17:34:58.876 [DEBUG] [ODATA_READ_BIND] Set OData version V4 on predicate pushdown helper
2026-01-20 17:34:58.876 [DEBUG] [PREDICATE_PUSHDOWN] Column name resolver set
2026-01-20 17:34:58.876 [DEBUG] [PREDICATE_PUSHDOWN] Consuming column selection: 4 columns
2026-01-20 17:34:58.876 [DEBUG] [PREDICATE_PUSHDOWN] Building select clause for 4 columns
2026-01-20 17:34:58.876 [DEBUG] [PREDICATE_PUSHDOWN] Non-rowid columns: 4 out of 12
2026-01-20 17:34:58.876 [DEBUG] [ODATA_CLIENT] Using stored metadata context URL: http://localhost:4444/odata/ADMIN/$metadata
2026-01-20 17:34:58.876 [DEBUG] [ODATA_CLIENT] GetCurrentEntitySetType called
2026-01-20 17:34:58.876 [DEBUG] [ODATA_CLIENT] Current URL path: /odata/ADMIN/app
2026-01-20 17:34:58.876 [DEBUG] [ODATA_CLIENT] Input parameters count: 0
2026-01-20 17:34:58.876 [DEBUG] [ODATA_CLIENT] Current entity name from fragment: empty
2026-01-20 17:34:58.876 [DEBUG] [ODATA_CLIENT] No entity name from @odata.context; deferring to metadata lookup
2026-01-20 17:34:58.876 [DEBUG] [ODATA_CLIENT] Final entity set name: 
2026-01-20 17:34:58.876 [DEBUG] [ODATA_CLIENT] Using stored metadata context URL: http://localhost:4444/odata/ADMIN/$metadata
2026-01-20 17:34:58.876 [DEBUG] [ODATA_CLIENT] Derived entity set candidate from URL: app
2026-01-20 17:34:58.876 [DEBUG] [ODATA_CLIENT] Resolved entity set from URL path: app
2026-01-20 17:34:58.876 [DEBUG] [ODATA_CLIENT] Using stored metadata context URL: http://localhost:4444/odata/ADMIN/$metadata
2026-01-20 17:34:58.876 [DEBUG] [ODATA_CLIENT] GetCurrentEntitySetType called
2026-01-20 17:34:58.876 [DEBUG] [ODATA_CLIENT] Current URL path: /odata/ADMIN/app
2026-01-20 17:34:58.876 [DEBUG] [ODATA_CLIENT] Input parameters count: 0
2026-01-20 17:34:58.876 [DEBUG] [ODATA_CLIENT] Current entity name from fragment: empty
2026-01-20 17:34:58.876 [DEBUG] [ODATA_CLIENT] No entity name from @odata.context; deferring to metadata lookup
2026-01-20 17:34:58.876 [DEBUG] [ODATA_CLIENT] Final entity set name: 
2026-01-20 17:34:58.876 [DEBUG] [ODATA_CLIENT] Using stored metadata context URL: http://localhost:4444/odata/ADMIN/$metadata
2026-01-20 17:34:58.877 [DEBUG] [ODATA_CLIENT] Derived entity set candidate from URL: app
2026-01-20 17:34:58.877 [DEBUG] [ODATA_CLIENT] Resolved entity set from URL path: app
2026-01-20 17:34:58.877 [DEBUG] [ODATA_CLIENT] Using stored metadata context URL: http://localhost:4444/odata/ADMIN/$metadata
2026-01-20 17:34:58.877 [DEBUG] [ODATA_CLIENT] Using stored metadata context URL: http://localhost:4444/odata/ADMIN/$metadata
2026-01-20 17:34:58.877 [DEBUG] [ODATA_CLIENT] GetCurrentEntitySetType called
2026-01-20 17:34:58.877 [DEBUG] [ODATA_CLIENT] Current URL path: /odata/ADMIN/app
2026-01-20 17:34:58.877 [DEBUG] [ODATA_CLIENT] Input parameters count: 0
2026-01-20 17:34:58.877 [DEBUG] [ODATA_CLIENT] Current entity name from fragment: empty
2026-01-20 17:34:58.877 [DEBUG] [ODATA_CLIENT] No entity name from @odata.context; deferring to metadata lookup
2026-01-20 17:34:58.877 [DEBUG] [ODATA_CLIENT] Final entity set name: 
2026-01-20 17:34:58.877 [DEBUG] [ODATA_CLIENT] Using stored metadata context URL: http://localhost:4444/odata/ADMIN/$metadata
2026-01-20 17:34:58.877 [DEBUG] [ODATA_CLIENT] Derived entity set candidate from URL: app
2026-01-20 17:34:58.877 [DEBUG] [ODATA_CLIENT] Resolved entity set from URL path: app
2026-01-20 17:34:58.877 [DEBUG] [ODATA_CLIENT] Using stored metadata context URL: http://localhost:4444/odata/ADMIN/$metadata
2026-01-20 17:34:58.877 [DEBUG] [ODATA_CLIENT] Using stored metadata context URL: http://localhost:4444/odata/ADMIN/$metadata
2026-01-20 17:34:58.878 [DEBUG] [PREDICATE_PUSHDOWN] Added field to select: app_id
2026-01-20 17:34:58.878 [DEBUG] [PREDICATE_PUSHDOWN] Added field to select: app
2026-01-20 17:34:58.878 [DEBUG] [PREDICATE_PUSHDOWN] Added field to select: db
2026-01-20 17:34:58.879 [DEBUG] [PREDICATE_PUSHDOWN] Added field to select: excluded
2026-01-20 17:34:58.879 [DEBUG] [PREDICATE_PUSHDOWN] Built select clause: $select=app_id,app,db,excluded
2026-01-20 17:34:58.879 [DEBUG] [PREDICATE_PUSHDOWN] Built select clause: $select=app_id,app,db,excluded
2026-01-20 17:34:58.879 [DEBUG] [ODATA_READ_BIND] Select clause: $select=app_id,app,db,excluded
2026-01-20 17:34:58.879 [DEBUG] [ODATA_READ_BIND] Adding 1 filters: Column 0: c0=1

2026-01-20 17:34:58.879 [DEBUG] [PREDICATE_PUSHDOWN] Building filter clause
2026-01-20 17:34:58.879 [DEBUG] [PREDICATE_PUSHDOWN] Processing 1 filters
2026-01-20 17:34:58.879 [DEBUG] [PREDICATE_PUSHDOWN] Processing filter for DuckDB column index: 0
2026-01-20 17:34:58.879 [DEBUG] [PREDICATE_PUSHDOWN] Total columns available: 12
2026-01-20 17:34:58.879 [DEBUG] [PREDICATE_PUSHDOWN] Column name resolver mapped index 0 to: app_id
2026-01-20 17:34:58.879 [DEBUG] [PREDICATE_PUSHDOWN] Translating filter for column 'app_id' with filter type: 0
2026-01-20 17:34:58.879 [DEBUG] [PREDICATE_PUSHDOWN] Translating constant comparison for column 'app_id'
2026-01-20 17:34:58.879 [DEBUG] [PREDICATE_PUSHDOWN] Constant value: '1' (type: INTEGER)
2026-01-20 17:34:58.879 [DEBUG] [PREDICATE_PUSHDOWN] Using comparison operator: eq
2026-01-20 17:34:58.879 [DEBUG] [PREDICATE_PUSHDOWN] Added numeric value without quotes: 1
2026-01-20 17:34:58.879 [DEBUG] [PREDICATE_PUSHDOWN] Final constant comparison: 'app_id eq 1'
2026-01-20 17:34:58.879 [DEBUG] [PREDICATE_PUSHDOWN] Translated filter result: 'app_id eq 1'
2026-01-20 17:34:58.879 [DEBUG] [PREDICATE_PUSHDOWN] Valid filter: app_id eq 1
2026-01-20 17:34:58.879 [DEBUG] [PREDICATE_PUSHDOWN] Built filter clause (smart-encoded): $filter=app_id%20eq%201
2026-01-20 17:34:58.879 [DEBUG] [PREDICATE_PUSHDOWN] Built filter clause: $filter=app_id%20eq%201
2026-01-20 17:34:58.879 [DEBUG] [ODATA_READ_BIND] Filter clause: $filter=app_id%20eq%201
2026-01-20 17:34:58.879 [DEBUG] [ODATA_READ_BIND] Updating URL from predicate pushdown
2026-01-20 17:34:58.879 [DEBUG] [ODATA_READ_BIND] Original URL: http://localhost:4444/odata/ADMIN/app?$format=json
2026-01-20 17:34:58.879 [DEBUG] [PREDICATE_PUSHDOWN] Applying filters to URL: http://localhost:4444/odata/ADMIN/app?$format=json
2026-01-20 17:34:58.879 [DEBUG] [PREDICATE_PUSHDOWN] Select clause: '$select=app_id,app,db,excluded'
2026-01-20 17:34:58.879 [DEBUG] [PREDICATE_PUSHDOWN] Filter clause: '$filter=app_id%20eq%201'
2026-01-20 17:34:58.879 [DEBUG] [PREDICATE_PUSHDOWN] Top clause: ''
2026-01-20 17:34:58.879 [DEBUG] [PREDICATE_PUSHDOWN] Skip clause: ''
2026-01-20 17:34:58.879 [DEBUG] [PREDICATE_PUSHDOWN] Expand clause: ''
2026-01-20 17:34:58.879 [DEBUG] [PREDICATE_PUSHDOWN] Set param '$select' = 'app_id,app,db,excluded'
2026-01-20 17:34:58.879 [DEBUG] [PREDICATE_PUSHDOWN] Set param '$filter' = 'app_id%20eq%201'
2026-01-20 17:34:58.879 [DEBUG] [PREDICATE_PUSHDOWN] Final query: '?$filter=app_id%20eq%201&$format=json&$select=app_id,app,db,excluded'
2026-01-20 17:34:58.879 [INFO] [PREDICATE_PUSHDOWN] Updated URL: http://localhost:4444/odata/ADMIN/app?$filter=app_id%20eq%201&$format=json&$select=app_id,app,db,excluded
2026-01-20 17:34:58.879 [DEBUG] [ODATA_READ_BIND] Updated URL: http://localhost:4444/odata/ADMIN/app?$filter=app_id%20eq%201&$format=json&$select=app_id,app,db,excluded
2026-01-20 17:34:58.879 [DEBUG] [ODATA_READ_BIND] PrefetchFirstPage: service_root_mode_ = false
2026-01-20 17:34:58.879 [DEBUG] [ODATA_READ_BIND] PrefetchFirstPage: starting first page fetch
2026-01-20 17:34:58.879 [INFO] [ODATA_CLIENT] Fetching OData request from: http://localhost:4444/odata/ADMIN/app?$filter=app_id%20eq%201&$format=json&$select=app_id,app,db,excluded (get_next: 0)
2026-01-20 17:34:58.879 [INFO] [ODATA_CLIENT] Resolved metadata URL: http://localhost:4444/odata/ADMIN/$metadata
2026-01-20 17:34:58.879 [DEBUG] [ODATA_CLIENT] Using cached metadata, detected version: V4
2026-01-20 17:34:58.879 [DEBUG] [ODATA_CLIENT] Executing HTTP GET request
2026-01-20 17:34:58.879 [DEBUG] [ODATA_CLIENT] DoHttpGet: calling AddInputParametersToUrl
2026-01-20 17:34:58.879 [INFO] [ODATA_CLIENT] AddInputParametersToUrl called with 0 parameters on client at 94622407859456
2026-01-20 17:34:58.879 [INFO] [ODATA_CLIENT] No input parameters to add
2026-01-20 17:34:58.879 [DEBUG] [ODATA_CLIENT] DoHttpGet: URL after input parameters: http://localhost:4444/odata/ADMIN/app?$filter=app_id%20eq%201&$format=json&$select=app_id,app,db,excluded
2026-01-20 17:34:58.879 [DEBUG] [ODATA_CLIENT] Creating OData response object
2026-01-20 17:34:58.879 [DEBUG] [ODATA_RESPONSE] Created OData entity set response
2026-01-20 17:34:58.879 [DEBUG] [ODATA_RESPONSE] Response content type: application/json; charset=utf-8
2026-01-20 17:34:58.879 [DEBUG] [ODATA_RESPONSE] OData version: V4
2026-01-20 17:34:58.879 [DEBUG] [ODATA_CLIENT] Successfully created OData response
2026-01-20 17:34:58.879 [DEBUG] [ODATA_RESPONSE] Parsing HTTP response content
2026-01-20 17:34:58.879 [DEBUG] [ODATA_RESPONSE] Content type: application/json; charset=utf-8
2026-01-20 17:34:58.879 [DEBUG] [CHARSET_CONVERTER] Detected UTF-8 charset, using UTF-8 converter
2026-01-20 17:34:58.879 [DEBUG] [CHARSET_CONVERTER] Creating charset converter for content type: application/json; charset=utf-8
2026-01-20 17:34:58.879 [DEBUG] [CHARSET_CONVERTER] Charset converter initialized with charset: utf-8
2026-01-20 17:34:58.879 [DEBUG] [CHARSET_CONVERTER] Converting 161 bytes using charset: utf-8
2026-01-20 17:34:58.879 [DEBUG] [CHARSET_CONVERTER] Converting from bytes using charset: utf-8
2026-01-20 17:34:58.879 [DEBUG] [CHARSET_CONVERTER] Using default UTF-8 conversion
2026-01-20 17:34:58.879 [DEBUG] [CHARSET_CONVERTER] Using UTF-8 converter for output
2026-01-20 17:34:58.879 [DEBUG] [ODATA_RESPONSE] Content size: 161 bytes
2026-01-20 17:34:58.879 [DEBUG] [CHARSET_CONVERTER] Detected UTF-8 charset, using UTF-8 converter
2026-01-20 17:34:58.879 [DEBUG] [CHARSET_CONVERTER] Creating charset converter for content type: application/json; charset=utf-8
2026-01-20 17:34:58.879 [DEBUG] [CHARSET_CONVERTER] Charset converter initialized with charset: utf-8
2026-01-20 17:34:58.879 [DEBUG] [CHARSET_CONVERTER] Converting 161 bytes using charset: utf-8
2026-01-20 17:34:58.879 [DEBUG] [CHARSET_CONVERTER] Converting from bytes using charset: utf-8
2026-01-20 17:34:58.880 [DEBUG] [CHARSET_CONVERTER] Using default UTF-8 conversion
2026-01-20 17:34:58.880 [DEBUG] [CHARSET_CONVERTER] Using UTF-8 converter for output
2026-01-20 17:34:58.880 [DEBUG] [ODATA_CONTENT] Creating OData content from response
2026-01-20 17:34:58.880 [DEBUG] [ODATA_CONTENT] Content type: application/json; charset=utf-8
2026-01-20 17:34:58.880 [DEBUG] [ODATA_CONTENT] Content size: 161 bytes
2026-01-20 17:34:58.880 [DEBUG] [DETECT_VERSION] Starting OData version detection
2026-01-20 17:34:58.880 [DEBUG] [DETECT_VERSION] Found 'value' array, detecting as V4
2026-01-20 17:34:58.880 [DEBUG] [ODATA_CONTENT] Detected OData version from response: V4
2026-01-20 17:34:58.880 [DEBUG] [ODATA_CONTENT] Metadata suggested version: V4
2026-01-20 17:34:58.880 [DEBUG] [DETECT_VERSION] Starting OData version detection
2026-01-20 17:34:58.880 [DEBUG] [DETECT_VERSION] Found 'value' array, detecting as V4
2026-01-20 17:34:58.880 [DEBUG] [ODATA_RESPONSE] Successfully parsed content
2026-01-20 17:34:58.880 [DEBUG] [ODATA_CLIENT] Raw metadata context URL: http://localhost:4444/odata/ADMIN/app
2026-01-20 17:34:58.880 [INFO] [ODATA_CLIENT] Updated metadata context URL from response: http://localhost:4444/odata/ADMIN/app
2026-01-20 17:34:58.880 [DEBUG] [ODATA_RESPONSE] Returning cached parsed content
2026-01-20 17:34:58.880 [INFO] [ODATA_READ_BIND] Service reported total row count: 1
2026-01-20 17:34:58.880 [INFO] [ODATA_READ_BIND] GetResultNames called - service_root_mode: false
2026-01-20 17:34:58.880 [INFO] [ODATA_READ_BIND] GetResultTypes called - service_root_mode: false
2026-01-20 17:34:58.880 [INFO] [ODATA_READ_BIND] Calling odata_client->GetResultTypes() for metadata
2026-01-20 17:34:58.880 [DEBUG] [ODATA_CLIENT] Using stored metadata context URL: http://localhost:4444/odata/ADMIN/app
2026-01-20 17:34:58.880 [DEBUG] [ODATA_CLIENT] GetCurrentEntitySetType called
2026-01-20 17:34:58.880 [DEBUG] [ODATA_CLIENT] Current URL path: /odata/ADMIN/app
2026-01-20 17:34:58.880 [DEBUG] [ODATA_CLIENT] Input parameters count: 0
2026-01-20 17:34:58.880 [DEBUG] [ODATA_CLIENT] Current entity name from fragment: empty
2026-01-20 17:34:58.880 [DEBUG] [ODATA_CLIENT] No entity name from @odata.context; deferring to metadata lookup
2026-01-20 17:34:58.880 [DEBUG] [ODATA_CLIENT] Final entity set name: 
2026-01-20 17:34:58.880 [DEBUG] [ODATA_CLIENT] Using stored metadata context URL: http://localhost:4444/odata/ADMIN/app
2026-01-20 17:34:58.880 [DEBUG] [ODATA_CLIENT] Derived entity set candidate from URL: app
2026-01-20 17:47:24.170 [DEBUG] [ODATA_READ_BIND] Standard OData v4 URL detected, using conventional metadata approach
2026-01-20 17:47:24.170 [DEBUG] [ODATA_READ_BIND] Standard OData v4 URL detected, using conventional metadata approach
2026-01-20 17:47:24.171 [DEBUG] [ODATA_READ_BIND] Activating columns: 0, 1, 5, 11, 
2026-01-20 17:47:24.171 [DEBUG] [ODATA_READ_BIND] Mapping activated index 0 to original index 0
2026-01-20 17:47:24.171 [DEBUG] [ODATA_READ_BIND] Mapping activated index 1 to original index 1
2026-01-20 17:47:24.171 [DEBUG] [ODATA_READ_BIND] Mapping activated index 2 to original index 5
2026-01-20 17:47:24.171 [DEBUG] [ODATA_READ_BIND] Mapping activated index 3 to original index 11
2026-01-20 17:47:24.171 [DEBUG] [ODATA_READ_BIND] ActivateColumns: service_root_mode_ = false
2026-01-20 17:47:24.171 [DEBUG] [ODATA_READ_BIND] Creating new predicate pushdown helper
2026-01-20 17:47:24.171 [INFO] [ODATA_CLIENT] Resolved metadata URL: http://localhost:4444/odata/ADMIN/$metadata
2026-01-20 17:47:24.171 [DEBUG] [ODATA_CLIENT] GetCurrentEntitySetType called
2026-01-20 17:47:24.171 [DEBUG] [ODATA_CLIENT] Current URL path: /odata/ADMIN/app
2026-01-20 17:47:24.171 [DEBUG] [ODATA_CLIENT] Input parameters count: 0
2026-01-20 17:47:24.171 [DEBUG] [ODATA_CLIENT] Current entity name from fragment: empty
2026-01-20 17:47:24.171 [DEBUG] [ODATA_CLIENT] No entity name from @odata.context; deferring to metadata lookup
2026-01-20 17:47:24.171 [DEBUG] [ODATA_CLIENT] Final entity set name: 
2026-01-20 17:47:24.171 [DEBUG] [ODATA_CLIENT] Using stored metadata context URL: http://localhost:4444/odata/ADMIN/$metadata
2026-01-20 17:47:24.171 [DEBUG] [ODATA_CLIENT] Derived entity set candidate from URL: app
2026-01-20 17:47:24.171 [DEBUG] [ODATA_CLIENT] Resolved entity set from URL path: app
2026-01-20 17:47:24.171 [DEBUG] [ODATA_CLIENT] Using stored metadata context URL: http://localhost:4444/odata/ADMIN/$metadata
2026-01-20 17:47:24.171 [DEBUG] [ODATA_CLIENT] GetCurrentEntitySetType called
2026-01-20 17:47:24.172 [DEBUG] [ODATA_CLIENT] Current URL path: /odata/ADMIN/app
2026-01-20 17:47:24.172 [DEBUG] [ODATA_CLIENT] Input parameters count: 0
2026-01-20 17:47:24.172 [DEBUG] [ODATA_CLIENT] Current entity name from fragment: empty
2026-01-20 17:47:24.172 [DEBUG] [ODATA_CLIENT] No entity name from @odata.context; deferring to metadata lookup
2026-01-20 17:47:24.172 [DEBUG] [ODATA_CLIENT] Final entity set name: 
2026-01-20 17:47:24.172 [DEBUG] [ODATA_CLIENT] Using stored metadata context URL: http://localhost:4444/odata/ADMIN/$metadata
2026-01-20 17:47:24.172 [DEBUG] [ODATA_CLIENT] Derived entity set candidate from URL: app
2026-01-20 17:47:24.172 [DEBUG] [ODATA_CLIENT] Resolved entity set from URL path: app
2026-01-20 17:47:24.172 [DEBUG] [ODATA_CLIENT] Using stored metadata context URL: http://localhost:4444/odata/ADMIN/$metadata
2026-01-20 17:47:24.172 [DEBUG] [ODATA_CLIENT] Using stored metadata context URL: http://localhost:4444/odata/ADMIN/$metadata
2026-01-20 17:47:24.172 [DEBUG] [ODATA_CLIENT] GetCurrentEntitySetType called
2026-01-20 17:47:24.172 [DEBUG] [ODATA_CLIENT] Current URL path: /odata/ADMIN/app
2026-01-20 17:47:24.172 [DEBUG] [ODATA_CLIENT] Input parameters count: 0
2026-01-20 17:47:24.172 [DEBUG] [ODATA_CLIENT] Current entity name from fragment: empty
2026-01-20 17:47:24.172 [DEBUG] [ODATA_CLIENT] No entity name from @odata.context; deferring to metadata lookup
2026-01-20 17:47:24.172 [DEBUG] [ODATA_CLIENT] Final entity set name: 
2026-01-20 17:47:24.172 [DEBUG] [ODATA_CLIENT] Using stored metadata context URL: http://localhost:4444/odata/ADMIN/$metadata
2026-01-20 17:47:24.172 [DEBUG] [ODATA_CLIENT] Derived entity set candidate from URL: app
2026-01-20 17:47:24.172 [DEBUG] [ODATA_CLIENT] Resolved entity set from URL path: app
2026-01-20 17:47:24.172 [DEBUG] [ODATA_CLIENT] Using stored metadata context URL: http://localhost:4444/odata/ADMIN/$metadata
2026-01-20 17:47:24.173 [DEBUG] [ODATA_CLIENT] Using stored metadata context URL: http://localhost:4444/odata/ADMIN/$metadata
2026-01-20 17:47:24.173 [DEBUG] [ODATA_READ_BIND] Using OData client column names for predicate pushdown: 12 columns
2026-01-20 17:47:24.173 [DEBUG] [PREDICATE_PUSHDOWN] Created predicate pushdown helper with 12 columns
2026-01-20 17:47:24.173 [DEBUG] [PREDICATE_PUSHDOWN] Column 0: app_id
2026-01-20 17:47:24.173 [DEBUG] [PREDICATE_PUSHDOWN] Column 1: app
2026-01-20 17:47:24.173 [DEBUG] [PREDICATE_PUSHDOWN] Column 2: app_desc
2026-01-20 17:47:24.173 [DEBUG] [PREDICATE_PUSHDOWN] Column 3: version
2026-01-20 17:47:24.173 [DEBUG] [PREDICATE_PUSHDOWN] Column 4: email
2026-01-20 17:47:24.173 [DEBUG] [PREDICATE_PUSHDOWN] Column 5: db
2026-01-20 17:47:24.173 [DEBUG] [PREDICATE_PUSHDOWN] Column 6: attach_logo
2026-01-20 17:47:24.173 [DEBUG] [PREDICATE_PUSHDOWN] Column 7: config
2026-01-20 17:47:24.173 [DEBUG] [PREDICATE_PUSHDOWN] Column 8: user_id
2026-01-20 17:47:24.173 [DEBUG] [PREDICATE_PUSHDOWN] Column 9: created_at
2026-01-20 17:47:24.173 [DEBUG] [PREDICATE_PUSHDOWN] Column 10: updated_at
2026-01-20 17:47:24.173 [DEBUG] [PREDICATE_PUSHDOWN] Column 11: excluded
2026-01-20 17:47:24.173 [DEBUG] [PREDICATE_PUSHDOWN] Set OData version to: V4
2026-01-20 17:47:24.173 [DEBUG] [ODATA_READ_BIND] Set OData version V4 on predicate pushdown helper
2026-01-20 17:47:24.173 [DEBUG] [PREDICATE_PUSHDOWN] Column name resolver set
2026-01-20 17:47:24.173 [DEBUG] [PREDICATE_PUSHDOWN] Consuming column selection: 4 columns
2026-01-20 17:47:24.173 [DEBUG] [PREDICATE_PUSHDOWN] Building select clause for 4 columns
2026-01-20 17:47:24.173 [DEBUG] [PREDICATE_PUSHDOWN] Non-rowid columns: 4 out of 12
2026-01-20 17:47:24.173 [DEBUG] [ODATA_CLIENT] Using stored metadata context URL: http://localhost:4444/odata/ADMIN/$metadata
2026-01-20 17:47:24.174 [DEBUG] [ODATA_CLIENT] GetCurrentEntitySetType called
2026-01-20 17:47:24.174 [DEBUG] [ODATA_CLIENT] Current URL path: /odata/ADMIN/app
2026-01-20 17:47:24.174 [DEBUG] [ODATA_CLIENT] Input parameters count: 0
2026-01-20 17:47:24.174 [DEBUG] [ODATA_CLIENT] Current entity name from fragment: empty
2026-01-20 17:47:24.174 [DEBUG] [ODATA_CLIENT] No entity name from @odata.context; deferring to metadata lookup
2026-01-20 17:47:24.174 [DEBUG] [ODATA_CLIENT] Final entity set name: 
2026-01-20 17:47:24.174 [DEBUG] [ODATA_CLIENT] Using stored metadata context URL: http://localhost:4444/odata/ADMIN/$metadata
2026-01-20 17:47:24.174 [DEBUG] [ODATA_CLIENT] Derived entity set candidate from URL: app
2026-01-20 17:47:24.174 [DEBUG] [ODATA_CLIENT] Resolved entity set from URL path: app
2026-01-20 17:47:24.174 [DEBUG] [ODATA_CLIENT] Using stored metadata context URL: http://localhost:4444/odata/ADMIN/$metadata
2026-01-20 17:47:24.174 [DEBUG] [ODATA_CLIENT] GetCurrentEntitySetType called
2026-01-20 17:47:24.174 [DEBUG] [ODATA_CLIENT] Current URL path: /odata/ADMIN/app
2026-01-20 17:47:24.174 [DEBUG] [ODATA_CLIENT] Input parameters count: 0
2026-01-20 17:47:24.174 [DEBUG] [ODATA_CLIENT] Current entity name from fragment: empty
2026-01-20 17:47:24.174 [DEBUG] [ODATA_CLIENT] No entity name from @odata.context; deferring to metadata lookup
2026-01-20 17:47:24.174 [DEBUG] [ODATA_CLIENT] Final entity set name: 
2026-01-20 17:47:24.174 [DEBUG] [ODATA_CLIENT] Using stored metadata context URL: http://localhost:4444/odata/ADMIN/$metadata
2026-01-20 17:47:24.174 [DEBUG] [ODATA_CLIENT] Derived entity set candidate from URL: app
2026-01-20 17:47:24.174 [DEBUG] [ODATA_CLIENT] Resolved entity set from URL path: app
2026-01-20 17:47:24.174 [DEBUG] [ODATA_CLIENT] Using stored metadata context URL: http://localhost:4444/odata/ADMIN/$metadata
2026-01-20 17:47:24.174 [DEBUG] [ODATA_CLIENT] Using stored metadata context URL: http://localhost:4444/odata/ADMIN/$metadata
2026-01-20 17:47:24.174 [DEBUG] [ODATA_CLIENT] GetCurrentEntitySetType called
2026-01-20 17:47:24.174 [DEBUG] [ODATA_CLIENT] Current URL path: /odata/ADMIN/app
2026-01-20 17:47:24.174 [DEBUG] [ODATA_CLIENT] Input parameters count: 0
2026-01-20 17:47:24.174 [DEBUG] [ODATA_CLIENT] Current entity name from fragment: empty
2026-01-20 17:47:24.174 [DEBUG] [ODATA_CLIENT] No entity name from @odata.context; deferring to metadata lookup
2026-01-20 17:47:24.174 [DEBUG] [ODATA_CLIENT] Final entity set name: 
2026-01-20 17:47:24.174 [DEBUG] [ODATA_CLIENT] Using stored metadata context URL: http://localhost:4444/odata/ADMIN/$metadata
2026-01-20 17:47:24.174 [DEBUG] [ODATA_CLIENT] Derived entity set candidate from URL: app
2026-01-20 17:47:24.174 [DEBUG] [ODATA_CLIENT] Resolved entity set from URL path: app
2026-01-20 17:47:24.174 [DEBUG] [ODATA_CLIENT] Using stored metadata context URL: http://localhost:4444/odata/ADMIN/$metadata
2026-01-20 17:47:24.174 [DEBUG] [ODATA_CLIENT] Using stored metadata context URL: http://localhost:4444/odata/ADMIN/$metadata
2026-01-20 17:47:24.175 [DEBUG] [PREDICATE_PUSHDOWN] Added field to select: app_id
2026-01-20 17:47:24.175 [DEBUG] [PREDICATE_PUSHDOWN] Added field to select: app
2026-01-20 17:47:24.175 [DEBUG] [PREDICATE_PUSHDOWN] Added field to select: db
2026-01-20 17:47:24.175 [DEBUG] [PREDICATE_PUSHDOWN] Added field to select: excluded
2026-01-20 17:47:24.175 [DEBUG] [PREDICATE_PUSHDOWN] Built select clause: $select=app_id,app,db,excluded
2026-01-20 17:47:24.175 [DEBUG] [PREDICATE_PUSHDOWN] Built select clause: $select=app_id,app,db,excluded
2026-01-20 17:47:24.175 [DEBUG] [ODATA_READ_BIND] Select clause: $select=app_id,app,db,excluded
2026-01-20 17:47:24.175 [DEBUG] [ODATA_READ_BIND] Adding 1 filters: Column 0: c0=1

2026-01-20 17:47:24.175 [DEBUG] [PREDICATE_PUSHDOWN] Building filter clause
2026-01-20 17:47:24.175 [DEBUG] [PREDICATE_PUSHDOWN] Processing 1 filters
2026-01-20 17:47:24.175 [DEBUG] [PREDICATE_PUSHDOWN] Processing filter for DuckDB column index: 0
2026-01-20 17:47:24.175 [DEBUG] [PREDICATE_PUSHDOWN] Total columns available: 12
2026-01-20 17:47:24.175 [DEBUG] [PREDICATE_PUSHDOWN] Column name resolver mapped index 0 to: app_id
2026-01-20 17:47:24.175 [DEBUG] [PREDICATE_PUSHDOWN] Translating filter for column 'app_id' with filter type: 0
2026-01-20 17:47:24.175 [DEBUG] [PREDICATE_PUSHDOWN] Translating constant comparison for column 'app_id'
2026-01-20 17:47:24.175 [DEBUG] [PREDICATE_PUSHDOWN] Constant value: '1' (type: INTEGER)
2026-01-20 17:47:24.175 [DEBUG] [PREDICATE_PUSHDOWN] Using comparison operator: eq
2026-01-20 17:47:24.175 [DEBUG] [PREDICATE_PUSHDOWN] Added numeric value without quotes: 1
2026-01-20 17:47:24.175 [DEBUG] [PREDICATE_PUSHDOWN] Final constant comparison: 'app_id eq 1'
2026-01-20 17:47:24.175 [DEBUG] [PREDICATE_PUSHDOWN] Translated filter result: 'app_id eq 1'
2026-01-20 17:47:24.175 [DEBUG] [PREDICATE_PUSHDOWN] Valid filter: app_id eq 1
2026-01-20 17:47:24.175 [DEBUG] [PREDICATE_PUSHDOWN] Built filter clause (smart-encoded): $filter=app_id%20eq%201
2026-01-20 17:47:24.175 [DEBUG] [PREDICATE_PUSHDOWN] Built filter clause: $filter=app_id%20eq%201
2026-01-20 17:47:24.175 [DEBUG] [ODATA_READ_BIND] Filter clause: $filter=app_id%20eq%201
2026-01-20 17:47:24.175 [DEBUG] [ODATA_READ_BIND] Updating URL from predicate pushdown
2026-01-20 17:47:24.175 [DEBUG] [ODATA_READ_BIND] Original URL: http://localhost:4444/odata/ADMIN/app?$format=json
2026-01-20 17:47:24.175 [DEBUG] [PREDICATE_PUSHDOWN] Applying filters to URL: http://localhost:4444/odata/ADMIN/app?$format=json
2026-01-20 17:47:24.175 [DEBUG] [PREDICATE_PUSHDOWN] Select clause: '$select=app_id,app,db,excluded'
2026-01-20 17:47:24.175 [DEBUG] [PREDICATE_PUSHDOWN] Filter clause: '$filter=app_id%20eq%201'
2026-01-20 17:47:24.175 [DEBUG] [PREDICATE_PUSHDOWN] Top clause: ''
2026-01-20 17:47:24.175 [DEBUG] [PREDICATE_PUSHDOWN] Skip clause: ''
2026-01-20 17:47:24.175 [DEBUG] [PREDICATE_PUSHDOWN] Expand clause: ''
2026-01-20 17:47:24.175 [DEBUG] [PREDICATE_PUSHDOWN] Set param '$select' = 'app_id,app,db,excluded'
2026-01-20 17:47:24.175 [DEBUG] [PREDICATE_PUSHDOWN] Set param '$filter' = 'app_id%20eq%201'
2026-01-20 17:47:24.175 [DEBUG] [PREDICATE_PUSHDOWN] Final query: '?$filter=app_id%20eq%201&$format=json&$select=app_id,app,db,excluded'
2026-01-20 17:47:24.175 [INFO] [PREDICATE_PUSHDOWN] Updated URL: http://localhost:4444/odata/ADMIN/app?$filter=app_id%20eq%201&$format=json&$select=app_id,app,db,excluded
2026-01-20 17:47:24.175 [DEBUG] [ODATA_READ_BIND] Updated URL: http://localhost:4444/odata/ADMIN/app?$filter=app_id%20eq%201&$format=json&$select=app_id,app,db,excluded
2026-01-20 17:47:24.175 [DEBUG] [ODATA_READ_BIND] PrefetchFirstPage: service_root_mode_ = false
2026-01-20 17:47:24.175 [DEBUG] [ODATA_READ_BIND] PrefetchFirstPage: starting first page fetch
2026-01-20 17:47:24.175 [INFO] [ODATA_CLIENT] Fetching OData request from: http://localhost:4444/odata/ADMIN/app?$filter=app_id%20eq%201&$format=json&$select=app_id,app,db,excluded (get_next: 0)
2026-01-20 17:47:24.175 [INFO] [ODATA_CLIENT] Resolved metadata URL: http://localhost:4444/odata/ADMIN/$metadata
2026-01-20 17:47:24.175 [DEBUG] [ODATA_CLIENT] Using cached metadata, detected version: V4
2026-01-20 17:47:24.175 [DEBUG] [ODATA_CLIENT] Executing HTTP GET request
2026-01-20 17:47:24.175 [DEBUG] [ODATA_CLIENT] DoHttpGet: calling AddInputParametersToUrl
2026-01-20 17:47:24.175 [INFO] [ODATA_CLIENT] AddInputParametersToUrl called with 0 parameters on client at 94622407858880
2026-01-20 17:47:24.175 [INFO] [ODATA_CLIENT] No input parameters to add
2026-01-20 17:47:24.175 [DEBUG] [ODATA_CLIENT] DoHttpGet: URL after input parameters: http://localhost:4444/odata/ADMIN/app?$filter=app_id%20eq%201&$format=json&$select=app_id,app,db,excluded
2026-01-20 17:47:24.175 [INFO] [HTTP_REQUEST_REPRO] Reproduce with: SELECT * FROM http_get('http://localhost:4444/odata/ADMIN/app?$filter=app_id%20eq%201&$format=json&$select=app_id,app,db,excluded', headers := MAP{'Accept': 'application/json;odata.metadata=minimal', 'Authorization': 'Bearer eyJhbGciOiJIUzI1NiJ9.eyJpc3MiOiJodHRwOi8vbG9jYWxob3N0OjQ0NDQiLCJzdWIiOiJ7XCJhY3RpdmVcIjp0cnVlLFwiZXhjbHVkZWRcIjpmYWxzZSxcImZpcnN0X25hbWVcIjpcIlN1cGVyXCIsXCJsYW5nX2lkXCI6MSxcImxhc3RfbmFtZVwiOlwiQWRtaW5cIixcInJvbGVfaWRcIjoxLFwidXNlcl9pZFwiOjEsXCJ1c2VybmFtZVwiOlwicm9vdFwifSIsImF1ZCI6WyJodHRwOi8vbG9jYWxob3N0OjQ0NDQiXSwiZXhwIjoxNzc0MDg0NzU1LjgzMzE4OTcsIm5iZiI6MTc2ODkwMDc1NS44MzMxOTA3LCJpYXQiOjE3Njg5MDA3NTUuODMzMTkwMn0.nKV-u4pSDHrsDNaaPkCnfXSs8jOtofXSggQ-MS5CtQA', 'OData-MaxVersion': '4.0', 'OData-Version': '4.0'}, url_encode := false);
2026-01-20 17:47:24.175 [INFO] [HTTP_REQUEST] Executing GET request to: /odata/ADMIN/app?$filter=app_id%20eq%201&$format=json&$select=app_id,app,db,excluded
2026-01-20 17:47:24.175 [DEBUG] [HTTP_REQUEST] Request headers:
2026-01-20 17:47:24.175 [DEBUG] [HTTP_REQUEST]   Accept: application/json;odata.metadata=minimal
2026-01-20 17:47:24.175 [DEBUG] [HTTP_REQUEST]   Authorization: Bearer eyJhbGciOiJIUzI1NiJ9.eyJpc3MiOiJodHRwOi8vbG9jYWxob3N0OjQ0NDQiLCJzdWIiOiJ7XCJhY3RpdmVcIjp0cnVlLFwiZXhjbHVkZWRcIjpmYWxzZSxcImZpcnN0X25hbWVcIjpcIlN1cGVyXCIsXCJsYW5nX2lkXCI6MSxcImxhc3RfbmFtZVwiOlwiQWRtaW5cIixcInJvbGVfaWRcIjoxLFwidXNlcl9pZFwiOjEsXCJ1c2VybmFtZVwiOlwicm9vdFwifSIsImF1ZCI6WyJodHRwOi8vbG9jYWxob3N0OjQ0NDQiXSwiZXhwIjoxNzc0MDg0NzU1LjgzMzE4OTcsIm5iZiI6MTc2ODkwMDc1NS44MzMxOTA3LCJpYXQiOjE3Njg5MDA3NTUuODMzMTkwMn0.nKV-u4pSDHrsDNaaPkCnfXSs8jOtofXSggQ-MS5CtQA
2026-01-20 17:47:24.175 [DEBUG] [HTTP_REQUEST]   OData-MaxVersion: 4.0
2026-01-20 17:47:24.176 [DEBUG] [HTTP_REQUEST]   OData-Version: 4.0
2026-01-20 17:47:24.188 [INFO] [HTTP_RESPONSE] Response status: 200
2026-01-20 17:47:24.188 [DEBUG] [HTTP_RESPONSE] Response headers:
2026-01-20 17:47:24.188 [DEBUG] [HTTP_RESPONSE]   Access-Control-Allow-Headers: Content-Type, Authorization, enctype
2026-01-20 17:47:24.188 [DEBUG] [HTTP_RESPONSE]   Access-Control-Allow-Methods: GET, POST, PUT, DELETE, OPTIONS
2026-01-20 17:47:24.188 [DEBUG] [HTTP_RESPONSE]   Access-Control-Allow-Origin: *
2026-01-20 17:47:24.188 [DEBUG] [HTTP_RESPONSE]   Content-Length: 164
2026-01-20 17:47:24.188 [DEBUG] [HTTP_RESPONSE]   Content-Type: application/json; charset=utf-8
2026-01-20 17:47:24.188 [DEBUG] [HTTP_RESPONSE]   Date: Tue, 20 Jan 2026 18:47:24 GMT
2026-01-20 17:47:24.188 [DEBUG] [HTTP_RESPONSE]   Odata-Version: 4.0
2026-01-20 17:47:24.188 [DEBUG] [HTTP_RESPONSE]   Vary: Authorization
2026-01-20 17:47:24.188 [DEBUG] [HTTP_RESPONSE] Response body (164 bytes)
2026-01-20 17:47:24.188 [DEBUG] [HTTP_RESPONSE] Response body: {"@odata.context":"localhost:4444/odata/ADMIN/$metadata#app","@odata.count":1,"value":[{"app":"ADMIN","app_id":1,"db":"ADMIN","excluded":false,"username":"root"}]}

2026-01-20 17:47:24.188 [DEBUG] [ODATA_CLIENT] Creating OData response object
2026-01-20 17:47:24.188 [DEBUG] [ODATA_RESPONSE] Created OData entity set response
2026-01-20 17:47:24.188 [DEBUG] [ODATA_RESPONSE] Response content type: application/json; charset=utf-8
2026-01-20 17:47:24.188 [DEBUG] [ODATA_RESPONSE] OData version: V4
2026-01-20 17:47:24.188 [DEBUG] [ODATA_CLIENT] Successfully created OData response
2026-01-20 17:47:24.188 [DEBUG] [ODATA_RESPONSE] Parsing HTTP response content
2026-01-20 17:47:24.188 [DEBUG] [ODATA_RESPONSE] Content type: application/json; charset=utf-8
2026-01-20 17:47:24.188 [DEBUG] [CHARSET_CONVERTER] Detected UTF-8 charset, using UTF-8 converter
2026-01-20 17:47:24.188 [DEBUG] [CHARSET_CONVERTER] Creating charset converter for content type: application/json; charset=utf-8
2026-01-20 17:47:24.188 [DEBUG] [CHARSET_CONVERTER] Charset converter initialized with charset: utf-8
2026-01-20 17:47:24.188 [DEBUG] [CHARSET_CONVERTER] Converting 164 bytes using charset: utf-8
2026-01-20 17:47:24.188 [DEBUG] [CHARSET_CONVERTER] Converting from bytes using charset: utf-8
2026-01-20 17:47:24.188 [DEBUG] [CHARSET_CONVERTER] Using default UTF-8 conversion
2026-01-20 17:47:24.188 [DEBUG] [CHARSET_CONVERTER] Using UTF-8 converter for output
2026-01-20 17:47:24.188 [DEBUG] [ODATA_RESPONSE] Content size: 164 bytes
2026-01-20 17:47:24.188 [DEBUG] [CHARSET_CONVERTER] Detected UTF-8 charset, using UTF-8 converter
2026-01-20 17:47:24.188 [DEBUG] [CHARSET_CONVERTER] Creating charset converter for content type: application/json; charset=utf-8
2026-01-20 17:47:24.188 [DEBUG] [CHARSET_CONVERTER] Charset converter initialized with charset: utf-8
2026-01-20 17:47:24.188 [DEBUG] [CHARSET_CONVERTER] Converting 164 bytes using charset: utf-8
2026-01-20 17:47:24.188 [DEBUG] [CHARSET_CONVERTER] Converting from bytes using charset: utf-8
2026-01-20 17:47:24.188 [DEBUG] [CHARSET_CONVERTER] Using default UTF-8 conversion
2026-01-20 17:47:24.188 [DEBUG] [CHARSET_CONVERTER] Using UTF-8 converter for output
2026-01-20 17:47:24.188 [DEBUG] [ODATA_CONTENT] Creating OData content from response
2026-01-20 17:47:24.188 [DEBUG] [ODATA_CONTENT] Content type: application/json; charset=utf-8
2026-01-20 17:47:24.188 [DEBUG] [ODATA_CONTENT] Content size: 164 bytes
2026-01-20 17:47:24.188 [DEBUG] [DETECT_VERSION] Starting OData version detection
2026-01-20 17:47:24.188 [DEBUG] [DETECT_VERSION] Found 'value' array, detecting as V4
2026-01-20 17:47:24.188 [DEBUG] [ODATA_CONTENT] Detected OData version from response: V4
2026-01-20 17:47:24.188 [DEBUG] [ODATA_CONTENT] Metadata suggested version: V4
2026-01-20 17:47:24.188 [DEBUG] [DETECT_VERSION] Starting OData version detection
2026-01-20 17:47:24.188 [DEBUG] [DETECT_VERSION] Found 'value' array, detecting as V4
2026-01-20 17:47:24.188 [DEBUG] [ODATA_RESPONSE] Successfully parsed content
2026-01-20 17:47:24.188 [DEBUG] [ODATA_CLIENT] Raw metadata context URL: localhost:4444/odata/ADMIN/$metadata#app
2026-01-20 17:47:24.188 [DEBUG] [ODATA_CLIENT] Metadata context fragment: app
2026-01-20 17:47:24.188 [DEBUG] [ODATA_CLIENT] Extracted entity name from fragment: app
2026-01-20 17:47:24.189 [DEBUG] [ODATA_RESPONSE] Returning cached parsed content
2026-01-20 17:47:24.189 [INFO] [ODATA_READ_BIND] Service reported total row count: 1
2026-01-20 17:47:24.189 [INFO] [ODATA_READ_BIND] GetResultNames called - service_root_mode: false
2026-01-20 17:47:24.189 [INFO] [ODATA_READ_BIND] GetResultTypes called - service_root_mode: false
2026-01-20 17:47:24.189 [INFO] [ODATA_READ_BIND] Calling odata_client->GetResultTypes() for metadata
2026-01-20 17:47:24.189 [DEBUG] [ODATA_CLIENT] Using stored metadata context URL: http://localhost:4444/odata/ADMIN/$metadata
2026-01-20 17:47:24.189 [DEBUG] [ODATA_CLIENT] GetCurrentEntitySetType called
2026-01-20 17:47:24.189 [DEBUG] [ODATA_CLIENT] Current URL path: /odata/ADMIN/app
2026-01-20 17:47:24.189 [DEBUG] [ODATA_CLIENT] Input parameters count: 0
2026-01-20 17:47:24.189 [DEBUG] [ODATA_CLIENT] Current entity name from fragment: app
2026-01-20 17:47:24.189 [DEBUG] [ODATA_CLIENT] Using entity name from metadata context fragment: app
2026-01-20 17:47:24.189 [DEBUG] [ODATA_CLIENT] Final entity set name: app
2026-01-20 17:47:24.189 [DEBUG] [ODATA_CLIENT] Using stored metadata context URL: http://localhost:4444/odata/ADMIN/$metadata
2026-01-20 17:47:24.189 [DEBUG] [ODATA_CLIENT] Using stored metadata context URL: http://localhost:4444/odata/ADMIN/$metadata
2026-01-20 17:47:24.189 [DEBUG] [ODATA_RESPONSE] Returning cached parsed content
2026-01-20 17:47:24.190 [DEBUG] [ODATA_READ_BIND] Final combined types size: 12
2026-01-20 17:47:24.190 [DEBUG] [ODATA_RESPONSE] Returning cached parsed content
2026-01-20 17:47:24.190 [DEBUG] [ODATA_TO_ROWS] Starting ToRows with 12 columns
2026-01-20 17:47:24.190 [DEBUG] [GET_VALUE_ARRAY] OData version: V4
2026-01-20 17:47:24.190 [DEBUG] [GET_VALUE_ARRAY] Processing OData v4 structure
2026-01-20 17:47:24.190 [DEBUG] [GET_VALUE_ARRAY] Successfully found v4 value array with 1 items
2026-01-20 17:47:24.190 [DEBUG] [ODATA_TO_ROWS] Found 1 rows in JSON response
2026-01-20 17:47:24.190 [DEBUG] [ODATA_CONTENT] Deserializing JSON value: expected type=INTEGER, actual JSON type=uint
2026-01-20 17:47:24.190 [DEBUG] [ODATA_CONTENT] Deserializing JSON value: expected type=VARCHAR, actual JSON type=string
2026-01-20 17:47:24.190 [DEBUG] [ODATA_CONTENT] Deserializing JSON value: expected type=VARCHAR, actual JSON type=string
2026-01-20 17:47:24.190 [DEBUG] [ODATA_CONTENT] Deserializing JSON value: expected type=BOOLEAN, actual JSON type=false
2026-01-20 17:47:24.190 [DEBUG] [ODATA_TO_ROWS] Total rows processed: 1
2026-01-20 17:47:24.190 [DEBUG] [ODATA_RESPONSE] Returning cached parsed content
2026-01-20 17:47:24.190 [DEBUG] [ODATA_READ_BIND] PrefetchFirstPage: buffered 1 rows, has_next_page=false
2026-01-20 17:47:24.190 [DEBUG] [ODATA_SCAN] Starting OData scan operation
2026-01-20 17:47:24.190 [DEBUG] [ODATA_SCAN] Fetching next result set
2026-01-20 17:47:24.190 [INFO] [ODATA_READ_BIND] GetResultNames called - service_root_mode: false
2026-01-20 17:47:24.190 [INFO] [ODATA_READ_BIND] GetResultTypes called - service_root_mode: false
2026-01-20 17:47:24.190 [DEBUG] [ODATA_READ_BIND] Final combined types size: 12
2026-01-20 17:47:24.190 [INFO] [ODATA_SCAN] Progress: 100.00% (1/1)
2026-01-20 17:47:24.190 [INFO] [ODATA_SCAN] Fetched 1 rows
2026-01-20 17:47:24.190 [DEBUG] [ODATA_SCAN] Starting OData scan operation
2026-01-20 17:47:24.190 [DEBUG] [ODATA_SCAN] No more results available
2026-01-20 17:49:51.517 [DEBUG] [ODATA_READ_BIND] Standard OData v4 URL detected, using conventional metadata approach
2026-01-20 17:49:51.517 [DEBUG] [ODATA_READ_BIND] Standard OData v4 URL detected, using conventional metadata approach
2026-01-20 17:49:51.517 [DEBUG] [ODATA_READ_BIND] Activating columns: 0, 1, 5, 11, 
2026-01-20 17:49:51.518 [DEBUG] [ODATA_READ_BIND] Mapping activated index 0 to original index 0
2026-01-20 17:49:51.518 [DEBUG] [ODATA_READ_BIND] Mapping activated index 1 to original index 1
2026-01-20 17:49:51.518 [DEBUG] [ODATA_READ_BIND] Mapping activated index 2 to original index 5
2026-01-20 17:49:51.518 [DEBUG] [ODATA_READ_BIND] Mapping activated index 3 to original index 11
2026-01-20 17:49:51.518 [DEBUG] [ODATA_READ_BIND] ActivateColumns: service_root_mode_ = false
2026-01-20 17:49:51.518 [DEBUG] [ODATA_READ_BIND] Creating new predicate pushdown helper
2026-01-20 17:49:51.518 [INFO] [ODATA_CLIENT] Resolved metadata URL: http://localhost:4444/odata/ADMIN/$metadata
2026-01-20 17:49:51.518 [DEBUG] [ODATA_CLIENT] GetCurrentEntitySetType called
2026-01-20 17:49:51.518 [DEBUG] [ODATA_CLIENT] Current URL path: /odata/ADMIN/app
2026-01-20 17:49:51.518 [DEBUG] [ODATA_CLIENT] Input parameters count: 0
2026-01-20 17:49:51.518 [DEBUG] [ODATA_CLIENT] Current entity name from fragment: empty
2026-01-20 17:49:51.518 [DEBUG] [ODATA_CLIENT] No entity name from @odata.context; deferring to metadata lookup
2026-01-20 17:49:51.518 [DEBUG] [ODATA_CLIENT] Final entity set name: 
2026-01-20 17:49:51.518 [DEBUG] [ODATA_CLIENT] Using stored metadata context URL: http://localhost:4444/odata/ADMIN/$metadata
2026-01-20 17:49:51.518 [DEBUG] [ODATA_CLIENT] Derived entity set candidate from URL: app
2026-01-20 17:49:51.518 [DEBUG] [ODATA_CLIENT] Resolved entity set from URL path: app
2026-01-20 17:49:51.518 [DEBUG] [ODATA_CLIENT] Using stored metadata context URL: http://localhost:4444/odata/ADMIN/$metadata
2026-01-20 17:49:51.518 [DEBUG] [ODATA_CLIENT] GetCurrentEntitySetType called
2026-01-20 17:49:51.518 [DEBUG] [ODATA_CLIENT] Current URL path: /odata/ADMIN/app
2026-01-20 17:49:51.518 [DEBUG] [ODATA_CLIENT] Input parameters count: 0
2026-01-20 17:49:51.518 [DEBUG] [ODATA_CLIENT] Current entity name from fragment: empty
2026-01-20 17:49:51.518 [DEBUG] [ODATA_CLIENT] No entity name from @odata.context; deferring to metadata lookup
2026-01-20 17:49:51.518 [DEBUG] [ODATA_CLIENT] Final entity set name: 
2026-01-20 17:49:51.518 [DEBUG] [ODATA_CLIENT] Using stored metadata context URL: http://localhost:4444/odata/ADMIN/$metadata
2026-01-20 17:49:51.518 [DEBUG] [ODATA_CLIENT] Derived entity set candidate from URL: app
2026-01-20 17:49:51.518 [DEBUG] [ODATA_CLIENT] Resolved entity set from URL path: app
2026-01-20 17:49:51.518 [DEBUG] [ODATA_CLIENT] Using stored metadata context URL: http://localhost:4444/odata/ADMIN/$metadata
2026-01-20 17:49:51.519 [DEBUG] [ODATA_CLIENT] Using stored metadata context URL: http://localhost:4444/odata/ADMIN/$metadata
2026-01-20 17:49:51.519 [DEBUG] [ODATA_CLIENT] GetCurrentEntitySetType called
2026-01-20 17:49:51.519 [DEBUG] [ODATA_CLIENT] Current URL path: /odata/ADMIN/app
2026-01-20 17:49:51.519 [DEBUG] [ODATA_CLIENT] Input parameters count: 0
2026-01-20 17:49:51.519 [DEBUG] [ODATA_CLIENT] Current entity name from fragment: empty
2026-01-20 17:49:51.519 [DEBUG] [ODATA_CLIENT] No entity name from @odata.context; deferring to metadata lookup
2026-01-20 17:49:51.519 [DEBUG] [ODATA_CLIENT] Final entity set name: 
2026-01-20 17:49:51.519 [DEBUG] [ODATA_CLIENT] Using stored metadata context URL: http://localhost:4444/odata/ADMIN/$metadata
2026-01-20 17:49:51.519 [DEBUG] [ODATA_CLIENT] Derived entity set candidate from URL: app
2026-01-20 17:49:51.519 [DEBUG] [ODATA_CLIENT] Resolved entity set from URL path: app
2026-01-20 17:49:51.519 [DEBUG] [ODATA_CLIENT] Using stored metadata context URL: http://localhost:4444/odata/ADMIN/$metadata
2026-01-20 17:49:51.519 [DEBUG] [ODATA_CLIENT] Using stored metadata context URL: http://localhost:4444/odata/ADMIN/$metadata
2026-01-20 17:49:51.520 [DEBUG] [ODATA_READ_BIND] Using OData client column names for predicate pushdown: 12 columns
2026-01-20 17:49:51.520 [DEBUG] [PREDICATE_PUSHDOWN] Created predicate pushdown helper with 12 columns
2026-01-20 17:49:51.520 [DEBUG] [PREDICATE_PUSHDOWN] Column 0: app_id
2026-01-20 17:49:51.520 [DEBUG] [PREDICATE_PUSHDOWN] Column 1: app
2026-01-20 17:49:51.520 [DEBUG] [PREDICATE_PUSHDOWN] Column 2: app_desc
2026-01-20 17:49:51.520 [DEBUG] [PREDICATE_PUSHDOWN] Column 3: version
2026-01-20 17:49:51.520 [DEBUG] [PREDICATE_PUSHDOWN] Column 4: email
2026-01-20 17:49:51.520 [DEBUG] [PREDICATE_PUSHDOWN] Column 5: db
2026-01-20 17:49:51.520 [DEBUG] [PREDICATE_PUSHDOWN] Column 6: attach_logo
2026-01-20 17:49:51.520 [DEBUG] [PREDICATE_PUSHDOWN] Column 7: config
2026-01-20 17:49:51.520 [DEBUG] [PREDICATE_PUSHDOWN] Column 8: user_id
2026-01-20 17:49:51.520 [DEBUG] [PREDICATE_PUSHDOWN] Column 9: created_at
2026-01-20 17:49:51.520 [DEBUG] [PREDICATE_PUSHDOWN] Column 10: updated_at
2026-01-20 17:49:51.520 [DEBUG] [PREDICATE_PUSHDOWN] Column 11: excluded
2026-01-20 17:49:51.520 [DEBUG] [PREDICATE_PUSHDOWN] Set OData version to: V4
2026-01-20 17:49:51.520 [DEBUG] [ODATA_READ_BIND] Set OData version V4 on predicate pushdown helper
2026-01-20 17:49:51.520 [DEBUG] [PREDICATE_PUSHDOWN] Column name resolver set
2026-01-20 17:49:51.520 [DEBUG] [PREDICATE_PUSHDOWN] Consuming column selection: 4 columns
2026-01-20 17:49:51.520 [DEBUG] [PREDICATE_PUSHDOWN] Building select clause for 4 columns
2026-01-20 17:49:51.520 [DEBUG] [PREDICATE_PUSHDOWN] Non-rowid columns: 4 out of 12
2026-01-20 17:49:51.520 [DEBUG] [ODATA_CLIENT] Using stored metadata context URL: http://localhost:4444/odata/ADMIN/$metadata
2026-01-20 17:49:51.520 [DEBUG] [ODATA_CLIENT] GetCurrentEntitySetType called
2026-01-20 17:49:51.520 [DEBUG] [ODATA_CLIENT] Current URL path: /odata/ADMIN/app
2026-01-20 17:49:51.520 [DEBUG] [ODATA_CLIENT] Input parameters count: 0
2026-01-20 17:49:51.520 [DEBUG] [ODATA_CLIENT] Current entity name from fragment: empty
2026-01-20 17:49:51.520 [DEBUG] [ODATA_CLIENT] No entity name from @odata.context; deferring to metadata lookup
2026-01-20 17:49:51.520 [DEBUG] [ODATA_CLIENT] Final entity set name: 
2026-01-20 17:49:51.520 [DEBUG] [ODATA_CLIENT] Using stored metadata context URL: http://localhost:4444/odata/ADMIN/$metadata
2026-01-20 17:49:51.520 [DEBUG] [ODATA_CLIENT] Derived entity set candidate from URL: app
2026-01-20 17:49:51.520 [DEBUG] [ODATA_CLIENT] Resolved entity set from URL path: app
2026-01-20 17:49:51.520 [DEBUG] [ODATA_CLIENT] Using stored metadata context URL: http://localhost:4444/odata/ADMIN/$metadata
2026-01-20 17:49:51.521 [DEBUG] [ODATA_CLIENT] GetCurrentEntitySetType called
2026-01-20 17:49:51.521 [DEBUG] [ODATA_CLIENT] Current URL path: /odata/ADMIN/app
2026-01-20 17:49:51.521 [DEBUG] [ODATA_CLIENT] Input parameters count: 0
2026-01-20 17:49:51.521 [DEBUG] [ODATA_CLIENT] Current entity name from fragment: empty
2026-01-20 17:49:51.521 [DEBUG] [ODATA_CLIENT] No entity name from @odata.context; deferring to metadata lookup
2026-01-20 17:49:51.521 [DEBUG] [ODATA_CLIENT] Final entity set name: 
2026-01-20 17:49:51.521 [DEBUG] [ODATA_CLIENT] Using stored metadata context URL: http://localhost:4444/odata/ADMIN/$metadata
2026-01-20 17:49:51.521 [DEBUG] [ODATA_CLIENT] Derived entity set candidate from URL: app
2026-01-20 17:49:51.521 [DEBUG] [ODATA_CLIENT] Resolved entity set from URL path: app
2026-01-20 17:49:51.521 [DEBUG] [ODATA_CLIENT] Using stored metadata context URL: http://localhost:4444/odata/ADMIN/$metadata
2026-01-20 17:49:51.521 [DEBUG] [ODATA_CLIENT] Using stored metadata context URL: http://localhost:4444/odata/ADMIN/$metadata
2026-01-20 17:49:51.521 [DEBUG] [ODATA_CLIENT] GetCurrentEntitySetType called
2026-01-20 17:49:51.521 [DEBUG] [ODATA_CLIENT] Current URL path: /odata/ADMIN/app
2026-01-20 17:49:51.521 [DEBUG] [ODATA_CLIENT] Input parameters count: 0
2026-01-20 17:49:51.521 [DEBUG] [ODATA_CLIENT] Current entity name from fragment: empty
2026-01-20 17:49:51.521 [DEBUG] [ODATA_CLIENT] No entity name from @odata.context; deferring to metadata lookup
2026-01-20 17:49:51.521 [DEBUG] [ODATA_CLIENT] Final entity set name: 
2026-01-20 17:49:51.521 [DEBUG] [ODATA_CLIENT] Using stored metadata context URL: http://localhost:4444/odata/ADMIN/$metadata
2026-01-20 17:49:51.521 [DEBUG] [ODATA_CLIENT] Derived entity set candidate from URL: app
2026-01-20 17:49:51.521 [DEBUG] [ODATA_CLIENT] Resolved entity set from URL path: app
2026-01-20 17:49:51.521 [DEBUG] [ODATA_CLIENT] Using stored metadata context URL: http://localhost:4444/odata/ADMIN/$metadata
2026-01-20 17:49:51.521 [DEBUG] [ODATA_CLIENT] Using stored metadata context URL: http://localhost:4444/odata/ADMIN/$metadata
2026-01-20 17:49:51.522 [DEBUG] [PREDICATE_PUSHDOWN] Added field to select: app_id
2026-01-20 17:49:51.522 [DEBUG] [PREDICATE_PUSHDOWN] Added field to select: app
2026-01-20 17:49:51.522 [DEBUG] [PREDICATE_PUSHDOWN] Added field to select: db
2026-01-20 17:49:51.522 [DEBUG] [PREDICATE_PUSHDOWN] Added field to select: excluded
2026-01-20 17:49:51.522 [DEBUG] [PREDICATE_PUSHDOWN] Built select clause: $select=app_id,app,db,excluded
2026-01-20 17:49:51.522 [DEBUG] [PREDICATE_PUSHDOWN] Built select clause: $select=app_id,app,db,excluded
2026-01-20 17:49:51.522 [DEBUG] [ODATA_READ_BIND] Select clause: $select=app_id,app,db,excluded
2026-01-20 17:49:51.522 [DEBUG] [ODATA_READ_BIND] Adding 1 filters: Column 0: c0=1

2026-01-20 17:49:51.522 [DEBUG] [PREDICATE_PUSHDOWN] Building filter clause
2026-01-20 17:49:51.522 [DEBUG] [PREDICATE_PUSHDOWN] Processing 1 filters
2026-01-20 17:49:51.522 [DEBUG] [PREDICATE_PUSHDOWN] Processing filter for DuckDB column index: 0
2026-01-20 17:49:51.522 [DEBUG] [PREDICATE_PUSHDOWN] Total columns available: 12
2026-01-20 17:49:51.522 [DEBUG] [PREDICATE_PUSHDOWN] Column name resolver mapped index 0 to: app_id
2026-01-20 17:49:51.522 [DEBUG] [PREDICATE_PUSHDOWN] Translating filter for column 'app_id' with filter type: 0
2026-01-20 17:49:51.522 [DEBUG] [PREDICATE_PUSHDOWN] Translating constant comparison for column 'app_id'
2026-01-20 17:49:51.522 [DEBUG] [PREDICATE_PUSHDOWN] Constant value: '1' (type: INTEGER)
2026-01-20 17:49:51.522 [DEBUG] [PREDICATE_PUSHDOWN] Using comparison operator: eq
2026-01-20 17:49:51.522 [DEBUG] [PREDICATE_PUSHDOWN] Added numeric value without quotes: 1
2026-01-20 17:49:51.522 [DEBUG] [PREDICATE_PUSHDOWN] Final constant comparison: 'app_id eq 1'
2026-01-20 17:49:51.522 [DEBUG] [PREDICATE_PUSHDOWN] Translated filter result: 'app_id eq 1'
2026-01-20 17:49:51.522 [DEBUG] [PREDICATE_PUSHDOWN] Valid filter: app_id eq 1
2026-01-20 17:49:51.522 [DEBUG] [PREDICATE_PUSHDOWN] Built filter clause (smart-encoded): $filter=app_id%20eq%201
2026-01-20 17:49:51.522 [DEBUG] [PREDICATE_PUSHDOWN] Built filter clause: $filter=app_id%20eq%201
2026-01-20 17:49:51.522 [DEBUG] [ODATA_READ_BIND] Filter clause: $filter=app_id%20eq%201
2026-01-20 17:49:51.522 [DEBUG] [ODATA_READ_BIND] Updating URL from predicate pushdown
2026-01-20 17:49:51.522 [DEBUG] [ODATA_READ_BIND] Original URL: http://localhost:4444/odata/ADMIN/app?$format=json
2026-01-20 17:49:51.522 [DEBUG] [PREDICATE_PUSHDOWN] Applying filters to URL: http://localhost:4444/odata/ADMIN/app?$format=json
2026-01-20 17:49:51.522 [DEBUG] [PREDICATE_PUSHDOWN] Select clause: '$select=app_id,app,db,excluded'
2026-01-20 17:49:51.522 [DEBUG] [PREDICATE_PUSHDOWN] Filter clause: '$filter=app_id%20eq%201'
2026-01-20 17:49:51.522 [DEBUG] [PREDICATE_PUSHDOWN] Top clause: ''
2026-01-20 17:49:51.522 [DEBUG] [PREDICATE_PUSHDOWN] Skip clause: ''
2026-01-20 17:49:51.522 [DEBUG] [PREDICATE_PUSHDOWN] Expand clause: ''
2026-01-20 17:49:51.522 [DEBUG] [PREDICATE_PUSHDOWN] Set param '$select' = 'app_id,app,db,excluded'
2026-01-20 17:49:51.522 [DEBUG] [PREDICATE_PUSHDOWN] Set param '$filter' = 'app_id%20eq%201'
2026-01-20 17:49:51.522 [DEBUG] [PREDICATE_PUSHDOWN] Final query: '?$filter=app_id%20eq%201&$format=json&$select=app_id,app,db,excluded'
2026-01-20 17:49:51.522 [INFO] [PREDICATE_PUSHDOWN] Updated URL: http://localhost:4444/odata/ADMIN/app?$filter=app_id%20eq%201&$format=json&$select=app_id,app,db,excluded
2026-01-20 17:49:51.522 [DEBUG] [ODATA_READ_BIND] Updated URL: http://localhost:4444/odata/ADMIN/app?$filter=app_id%20eq%201&$format=json&$select=app_id,app,db,excluded
2026-01-20 17:49:51.522 [DEBUG] [ODATA_READ_BIND] PrefetchFirstPage: service_root_mode_ = false
2026-01-20 17:49:51.522 [DEBUG] [ODATA_READ_BIND] PrefetchFirstPage: starting first page fetch
2026-01-20 17:49:51.522 [INFO] [ODATA_CLIENT] Fetching OData request from: http://localhost:4444/odata/ADMIN/app?$filter=app_id%20eq%201&$format=json&$select=app_id,app,db,excluded (get_next: 0)
2026-01-20 17:49:51.522 [INFO] [ODATA_CLIENT] Resolved metadata URL: http://localhost:4444/odata/ADMIN/$metadata
2026-01-20 17:49:51.522 [DEBUG] [ODATA_CLIENT] Using cached metadata, detected version: V4
2026-01-20 17:49:51.522 [DEBUG] [ODATA_CLIENT] Executing HTTP GET request
2026-01-20 17:49:51.522 [DEBUG] [ODATA_CLIENT] DoHttpGet: calling AddInputParametersToUrl
2026-01-20 17:49:51.522 [INFO] [ODATA_CLIENT] AddInputParametersToUrl called with 0 parameters on client at 94622407859456
2026-01-20 17:49:51.522 [INFO] [ODATA_CLIENT] No input parameters to add
2026-01-20 17:49:51.522 [DEBUG] [ODATA_CLIENT] DoHttpGet: URL after input parameters: http://localhost:4444/odata/ADMIN/app?$filter=app_id%20eq%201&$format=json&$select=app_id,app,db,excluded
2026-01-20 17:49:51.522 [INFO] [HTTP_REQUEST_REPRO] Reproduce with: SELECT * FROM http_get('http://localhost:4444/odata/ADMIN/app?$filter=app_id%20eq%201&$format=json&$select=app_id,app,db,excluded', headers := MAP{'Accept': 'application/json;odata.metadata=minimal', 'Authorization': 'Bearer eyJhbGciOiJIUzI1NiJ9.eyJpc3MiOiJodHRwOi8vbG9jYWxob3N0OjQ0NDQiLCJzdWIiOiJ7XCJhY3RpdmVcIjp0cnVlLFwiZXhjbHVkZWRcIjpmYWxzZSxcImZpcnN0X25hbWVcIjpcIlN1cGVyXCIsXCJsYW5nX2lkXCI6MSxcImxhc3RfbmFtZVwiOlwiQWRtaW5cIixcInJvbGVfaWRcIjoxLFwidXNlcl9pZFwiOjEsXCJ1c2VybmFtZVwiOlwicm9vdFwifSIsImF1ZCI6WyJodHRwOi8vbG9jYWxob3N0OjQ0NDQiXSwiZXhwIjoxNzc0MDg0NzU1LjgzMzE4OTcsIm5iZiI6MTc2ODkwMDc1NS44MzMxOTA3LCJpYXQiOjE3Njg5MDA3NTUuODMzMTkwMn0.nKV-u4pSDHrsDNaaPkCnfXSs8jOtofXSggQ-MS5CtQA', 'OData-MaxVersion': '4.0', 'OData-Version': '4.0'}, url_encode := false);
2026-01-20 17:49:51.522 [INFO] [HTTP_REQUEST] Executing GET request to: /odata/ADMIN/app?$filter=app_id%20eq%201&$format=json&$select=app_id,app,db,excluded
2026-01-20 17:49:51.522 [DEBUG] [HTTP_REQUEST] Request headers:
2026-01-20 17:49:51.522 [DEBUG] [HTTP_REQUEST]   Accept: application/json;odata.metadata=minimal
2026-01-20 17:49:51.522 [DEBUG] [HTTP_REQUEST]   Authorization: Bearer eyJhbGciOiJIUzI1NiJ9.eyJpc3MiOiJodHRwOi8vbG9jYWxob3N0OjQ0NDQiLCJzdWIiOiJ7XCJhY3RpdmVcIjp0cnVlLFwiZXhjbHVkZWRcIjpmYWxzZSxcImZpcnN0X25hbWVcIjpcIlN1cGVyXCIsXCJsYW5nX2lkXCI6MSxcImxhc3RfbmFtZVwiOlwiQWRtaW5cIixcInJvbGVfaWRcIjoxLFwidXNlcl9pZFwiOjEsXCJ1c2VybmFtZVwiOlwicm9vdFwifSIsImF1ZCI6WyJodHRwOi8vbG9jYWxob3N0OjQ0NDQiXSwiZXhwIjoxNzc0MDg0NzU1LjgzMzE4OTcsIm5iZiI6MTc2ODkwMDc1NS44MzMxOTA3LCJpYXQiOjE3Njg5MDA3NTUuODMzMTkwMn0.nKV-u4pSDHrsDNaaPkCnfXSs8jOtofXSggQ-MS5CtQA
2026-01-20 17:49:51.522 [DEBUG] [HTTP_REQUEST]   OData-MaxVersion: 4.0
2026-01-20 17:49:51.522 [DEBUG] [HTTP_REQUEST]   OData-Version: 4.0
2026-01-20 17:49:51.537 [INFO] [HTTP_RESPONSE] Response status: 200
2026-01-20 17:49:51.537 [DEBUG] [HTTP_RESPONSE] Response headers:
2026-01-20 17:49:51.537 [DEBUG] [HTTP_RESPONSE]   Access-Control-Allow-Headers: Content-Type, Authorization, enctype
2026-01-20 17:49:51.537 [DEBUG] [HTTP_RESPONSE]   Access-Control-Allow-Methods: GET, POST, PUT, DELETE, OPTIONS
2026-01-20 17:49:51.537 [DEBUG] [HTTP_RESPONSE]   Access-Control-Allow-Origin: *
2026-01-20 17:49:51.537 [DEBUG] [HTTP_RESPONSE]   Content-Length: 164
2026-01-20 17:49:51.537 [DEBUG] [HTTP_RESPONSE]   Content-Type: application/json; charset=utf-8
2026-01-20 17:49:51.537 [DEBUG] [HTTP_RESPONSE]   Date: Tue, 20 Jan 2026 18:49:51 GMT
2026-01-20 17:49:51.537 [DEBUG] [HTTP_RESPONSE]   Odata-Version: 4.0
2026-01-20 17:49:51.537 [DEBUG] [HTTP_RESPONSE]   Vary: Authorization
2026-01-20 17:49:51.537 [DEBUG] [HTTP_RESPONSE] Response body (164 bytes)
2026-01-20 17:49:51.537 [DEBUG] [HTTP_RESPONSE] Response body: {"@odata.context":"localhost:4444/odata/ADMIN/$metadata#app","@odata.count":1,"value":[{"app":"ADMIN","app_id":1,"db":"ADMIN","excluded":false,"username":"root"}]}

2026-01-20 17:49:51.537 [DEBUG] [ODATA_CLIENT] Creating OData response object
2026-01-20 17:49:51.537 [DEBUG] [ODATA_RESPONSE] Created OData entity set response
2026-01-20 17:49:51.537 [DEBUG] [ODATA_RESPONSE] Response content type: application/json; charset=utf-8
2026-01-20 17:49:51.537 [DEBUG] [ODATA_RESPONSE] OData version: V4
2026-01-20 17:49:51.537 [DEBUG] [ODATA_CLIENT] Successfully created OData response
2026-01-20 17:49:51.537 [DEBUG] [ODATA_RESPONSE] Parsing HTTP response content
2026-01-20 17:49:51.537 [DEBUG] [ODATA_RESPONSE] Content type: application/json; charset=utf-8
2026-01-20 17:49:51.537 [DEBUG] [CHARSET_CONVERTER] Detected UTF-8 charset, using UTF-8 converter
2026-01-20 17:49:51.537 [DEBUG] [CHARSET_CONVERTER] Creating charset converter for content type: application/json; charset=utf-8
2026-01-20 17:49:51.537 [DEBUG] [CHARSET_CONVERTER] Charset converter initialized with charset: utf-8
2026-01-20 17:49:51.537 [DEBUG] [CHARSET_CONVERTER] Converting 164 bytes using charset: utf-8
2026-01-20 17:49:51.537 [DEBUG] [CHARSET_CONVERTER] Converting from bytes using charset: utf-8
2026-01-20 17:49:51.537 [DEBUG] [CHARSET_CONVERTER] Using default UTF-8 conversion
2026-01-20 17:49:51.537 [DEBUG] [CHARSET_CONVERTER] Using UTF-8 converter for output
2026-01-20 17:49:51.537 [DEBUG] [ODATA_RESPONSE] Content size: 164 bytes
2026-01-20 17:49:51.537 [DEBUG] [CHARSET_CONVERTER] Detected UTF-8 charset, using UTF-8 converter
2026-01-20 17:49:51.537 [DEBUG] [CHARSET_CONVERTER] Creating charset converter for content type: application/json; charset=utf-8
2026-01-20 17:49:51.537 [DEBUG] [CHARSET_CONVERTER] Charset converter initialized with charset: utf-8
2026-01-20 17:49:51.537 [DEBUG] [CHARSET_CONVERTER] Converting 164 bytes using charset: utf-8
2026-01-20 17:49:51.537 [DEBUG] [CHARSET_CONVERTER] Converting from bytes using charset: utf-8
2026-01-20 17:49:51.537 [DEBUG] [CHARSET_CONVERTER] Using default UTF-8 conversion
2026-01-20 17:49:51.537 [DEBUG] [CHARSET_CONVERTER] Using UTF-8 converter for output
2026-01-20 17:49:51.537 [DEBUG] [ODATA_CONTENT] Creating OData content from response
2026-01-20 17:49:51.537 [DEBUG] [ODATA_CONTENT] Content type: application/json; charset=utf-8
2026-01-20 17:49:51.537 [DEBUG] [ODATA_CONTENT] Content size: 164 bytes
2026-01-20 17:49:51.537 [DEBUG] [DETECT_VERSION] Starting OData version detection
2026-01-20 17:49:51.537 [DEBUG] [DETECT_VERSION] Found 'value' array, detecting as V4
2026-01-20 17:49:51.537 [DEBUG] [ODATA_CONTENT] Detected OData version from response: V4
2026-01-20 17:49:51.537 [DEBUG] [ODATA_CONTENT] Metadata suggested version: V4
2026-01-20 17:49:51.537 [DEBUG] [DETECT_VERSION] Starting OData version detection
2026-01-20 17:49:51.537 [DEBUG] [DETECT_VERSION] Found 'value' array, detecting as V4
2026-01-20 17:49:51.537 [DEBUG] [ODATA_RESPONSE] Successfully parsed content
2026-01-20 17:49:51.537 [DEBUG] [ODATA_CLIENT] Raw metadata context URL: localhost:4444/odata/ADMIN/$metadata#app
2026-01-20 17:49:51.537 [DEBUG] [ODATA_CLIENT] Metadata context fragment: app
2026-01-20 17:49:51.537 [DEBUG] [ODATA_CLIENT] Extracted entity name from fragment: app
2026-01-20 17:49:51.538 [DEBUG] [ODATA_RESPONSE] Returning cached parsed content
2026-01-20 17:49:51.538 [INFO] [ODATA_READ_BIND] Service reported total row count: 1
2026-01-20 17:49:51.538 [INFO] [ODATA_READ_BIND] GetResultNames called - service_root_mode: false
2026-01-20 17:49:51.538 [INFO] [ODATA_READ_BIND] GetResultTypes called - service_root_mode: false
2026-01-20 17:49:51.538 [INFO] [ODATA_READ_BIND] Calling odata_client->GetResultTypes() for metadata
2026-01-20 17:49:51.538 [DEBUG] [ODATA_CLIENT] Using stored metadata context URL: http://localhost:4444/odata/ADMIN/$metadata
2026-01-20 17:49:51.538 [DEBUG] [ODATA_CLIENT] GetCurrentEntitySetType called
2026-01-20 17:49:51.538 [DEBUG] [ODATA_CLIENT] Current URL path: /odata/ADMIN/app
2026-01-20 17:49:51.538 [DEBUG] [ODATA_CLIENT] Input parameters count: 0
2026-01-20 17:49:51.538 [DEBUG] [ODATA_CLIENT] Current entity name from fragment: app
2026-01-20 17:49:51.538 [DEBUG] [ODATA_CLIENT] Using entity name from metadata context fragment: app
2026-01-20 17:49:51.538 [DEBUG] [ODATA_CLIENT] Final entity set name: app
2026-01-20 17:49:51.538 [DEBUG] [ODATA_CLIENT] Using stored metadata context URL: http://localhost:4444/odata/ADMIN/$metadata
2026-01-20 17:49:51.538 [DEBUG] [ODATA_CLIENT] Using stored metadata context URL: http://localhost:4444/odata/ADMIN/$metadata
2026-01-20 17:49:51.538 [DEBUG] [ODATA_RESPONSE] Returning cached parsed content
2026-01-20 17:49:51.538 [DEBUG] [ODATA_READ_BIND] Final combined types size: 12
2026-01-20 17:49:51.538 [DEBUG] [ODATA_RESPONSE] Returning cached parsed content
2026-01-20 17:49:51.538 [DEBUG] [ODATA_TO_ROWS] Starting ToRows with 12 columns
2026-01-20 17:49:51.538 [DEBUG] [GET_VALUE_ARRAY] OData version: V4
2026-01-20 17:49:51.538 [DEBUG] [GET_VALUE_ARRAY] Processing OData v4 structure
2026-01-20 17:49:51.538 [DEBUG] [GET_VALUE_ARRAY] Successfully found v4 value array with 1 items
2026-01-20 17:49:51.538 [DEBUG] [ODATA_TO_ROWS] Found 1 rows in JSON response
2026-01-20 17:49:51.538 [DEBUG] [ODATA_CONTENT] Deserializing JSON value: expected type=INTEGER, actual JSON type=uint
2026-01-20 17:49:51.538 [DEBUG] [ODATA_CONTENT] Deserializing JSON value: expected type=VARCHAR, actual JSON type=string
2026-01-20 17:49:51.538 [DEBUG] [ODATA_CONTENT] Deserializing JSON value: expected type=VARCHAR, actual JSON type=string
2026-01-20 17:49:51.538 [DEBUG] [ODATA_CONTENT] Deserializing JSON value: expected type=BOOLEAN, actual JSON type=false
2026-01-20 17:49:51.538 [DEBUG] [ODATA_TO_ROWS] Total rows processed: 1
2026-01-20 17:49:51.539 [DEBUG] [ODATA_RESPONSE] Returning cached parsed content
2026-01-20 17:49:51.539 [DEBUG] [ODATA_READ_BIND] PrefetchFirstPage: buffered 1 rows, has_next_page=false
2026-01-20 17:49:51.539 [DEBUG] [ODATA_SCAN] Starting OData scan operation
2026-01-20 17:49:51.539 [DEBUG] [ODATA_SCAN] Fetching next result set
2026-01-20 17:49:51.539 [INFO] [ODATA_READ_BIND] GetResultNames called - service_root_mode: false
2026-01-20 17:49:51.539 [INFO] [ODATA_READ_BIND] GetResultTypes called - service_root_mode: false
2026-01-20 17:49:51.539 [DEBUG] [ODATA_READ_BIND] Final combined types size: 12
2026-01-20 17:49:51.539 [INFO] [ODATA_SCAN] Progress: 100.00% (1/1)
2026-01-20 17:49:51.539 [INFO] [ODATA_SCAN] Fetched 1 rows
2026-01-20 17:49:51.539 [DEBUG] [ODATA_SCAN] Starting OData scan operation
2026-01-20 17:49:51.539 [DEBUG] [ODATA_SCAN] No more results available
